ISO-10303-21;
HEADER;
FILE_DESCRIPTION (( 'STEP AP214' ),
    '1' );
FILE_NAME ('HFCG-880+.STEP',
    '2024-10-30T10:42:08',
    ( '' ),
    ( '' ),
    'SwSTEP 2.0',
    'SolidWorks 2024',
    '' );
FILE_SCHEMA (( 'AUTOMOTIVE_DESIGN' ));
ENDSEC;

DATA;
#1 = VECTOR ( 'NONE', #1711, 1000.000000000000000 ) ;
#2 =( NAMED_UNIT ( * ) PLANE_ANGLE_UNIT ( ) SI_UNIT ( $, .RADIAN. ) );
#3 = FACE_OUTER_BOUND ( 'NONE', #23, .T. ) ;
#4 = AXIS2_PLACEMENT_3D ( 'NONE', #1346, #2463, #1132 ) ;
#5 = AXIS2_PLACEMENT_3D ( 'NONE', #1611, #2052, #1243 ) ;
#6 = SURFACE_STYLE_USAGE ( .BOTH. , #2356 ) ;
#7 = ORIENTED_EDGE ( 'NONE', *, *, #2791, .F. ) ;
#8 = CIRCLE ( 'NONE', #1909, 0.1000000000000000472 ) ;
#9 = DIRECTION ( 'NONE',  ( -1.000000000000000000, 0.000000000000000000, 0.000000000000000000 ) ) ;
#10 = SURFACE_STYLE_FILL_AREA ( #1101 ) ;
#11 = AXIS2_PLACEMENT_3D ( 'NONE', #797, #1182, #2766 ) ;
#12 = SURFACE_STYLE_FILL_AREA ( #859 ) ;
#13 = EDGE_CURVE ( 'NONE', #604, #2226, #1190, .T. ) ;
#14 = SURFACE_SIDE_STYLE ('',( #1929 ) ) ;
#15 = SURFACE_STYLE_FILL_AREA ( #229 ) ;
#16 = UNCERTAINTY_MEASURE_WITH_UNIT (LENGTH_MEASURE( 1.000000000000000082E-05 ), #2771, 'distance_accuracy_value', 'NONE');
#17 =( LENGTH_UNIT ( ) NAMED_UNIT ( * ) SI_UNIT ( .MILLI., .METRE. ) );
#18 = CARTESIAN_POINT ( 'NONE',  ( -0.1499999999999999667, 0.9000000000000000222, 0.5749999999999999556 ) ) ;
#19 = DIRECTION ( 'NONE',  ( -0.000000000000000000, -1.000000000000000000, -0.000000000000000000 ) ) ;
#20 = ORIENTED_EDGE ( 'NONE', *, *, #430, .T. ) ;
#21 = DIRECTION ( 'NONE',  ( 0.000000000000000000, 0.000000000000000000, -1.000000000000000000 ) ) ;
#22 = SURFACE_SIDE_STYLE ('',( #1294 ) ) ;
#23 = EDGE_LOOP ( 'NONE', ( #307, #940, #1478, #911 ) ) ;
#24 = ORIENTED_EDGE ( 'NONE', *, *, #1189, .F. ) ;
#25 = ADVANCED_FACE ( 'NONE', ( #384 ), #2741, .T. ) ;
#26 = DIRECTION ( 'NONE',  ( 1.000000000000000000, 0.000000000000000000, 0.000000000000000000 ) ) ;
#27 = AXIS2_PLACEMENT_3D ( 'NONE', #1651, #2188, #1281 ) ;
#28 = AXIS2_PLACEMENT_3D ( 'NONE', #1977, #662, #623 ) ;
#29 = EDGE_CURVE ( 'NONE', #1917, #349, #2697, .T. ) ;
#30 = VECTOR ( 'NONE', #2491, 1000.000000000000000 ) ;
#31 = CARTESIAN_POINT ( 'NONE',  ( 0.7999999999999999334, 0.05000000000000002359, 0.6250000000000000000 ) ) ;
#32 = ORIENTED_EDGE ( 'NONE', *, *, #1922, .F. ) ;
#33 = EDGE_CURVE ( 'NONE', #2051, #679, #1556, .T. ) ;
#34 = CARTESIAN_POINT ( 'NONE',  ( -0.9499999999999999556, 0.05000000000000002359, 0.6250000000000000000 ) ) ;
#35 = LINE ( 'NONE', #2624, #2359 ) ;
#36 = VERTEX_POINT ( 'NONE', #156 ) ;
#37 = PLANE ( 'NONE',  #2688 ) ;
#38 = FACE_OUTER_BOUND ( 'NONE', #2184, .T. ) ;
#39 = ORIENTED_EDGE ( 'NONE', *, *, #923, .T. ) ;
#40 = ORIENTED_EDGE ( 'NONE', *, *, #2460, .F. ) ;
#41 = UNCERTAINTY_MEASURE_WITH_UNIT (LENGTH_MEASURE( 1.000000000000000082E-05 ), #913, 'distance_accuracy_value', 'NONE');
#42 = SURFACE_SIDE_STYLE ('',( #2645 ) ) ;
#43 = AXIS2_PLACEMENT_3D ( 'NONE', #1363, #2060, #720 ) ;
#44 = EDGE_CURVE ( 'NONE', #604, #1163, #576, .T. ) ;
#45 = AXIS2_PLACEMENT_3D ( 'NONE', #500, #1158, #1614 ) ;
#46 = SURFACE_SIDE_STYLE ('',( #1382 ) ) ;
#47 = AXIS2_PLACEMENT_3D ( 'NONE', #2263, #538, #2518 ) ;
#48 = ORIENTED_EDGE ( 'NONE', *, *, #1741, .F. ) ;
#49 = VECTOR ( 'NONE', #827, 1000.000000000000000 ) ;
#50 = PLANE ( 'NONE',  #2240 ) ;
#51 = DIRECTION ( 'NONE',  ( -0.000000000000000000, 0.000000000000000000, 1.000000000000000000 ) ) ;
#52 = DIRECTION ( 'NONE',  ( 0.000000000000000000, 0.000000000000000000, -1.000000000000000000 ) ) ;
#53 = ORIENTED_EDGE ( 'NONE', *, *, #1015, .T. ) ;
#54 = VECTOR ( 'NONE', #761, 1000.000000000000000 ) ;
#55 = CARTESIAN_POINT ( 'NONE',  ( -0.1499999999999999667, 0.05000000000000002359, 0.6250000000000000000 ) ) ;
#56 = VECTOR ( 'NONE', #897, 1000.000000000000000 ) ;
#57 = CARTESIAN_POINT ( 'NONE',  ( 0.5999999999999999778, 0.000000000000000000, -0.4249999999999999334 ) ) ;
#58 = ORIENTED_EDGE ( 'NONE', *, *, #2011, .F. ) ;
#59 = EDGE_LOOP ( 'NONE', ( #887, #2115, #377, #96 ) ) ;
#60 = DIRECTION ( 'NONE',  ( 0.000000000000000000, 0.000000000000000000, -1.000000000000000000 ) ) ;
#61 = EDGE_CURVE ( 'NONE', #2324, #1881, #1452, .T. ) ;
#62 = SPHERICAL_SURFACE ( 'NONE', #932, 0.05000000000000000278 ) ;
#63 = ORIENTED_EDGE ( 'NONE', *, *, #600, .T. ) ;
#64 = CARTESIAN_POINT ( 'NONE',  ( 0.7999999999999999334, 0.9000000000000000222, -0.5749999999999999556 ) ) ;
#65 =( NAMED_UNIT ( * ) PLANE_ANGLE_UNIT ( ) SI_UNIT ( $, .RADIAN. ) );
#66 = ORIENTED_EDGE ( 'NONE', *, *, #1240, .T. ) ;
#67 = DIRECTION ( 'NONE',  ( 1.000000000000000000, 0.000000000000000000, 0.000000000000000000 ) ) ;
#68 = FILL_AREA_STYLE_COLOUR ( '', #931 ) ;
#69 = ORIENTED_EDGE ( 'NONE', *, *, #770, .F. ) ;
#70 = ORIENTED_EDGE ( 'NONE', *, *, #844, .F. ) ;
#71 = PRESENTATION_STYLE_ASSIGNMENT (( #106 ) ) ;
#72 = AXIS2_PLACEMENT_3D ( 'NONE', #1869, #562, #2775 ) ;
#73 = VECTOR ( 'NONE', #67, 1000.000000000000000 ) ;
#74 = CARTESIAN_POINT ( 'NONE',  ( 0.7999999999999999334, 0.05000000000000000278, 0.5749999999999999556 ) ) ;
#75 = MECHANICAL_DESIGN_GEOMETRIC_PRESENTATION_REPRESENTATION (  '', ( #1194 ), #299 ) ;
#76 = ADVANCED_FACE ( 'NONE', ( #2335 ), #369, .F. ) ;
#77 = PRESENTATION_STYLE_ASSIGNMENT (( #1331 ) ) ;
#78 = LINE ( 'NONE', #2638, #145 ) ;
#79 = PRESENTATION_LAYER_ASSIGNMENT (  '', '', ( #2516 ) ) ;
#80 = CARTESIAN_POINT ( 'NONE',  ( 0.9499999999999999556, 0.000000000000000000, 0.6250000000000000000 ) ) ;
#81 = EDGE_LOOP ( 'NONE', ( #1911, #1330, #439, #435 ) ) ;
#82 = EDGE_CURVE ( 'NONE', #928, #678, #2461, .T. ) ;
#83 = CARTESIAN_POINT ( 'NONE',  ( 0.000000000000000000, 0.000000000000000000, 0.000000000000000000 ) ) ;
#84 = CARTESIAN_POINT ( 'NONE',  ( 0.1499999999999999667, 0.000000000000000000, 0.000000000000000000 ) ) ;
#85 = DIRECTION ( 'NONE',  ( 1.000000000000000000, 0.000000000000000000, 0.000000000000000000 ) ) ;
#86 = EDGE_LOOP ( 'NONE', ( #1864, #2557, #1759 ) ) ;
#87 = VERTEX_POINT ( 'NONE', #2743 ) ;
#88 = PLANE ( 'NONE',  #2426 ) ;
#89 = ADVANCED_FACE ( 'NONE', ( #174 ), #2316, .T. ) ;
#90 = CARTESIAN_POINT ( 'NONE',  ( 0.1499999999999999667, 0.05000000000000002359, 0.6250000000000000000 ) ) ;
#91 = VECTOR ( 'NONE', #85, 1000.000000000000000 ) ;
#92 = VECTOR ( 'NONE', #2009, 1000.000000000000000 ) ;
#93 = LINE ( 'NONE', #486, #1454 ) ;
#94 = CARTESIAN_POINT ( 'NONE',  ( 0.4999999999999997780, 0.9000000000000000222, -0.6250000000000000000 ) ) ;
#95 = VECTOR ( 'NONE', #1399, 1000.000000000000000 ) ;
#96 = ORIENTED_EDGE ( 'NONE', *, *, #770, .T. ) ;
#97 =( GEOMETRIC_REPRESENTATION_CONTEXT ( 3 ) GLOBAL_UNCERTAINTY_ASSIGNED_CONTEXT ( ( #2138 ) ) GLOBAL_UNIT_ASSIGNED_CONTEXT ( ( #2140, #2165, #628 ) ) REPRESENTATION_CONTEXT ( 'NONE', 'WORKASPACE' ) );
#98 = FACE_OUTER_BOUND ( 'NONE', #2303, .T. ) ;
#99 = CARTESIAN_POINT ( 'NONE',  ( -0.6000000000000000888, 0.9499999999999999556, 0.4250000000000000444 ) ) ;
#100 = CIRCLE ( 'NONE', #1991, 0.1000000000000000472 ) ;
#101 = CARTESIAN_POINT ( 'NONE',  ( -0.9499999999999999556, 0.000000000000000000, 0.5749999999999999556 ) ) ;
#102 = EDGE_CURVE ( 'NONE', #2374, #2193, #1056, .T. ) ;
#103 = ORIENTED_EDGE ( 'NONE', *, *, #1439, .F. ) ;
#104 = AXIS2_PLACEMENT_3D ( 'NONE', #969, #368, #987 ) ;
#105 = VERTEX_POINT ( 'NONE', #2118 ) ;
#106 = SURFACE_STYLE_USAGE ( .BOTH. , #296 ) ;
#107 =( NAMED_UNIT ( * ) PLANE_ANGLE_UNIT ( ) SI_UNIT ( $, .RADIAN. ) );
#108 = DIRECTION ( 'NONE',  ( 0.000000000000000000, 0.000000000000000000, 1.000000000000000000 ) ) ;
#109 = CARTESIAN_POINT ( 'NONE',  ( 0.000000000000000000, 0.9499999999999999556, -0.1499999999999999944 ) ) ;
#110 = ORIENTED_EDGE ( 'NONE', *, *, #875, .F. ) ;
#111 = CARTESIAN_POINT ( 'NONE',  ( 0.7999999999999999334, 0.9000000000000000222, 0.5749999999999999556 ) ) ;
#112 =( LENGTH_UNIT ( ) NAMED_UNIT ( * ) SI_UNIT ( .MILLI., .METRE. ) );
#113 = ORIENTED_EDGE ( 'NONE', *, *, #2445, .F. ) ;
#114 = EDGE_CURVE ( 'NONE', #879, #1886, #2285, .T. ) ;
#115 = ORIENTED_EDGE ( 'NONE', *, *, #2780, .T. ) ;
#116 = CIRCLE ( 'NONE', #732, 0.05000000000000002359 ) ;
#117 = EDGE_CURVE ( 'NONE', #2523, #2579, #2728, .T. ) ;
#118 = CARTESIAN_POINT ( 'NONE',  ( -0.1500000000000001887, 0.05000000000000002359, -0.6250000000000000000 ) ) ;
#119 = DIRECTION ( 'NONE',  ( 0.000000000000000000, 0.000000000000000000, -1.000000000000000000 ) ) ;
#120 = AXIS2_PLACEMENT_3D ( 'NONE', #2522, #367, #1199 ) ;
#121 = ORIENTED_EDGE ( 'NONE', *, *, #565, .T. ) ;
#122 = ADVANCED_FACE ( 'NONE', ( #187 ), #577, .T. ) ;
#123 = CARTESIAN_POINT ( 'NONE',  ( -0.04999999999999996808, 0.000000000000000000, -0.4249999999999999334 ) ) ;
#124 = ORIENTED_EDGE ( 'NONE', *, *, #114, .T. ) ;
#125 =( GEOMETRIC_REPRESENTATION_CONTEXT ( 3 ) GLOBAL_UNCERTAINTY_ASSIGNED_CONTEXT ( ( #1020 ) ) GLOBAL_UNIT_ASSIGNED_CONTEXT ( ( #750, #2545, #175 ) ) REPRESENTATION_CONTEXT ( 'NONE', 'WORKASPACE' ) );
#126 = CARTESIAN_POINT ( 'NONE',  ( 0.5000000000000000000, 0.9000000000000000222, 0.5749999999999999556 ) ) ;
#127 = FILL_AREA_STYLE_COLOUR ( '', #1843 ) ;
#128 = ORIENTED_EDGE ( 'NONE', *, *, #1610, .T. ) ;
#129 = CARTESIAN_POINT ( 'NONE',  ( -0.9499999999999999556, 0.9000000000000000222, -0.5749999999999999556 ) ) ;
#130 = EDGE_CURVE ( 'NONE', #1877, #392, #2151, .T. ) ;
#131 = ADVANCED_BREP_SHAPE_REPRESENTATION ( 'HFCG-880+', ( #2179, #1766 ), #2125 ) ;
#132 = DIRECTION ( 'NONE',  ( -0.000000000000000000, 1.000000000000000000, -0.000000000000000000 ) ) ;
#133 = FACE_OUTER_BOUND ( 'NONE', #1522, .T. ) ;
#134 = ORIENTED_EDGE ( 'NONE', *, *, #1038, .F. ) ;
#135 = PRESENTATION_LAYER_ASSIGNMENT (  '', '', ( #479 ) ) ;
#136 = CARTESIAN_POINT ( 'NONE',  ( 0.000000000000000000, 0.000000000000000000, -0.3249999999999999001 ) ) ;
#137 = MECHANICAL_DESIGN_GEOMETRIC_PRESENTATION_REPRESENTATION (  '', ( #2123 ), #2037 ) ;
#138 = FACE_OUTER_BOUND ( 'NONE', #856, .T. ) ;
#139 = AXIS2_PLACEMENT_3D ( 'NONE', #18, #1742, #388 ) ;
#140 = DIRECTION ( 'NONE',  ( 1.000000000000000000, 0.000000000000000000, 0.000000000000000000 ) ) ;
#141 = LINE ( 'NONE', #1235, #1650 ) ;
#142 = AXIS2_PLACEMENT_3D ( 'NONE', #943, #2242, #955 ) ;
#143 = DIRECTION ( 'NONE',  ( 5.421010862427539919E-16, 0.000000000000000000, 1.000000000000000000 ) ) ;
#144 = VERTEX_POINT ( 'NONE', #1915 ) ;
#145 = VECTOR ( 'NONE', #1370, 1000.000000000000000 ) ;
#146 = CARTESIAN_POINT ( 'NONE',  ( -0.6000000000000000888, 0.9499999999999999556, -0.4250000000000000444 ) ) ;
#147 = AXIS2_PLACEMENT_3D ( 'NONE', #2606, #247, #2365 ) ;
#148 = EDGE_CURVE ( 'NONE', #2021, #2420, #1790, .T. ) ;
#149 = DIRECTION ( 'NONE',  ( 0.000000000000000000, 0.000000000000000000, -1.000000000000000000 ) ) ;
#150 = DIRECTION ( 'NONE',  ( 1.000000000000000000, 0.000000000000000000, 0.000000000000000000 ) ) ;
#151 = ORIENTED_EDGE ( 'NONE', *, *, #399, .T. ) ;
#152 = EDGE_CURVE ( 'NONE', #2699, #769, #141, .T. ) ;
#153 = FILL_AREA_STYLE_COLOUR ( '', #1656 ) ;
#154 = CARTESIAN_POINT ( 'NONE',  ( -0.9499999999999999556, 0.9000000000000000222, 0.6250000000000000000 ) ) ;
#155 = DIRECTION ( 'NONE',  ( -1.000000000000000000, 0.000000000000000000, 0.000000000000000000 ) ) ;
#156 = CARTESIAN_POINT ( 'NONE',  ( -0.6999999999999992895, 0.000000000000000000, 0.3250000000000000666 ) ) ;
#157 =( NAMED_UNIT ( * ) SI_UNIT ( $, .STERADIAN. ) SOLID_ANGLE_UNIT ( ) );
#158 = LINE ( 'NONE', #608, #2598 ) ;
#159 = EDGE_LOOP ( 'NONE', ( #1715, #386, #1979, #1133, #1560, #493, #1179, #2777, #1630, #1409, #2006, #2128, #1785, #2093, #2558, #1268, #517, #537, #601, #1868, #1842, #2430, #2213, #329, #63, #2174, #181, #2239, #722, #1019, #1960, #1834, #903, #702, #1010, #1546, #124, #1594, #251, #2594 ) ) ;
#160 = EDGE_CURVE ( 'NONE', #1752, #2001, #1683, .T. ) ;
#161 = UNCERTAINTY_MEASURE_WITH_UNIT (LENGTH_MEASURE( 1.000000000000000082E-05 ), #1419, 'distance_accuracy_value', 'NONE');
#162 = PLANE ( 'NONE',  #1124 ) ;
#163 = SURFACE_SIDE_STYLE ('',( #994 ) ) ;
#164 = DIRECTION ( 'NONE',  ( -1.000000000000000000, 0.000000000000000000, 0.000000000000000000 ) ) ;
#165 = ORIENTED_EDGE ( 'NONE', *, *, #1928, .T. ) ;
#166 = MECHANICAL_DESIGN_GEOMETRIC_PRESENTATION_REPRESENTATION (  '', ( #2506 ), #2736 ) ;
#167 = FACE_OUTER_BOUND ( 'NONE', #586, .T. ) ;
#168 = ORIENTED_EDGE ( 'NONE', *, *, #1140, .T. ) ;
#169 = CARTESIAN_POINT ( 'NONE',  ( -0.5000000000000000000, 0.9499999999999999556, -0.6250000000000000000 ) ) ;
#170 = CARTESIAN_POINT ( 'NONE',  ( -0.7999999999999999334, 0.9499999999999999556, 0.000000000000000000 ) ) ;
#171 = EDGE_CURVE ( 'NONE', #1121, #1549, #548, .T. ) ;
#172 = DIRECTION ( 'NONE',  ( -1.000000000000000000, 0.000000000000000000, 0.000000000000000000 ) ) ;
#173 = COLOUR_RGB ( '',0.6666666666666666297, 0.6980392156862744724, 0.7686274509803920907 ) ;
#174 = FACE_OUTER_BOUND ( 'NONE', #584, .T. ) ;
#175 =( NAMED_UNIT ( * ) SI_UNIT ( $, .STERADIAN. ) SOLID_ANGLE_UNIT ( ) );
#176 = VECTOR ( 'NONE', #1344, 1000.000000000000000 ) ;
#177 = ORIENTED_EDGE ( 'NONE', *, *, #2588, .F. ) ;
#178 = LINE ( 'NONE', #1829, #935 ) ;
#179 = CARTESIAN_POINT ( 'NONE',  ( 0.000000000000000000, 0.9499999999999999556, 0.3250000000000000666 ) ) ;
#180 = LINE ( 'NONE', #1446, #1265 ) ;
#181 = ORIENTED_EDGE ( 'NONE', *, *, #267, .T. ) ;
#182 = ORIENTED_EDGE ( 'NONE', *, *, #1383, .F. ) ;
#183 = FACE_OUTER_BOUND ( 'NONE', #2071, .T. ) ;
#184 = LINE ( 'NONE', #574, #2208 ) ;
#185 = VECTOR ( 'NONE', #1057, 1000.000000000000000 ) ;
#186 = AXIS2_PLACEMENT_3D ( 'NONE', #1572, #2026, #1559 ) ;
#187 = FACE_OUTER_BOUND ( 'NONE', #273, .T. ) ;
#188 = EDGE_CURVE ( 'NONE', #764, #945, #590, .T. ) ;
#189 = AXIS2_PLACEMENT_3D ( 'NONE', #2687, #1460, #752 ) ;
#190 = PRESENTATION_LAYER_ASSIGNMENT (  '', '', ( #1675 ) ) ;
#191 = EDGE_LOOP ( 'NONE', ( #2538, #1152, #1866, #505 ) ) ;
#192 = LINE ( 'NONE', #2789, #1429 ) ;
#193 = LINE ( 'NONE', #2590, #2124 ) ;
#194 = MECHANICAL_DESIGN_GEOMETRIC_PRESENTATION_REPRESENTATION (  '', ( #1627 ), #318 ) ;
#195 = AXIS2_PLACEMENT_3D ( 'NONE', #715, #261, #1832 ) ;
#196 = DIRECTION ( 'NONE',  ( 0.000000000000000000, 0.000000000000000000, -1.000000000000000000 ) ) ;
#197 = DIRECTION ( 'NONE',  ( -1.000000000000000000, 0.000000000000000000, 0.000000000000000000 ) ) ;
#198 = VERTEX_POINT ( 'NONE', #1667 ) ;
#199 = VECTOR ( 'NONE', #1301, 1000.000000000000000 ) ;
#200 = LINE ( 'NONE', #657, #783 ) ;
#201 = FILL_AREA_STYLE ('',( #1001 ) ) ;
#202 = DIRECTION ( 'NONE',  ( 0.000000000000000000, -1.000000000000000000, 0.000000000000000000 ) ) ;
#203 = ORIENTED_EDGE ( 'NONE', *, *, #1804, .F. ) ;
#204 = EDGE_CURVE ( 'NONE', #2267, #929, #1695, .T. ) ;
#205 = DIRECTION ( 'NONE',  ( 0.000000000000000000, -1.000000000000000000, 0.000000000000000000 ) ) ;
#206 = EDGE_CURVE ( 'NONE', #771, #2267, #1374, .T. ) ;
#207 = PLANE ( 'NONE',  #147 ) ;
#208 = ORIENTED_EDGE ( 'NONE', *, *, #1597, .T. ) ;
#209 = DIRECTION ( 'NONE',  ( -1.000000000000000000, 0.000000000000000000, 0.000000000000000000 ) ) ;
#210 = CARTESIAN_POINT ( 'NONE',  ( -0.1500000000000001887, 0.000000000000000000, -0.5749999999999999556 ) ) ;
#211 = AXIS2_PLACEMENT_3D ( 'NONE', #806, #2713, #348 ) ;
#212 = EDGE_LOOP ( 'NONE', ( #2295, #2644, #1416, #1005 ) ) ;
#213 = VECTOR ( 'NONE', #1616, 1000.000000000000000 ) ;
#214 = DIRECTION ( 'NONE',  ( -1.000000000000000000, 0.000000000000000000, 2.168404344971008079E-15 ) ) ;
#215 = SURFACE_STYLE_USAGE ( .BOTH. , #2189 ) ;
#216 = ORIENTED_EDGE ( 'NONE', *, *, #2004, .T. ) ;
#217 = VECTOR ( 'NONE', #1571, 1000.000000000000000 ) ;
#218 = CIRCLE ( 'NONE', #342, 0.05000000000000002359 ) ;
#219 = DIRECTION ( 'NONE',  ( 0.000000000000000000, 0.000000000000000000, 1.000000000000000000 ) ) ;
#220 = ADVANCED_FACE ( 'NONE', ( #228 ), #835, .T. ) ;
#221 = SURFACE_STYLE_FILL_AREA ( #1071 ) ;
#222 = LINE ( 'NONE', #1530, #2482 ) ;
#223 = ORIENTED_EDGE ( 'NONE', *, *, #2387, .T. ) ;
#224 = FACE_OUTER_BOUND ( 'NONE', #794, .T. ) ;
#225 =( LENGTH_UNIT ( ) NAMED_UNIT ( * ) SI_UNIT ( .MILLI., .METRE. ) );
#226 = CARTESIAN_POINT ( 'NONE',  ( 0.9499999999999998446, 0.9499999999999999556, -0.6250000000000000000 ) ) ;
#227 = ORIENTED_EDGE ( 'NONE', *, *, #2066, .F. ) ;
#228 = FACE_OUTER_BOUND ( 'NONE', #1322, .T. ) ;
#229 = FILL_AREA_STYLE ('',( #1510 ) ) ;
#230 = VERTEX_POINT ( 'NONE', #436 ) ;
#231 = MECHANICAL_DESIGN_GEOMETRIC_PRESENTATION_REPRESENTATION (  '', ( #2706 ), #620 ) ;
#232 = FACE_OUTER_BOUND ( 'NONE', #1480, .T. ) ;
#233 = CIRCLE ( 'NONE', #313, 0.05000000000000002359 ) ;
#234 = AXIS2_PLACEMENT_3D ( 'NONE', #2031, #292, #2255 ) ;
#235 = CARTESIAN_POINT ( 'NONE',  ( -0.9499999999999999556, 0.9499999999999999556, -0.5749999999999998446 ) ) ;
#236 = CARTESIAN_POINT ( 'NONE',  ( -0.5000000000000000000, 0.9499999999999999556, -0.5749999999999999556 ) ) ;
#237 = ORIENTED_EDGE ( 'NONE', *, *, #2119, .T. ) ;
#238 = AXIS2_PLACEMENT_3D ( 'NONE', #1878, #1850, #1231 ) ;
#239 = EDGE_CURVE ( 'NONE', #764, #2005, #2105, .T. ) ;
#240 =( LENGTH_UNIT ( ) NAMED_UNIT ( * ) SI_UNIT ( .MILLI., .METRE. ) );
#241 = DIRECTION ( 'NONE',  ( 1.000000000000000000, 0.000000000000000000, 0.000000000000000000 ) ) ;
#242 = ORIENTED_EDGE ( 'NONE', *, *, #2137, .F. ) ;
#243 = ADVANCED_FACE ( 'NONE', ( #2388 ), #1496, .T. ) ;
#244 = LINE ( 'NONE', #1094, #1879 ) ;
#245 = UNCERTAINTY_MEASURE_WITH_UNIT (LENGTH_MEASURE( 1.000000000000000082E-05 ), #112, 'distance_accuracy_value', 'NONE');
#246 = DIRECTION ( 'NONE',  ( 0.000000000000000000, -1.000000000000000000, 0.000000000000000000 ) ) ;
#247 = DIRECTION ( 'NONE',  ( 0.000000000000000000, -1.000000000000000000, 0.000000000000000000 ) ) ;
#248 = ORIENTED_EDGE ( 'NONE', *, *, #2534, .F. ) ;
#249 = DIRECTION ( 'NONE',  ( 1.000000000000000000, -0.000000000000000000, -0.000000000000000000 ) ) ;
#250 = SURFACE_STYLE_USAGE ( .BOTH. , #2639 ) ;
#251 = ORIENTED_EDGE ( 'NONE', *, *, #975, .T. ) ;
#252 = DIRECTION ( 'NONE',  ( -1.000000000000000000, 0.000000000000000000, -0.000000000000000000 ) ) ;
#253 =( NAMED_UNIT ( * ) SI_UNIT ( $, .STERADIAN. ) SOLID_ANGLE_UNIT ( ) );
#254 = AXIS2_PLACEMENT_3D ( 'NONE', #1467, #2756, #140 ) ;
#255 = ADVANCED_FACE ( 'NONE', ( #1308 ), #1942, .F. ) ;
#256 = LINE ( 'NONE', #852, #1523 ) ;
#257 = PRESENTATION_LAYER_ASSIGNMENT (  '', '', ( #2340 ) ) ;
#258 = PRESENTATION_LAYER_ASSIGNMENT (  '', '', ( #609 ) ) ;
#259 = ORIENTED_EDGE ( 'NONE', *, *, #1054, .T. ) ;
#260 = FACE_OUTER_BOUND ( 'NONE', #2143, .T. ) ;
#261 = DIRECTION ( 'NONE',  ( 0.000000000000000000, -1.000000000000000000, 0.000000000000000000 ) ) ;
#262 = CYLINDRICAL_SURFACE ( 'NONE', #1122, 0.05000000000000002359 ) ;
#263 = VERTEX_POINT ( 'NONE', #2148 ) ;
#264 = DIRECTION ( 'NONE',  ( 0.000000000000000000, 0.000000000000000000, 1.000000000000000000 ) ) ;
#265 = EDGE_LOOP ( 'NONE', ( #682, #1988, #1302, #1605 ) ) ;
#266 = ORIENTED_EDGE ( 'NONE', *, *, #320, .T. ) ;
#267 = EDGE_CURVE ( 'NONE', #1881, #1184, #1606, .T. ) ;
#268 = FILL_AREA_STYLE ('',( #1786 ) ) ;
#269 = AXIS2_PLACEMENT_3D ( 'NONE', #2392, #1313, #2181 ) ;
#270 = COLOUR_RGB ( '',0.6666666666666666297, 0.6980392156862744724, 0.7686274509803920907 ) ;
#271 = DIRECTION ( 'NONE',  ( -1.000000000000000000, 0.000000000000000000, 0.000000000000000000 ) ) ;
#272 = COLOUR_RGB ( '',1.000000000000000000, 1.000000000000000000, 1.000000000000000000 ) ;
#273 = EDGE_LOOP ( 'NONE', ( #1526, #816, #1352, #974 ) ) ;
#274 = DIRECTION ( 'NONE',  ( 0.000000000000000000, -0.000000000000000000, -1.000000000000000000 ) ) ;
#275 = CARTESIAN_POINT ( 'NONE',  ( -1.000000000000000000, 0.05000000000000002359, -0.5749999999999999556 ) ) ;
#276 = ORIENTED_EDGE ( 'NONE', *, *, #2514, .T. ) ;
#277 = MECHANICAL_DESIGN_GEOMETRIC_PRESENTATION_REPRESENTATION (  '', ( #2627 ), #533 ) ;
#278 = SPHERICAL_SURFACE ( 'NONE', #1885, 0.05000000000000000278 ) ;
#279 = LINE ( 'NONE', #84, #2040 ) ;
#280 = ORIENTED_EDGE ( 'NONE', *, *, #315, .F. ) ;
#281 = STYLED_ITEM ( 'NONE', ( #1316 ), #1826 ) ;
#282 = ORIENTED_EDGE ( 'NONE', *, *, #1193, .T. ) ;
#283 =( NAMED_UNIT ( * ) SI_UNIT ( $, .STERADIAN. ) SOLID_ANGLE_UNIT ( ) );
#284 = ADVANCED_FACE ( 'NONE', ( #1509 ), #37, .T. ) ;
#285 = DIRECTION ( 'NONE',  ( 1.000000000000000000, 0.000000000000000000, 0.000000000000000000 ) ) ;
#286 = EDGE_CURVE ( 'NONE', #1163, #2382, #2002, .T. ) ;
#287 = FILL_AREA_STYLE ('',( #2436 ) ) ;
#288 = SURFACE_STYLE_FILL_AREA ( #1792 ) ;
#289 = DIRECTION ( 'NONE',  ( 1.000000000000000000, 0.000000000000000000, 0.000000000000000000 ) ) ;
#290 = ORIENTED_EDGE ( 'NONE', *, *, #13, .T. ) ;
#291 = LINE ( 'NONE', #502, #1603 ) ;
#292 = DIRECTION ( 'NONE',  ( 0.000000000000000000, -1.000000000000000000, 0.000000000000000000 ) ) ;
#293 = EDGE_CURVE ( 'NONE', #1926, #2413, #291, .T. ) ;
#294 = ORIENTED_EDGE ( 'NONE', *, *, #350, .T. ) ;
#295 = ORIENTED_EDGE ( 'NONE', *, *, #430, .F. ) ;
#296 = SURFACE_SIDE_STYLE ('',( #973 ) ) ;
#297 = CIRCLE ( 'NONE', #829, 0.05000000000000002359 ) ;
#298 = CARTESIAN_POINT ( 'NONE',  ( 0.9499999999999998446, 0.9000000000000000222, -0.5749999999999999556 ) ) ;
#299 =( GEOMETRIC_REPRESENTATION_CONTEXT ( 3 ) GLOBAL_UNCERTAINTY_ASSIGNED_CONTEXT ( ( #403 ) ) GLOBAL_UNIT_ASSIGNED_CONTEXT ( ( #1115, #699, #512 ) ) REPRESENTATION_CONTEXT ( 'NONE', 'WORKASPACE' ) );
#300 = EDGE_CURVE ( 'NONE', #501, #2413, #2059, .T. ) ;
#301 = STYLED_ITEM ( 'NONE', ( #889 ), #891 ) ;
#302 = EDGE_LOOP ( 'NONE', ( #1874, #462, #223, #1841, #1591, #564 ) ) ;
#303 = DIRECTION ( 'NONE',  ( -1.000000000000000000, 0.000000000000000000, 4.336808689942016158E-15 ) ) ;
#304 =( NAMED_UNIT ( * ) PLANE_ANGLE_UNIT ( ) SI_UNIT ( $, .RADIAN. ) );
#305 = PLANE ( 'NONE',  #1577 ) ;
#306 = EDGE_LOOP ( 'NONE', ( #611, #280, #341, #560 ) ) ;
#307 = ORIENTED_EDGE ( 'NONE', *, *, #706, .F. ) ;
#308 = DIRECTION ( 'NONE',  ( 1.000000000000000000, 0.000000000000000000, 0.000000000000000000 ) ) ;
#309 = VECTOR ( 'NONE', #1851, 1000.000000000000000 ) ;
#310 = DIRECTION ( 'NONE',  ( 0.000000000000000000, -1.000000000000000000, 0.000000000000000000 ) ) ;
#311 = AXIS2_PLACEMENT_3D ( 'NONE', #455, #712, #892 ) ;
#312 = DIRECTION ( 'NONE',  ( 0.000000000000000000, 0.000000000000000000, -1.000000000000000000 ) ) ;
#313 = AXIS2_PLACEMENT_3D ( 'NONE', #982, #390, #1462 ) ;
#314 = ORIENTED_EDGE ( 'NONE', *, *, #1461, .T. ) ;
#315 = EDGE_CURVE ( 'NONE', #1291, #2005, #1373, .T. ) ;
#316 = LINE ( 'NONE', #2440, #1151 ) ;
#317 = CYLINDRICAL_SURFACE ( 'NONE', #1168, 0.05000000000000002359 ) ;
#318 =( GEOMETRIC_REPRESENTATION_CONTEXT ( 3 ) GLOBAL_UNCERTAINTY_ASSIGNED_CONTEXT ( ( #245 ) ) GLOBAL_UNIT_ASSIGNED_CONTEXT ( ( #112, #719, #1679 ) ) REPRESENTATION_CONTEXT ( 'NONE', 'WORKASPACE' ) );
#319 = CYLINDRICAL_SURFACE ( 'NONE', #2477, 0.05000000000000002359 ) ;
#320 = EDGE_CURVE ( 'NONE', #769, #2523, #297, .T. ) ;
#321 = ORIENTED_EDGE ( 'NONE', *, *, #2092, .T. ) ;
#322 = EDGE_LOOP ( 'NONE', ( #1664, #828, #2367, #1948 ) ) ;
#323 = DIRECTION ( 'NONE',  ( 0.000000000000000000, -1.000000000000000000, 0.000000000000000000 ) ) ;
#324 = MECHANICAL_DESIGN_GEOMETRIC_PRESENTATION_REPRESENTATION (  '', ( #1775 ), #1040 ) ;
#325 = ORIENTED_EDGE ( 'NONE', *, *, #725, .F. ) ;
#326 = DIRECTION ( 'NONE',  ( 1.000000000000000000, 0.000000000000000000, -0.000000000000000000 ) ) ;
#327 = CARTESIAN_POINT ( 'NONE',  ( 0.6999999999999998446, 0.000000000000000000, 0.3250000000000000111 ) ) ;
#328 =( NAMED_UNIT ( * ) PLANE_ANGLE_UNIT ( ) SI_UNIT ( $, .RADIAN. ) );
#329 = ORIENTED_EDGE ( 'NONE', *, *, #875, .T. ) ;
#330 = SURFACE_STYLE_USAGE ( .BOTH. , #1910 ) ;
#331 = FILL_AREA_STYLE ('',( #704 ) ) ;
#332 = CARTESIAN_POINT ( 'NONE',  ( 0.000000000000000000, 0.000000000000000000, 0.3250000000000000666 ) ) ;
#333 = ORIENTED_EDGE ( 'NONE', *, *, #1995, .T. ) ;
#334 = ADVANCED_FACE ( 'NONE', ( #912 ), #2427, .T. ) ;
#335 = DIRECTION ( 'NONE',  ( -1.000000000000000000, 0.000000000000000000, 0.000000000000000000 ) ) ;
#336 = ORIENTED_EDGE ( 'NONE', *, *, #2011, .T. ) ;
#337 = DIRECTION ( 'NONE',  ( 0.000000000000000000, -1.000000000000000000, 0.000000000000000000 ) ) ;
#338 = CARTESIAN_POINT ( 'NONE',  ( 0.000000000000000000, 0.9000000000000000222, -0.5749999999999999556 ) ) ;
#339 = DIRECTION ( 'NONE',  ( 0.000000000000000000, 0.000000000000000000, -1.000000000000000000 ) ) ;
#340 =( GEOMETRIC_REPRESENTATION_CONTEXT ( 3 ) GLOBAL_UNCERTAINTY_ASSIGNED_CONTEXT ( ( #16 ) ) GLOBAL_UNIT_ASSIGNED_CONTEXT ( ( #2771, #1061, #1952 ) ) REPRESENTATION_CONTEXT ( 'NONE', 'WORKASPACE' ) );
#341 = ORIENTED_EDGE ( 'NONE', *, *, #1707, .F. ) ;
#342 = AXIS2_PLACEMENT_3D ( 'NONE', #672, #2012, #2651 ) ;
#343 = LINE ( 'NONE', #1633, #917 ) ;
#344 = ORIENTED_EDGE ( 'NONE', *, *, #1648, .F. ) ;
#345 = FACE_OUTER_BOUND ( 'NONE', #86, .T. ) ;
#346 =( LENGTH_UNIT ( ) NAMED_UNIT ( * ) SI_UNIT ( .MILLI., .METRE. ) );
#347 = ORIENTED_EDGE ( 'NONE', *, *, #936, .T. ) ;
#348 = DIRECTION ( 'NONE',  ( 0.000000000000000000, 0.000000000000000000, -1.000000000000000000 ) ) ;
#349 = VERTEX_POINT ( 'NONE', #2656 ) ;
#350 = EDGE_CURVE ( 'NONE', #928, #1447, #2254, .T. ) ;
#351 = DIRECTION ( 'NONE',  ( 0.000000000000000000, 0.000000000000000000, -1.000000000000000000 ) ) ;
#352 = LINE ( 'NONE', #1008, #983 ) ;
#353 = VERTEX_POINT ( 'NONE', #460 ) ;
#354 = CIRCLE ( 'NONE', #2299, 0.1000000000000000472 ) ;
#355 = CARTESIAN_POINT ( 'NONE',  ( 1.000000000000000000, 0.9000000000000000222, -0.5749999999999999556 ) ) ;
#356 = DIRECTION ( 'NONE',  ( -0.000000000000000000, 0.000000000000000000, 1.000000000000000000 ) ) ;
#357 = AXIS2_PLACEMENT_3D ( 'NONE', #1657, #1440, #2701 ) ;
#358 =( NAMED_UNIT ( * ) PLANE_ANGLE_UNIT ( ) SI_UNIT ( $, .RADIAN. ) );
#359 = VERTEX_POINT ( 'NONE', #1574 ) ;
#360 = PRESENTATION_LAYER_ASSIGNMENT (  '', '', ( #2764 ) ) ;
#361 = EDGE_CURVE ( 'NONE', #87, #2293, #1147, .T. ) ;
#362 = DIRECTION ( 'NONE',  ( 0.000000000000000000, 0.000000000000000000, -1.000000000000000000 ) ) ;
#363 = EDGE_CURVE ( 'NONE', #578, #904, #1793, .T. ) ;
#364 = FACE_OUTER_BOUND ( 'NONE', #599, .T. ) ;
#365 = DIRECTION ( 'NONE',  ( 4.065758146820655433E-16, 0.000000000000000000, 1.000000000000000000 ) ) ;
#366 = ORIENTED_EDGE ( 'NONE', *, *, #1747, .F. ) ;
#367 = DIRECTION ( 'NONE',  ( 1.000000000000000000, 0.000000000000000000, -0.000000000000000000 ) ) ;
#368 = DIRECTION ( 'NONE',  ( -0.000000000000000000, 1.000000000000000000, -0.000000000000000000 ) ) ;
#369 = PLANE ( 'NONE',  #1930 ) ;
#370 = ORIENTED_EDGE ( 'NONE', *, *, #2760, .F. ) ;
#371 = UNCERTAINTY_MEASURE_WITH_UNIT (LENGTH_MEASURE( 1.000000000000000082E-05 ), #346, 'distance_accuracy_value', 'NONE');
#372 = CARTESIAN_POINT ( 'NONE',  ( 0.1499999999999999667, 0.9499999999999999556, -0.5749999999999999556 ) ) ;
#373 = DIRECTION ( 'NONE',  ( -0.000000000000000000, 1.000000000000000000, -0.000000000000000000 ) ) ;
#374 = CIRCLE ( 'NONE', #1513, 0.09999999999999993616 ) ;
#375 = FACE_OUTER_BOUND ( 'NONE', #2635, .T. ) ;
#376 = DIRECTION ( 'NONE',  ( 0.000000000000000000, 1.000000000000000000, 0.000000000000000000 ) ) ;
#377 = ORIENTED_EDGE ( 'NONE', *, *, #448, .T. ) ;
#378 = EDGE_CURVE ( 'NONE', #1252, #693, #2510, .T. ) ;
#379 = CARTESIAN_POINT ( 'NONE',  ( 0.000000000000000000, 0.9499999999999999556, 0.000000000000000000 ) ) ;
#380 = ORIENTED_EDGE ( 'NONE', *, *, #2654, .F. ) ;
#381 = DIRECTION ( 'NONE',  ( 0.000000000000000000, 0.000000000000000000, 1.000000000000000000 ) ) ;
#382 = PRESENTATION_LAYER_ASSIGNMENT (  '', '', ( #1968 ) ) ;
#383 = FILL_AREA_STYLE ('',( #1162 ) ) ;
#384 = FACE_OUTER_BOUND ( 'NONE', #2470, .T. ) ;
#385 =( GEOMETRIC_REPRESENTATION_CONTEXT ( 3 ) GLOBAL_UNCERTAINTY_ASSIGNED_CONTEXT ( ( #1259 ) ) GLOBAL_UNIT_ASSIGNED_CONTEXT ( ( #1341, #2, #2152 ) ) REPRESENTATION_CONTEXT ( 'NONE', 'WORKASPACE' ) );
#386 = ORIENTED_EDGE ( 'NONE', *, *, #1804, .T. ) ;
#387 =( LENGTH_UNIT ( ) NAMED_UNIT ( * ) SI_UNIT ( .MILLI., .METRE. ) );
#388 = DIRECTION ( 'NONE',  ( 0.000000000000000000, 0.000000000000000000, 1.000000000000000000 ) ) ;
#389 = DIRECTION ( 'NONE',  ( 1.000000000000000000, 0.000000000000000000, -0.000000000000000000 ) ) ;
#390 = DIRECTION ( 'NONE',  ( -0.000000000000000000, -1.000000000000000000, 0.000000000000000000 ) ) ;
#391 = EDGE_LOOP ( 'NONE', ( #1615, #1113, #833, #999 ) ) ;
#392 = VERTEX_POINT ( 'NONE', #1348 ) ;
#393 = DIRECTION ( 'NONE',  ( -1.000000000000000000, 0.000000000000000000, 0.000000000000000000 ) ) ;
#394 = CARTESIAN_POINT ( 'NONE',  ( -1.000000000000000000, 0.000000000000000000, 0.5749999999999999556 ) ) ;
#395 = ADVANCED_FACE ( 'NONE', ( #98 ), #941, .F. ) ;
#396 = AXIS2_PLACEMENT_3D ( 'NONE', #1026, #799, #2113 ) ;
#397 = DIRECTION ( 'NONE',  ( -1.000000000000000000, 0.000000000000000000, 0.000000000000000000 ) ) ;
#398 = CYLINDRICAL_SURFACE ( 'NONE', #416, 0.05000000000000002359 ) ;
#399 = EDGE_CURVE ( 'NONE', #988, #359, #1654, .T. ) ;
#400 = ORIENTED_EDGE ( 'NONE', *, *, #152, .T. ) ;
#401 = AXIS2_PLACEMENT_3D ( 'NONE', #2488, #164, #540 ) ;
#402 = AXIS2_PLACEMENT_3D ( 'NONE', #2749, #132, #149 ) ;
#403 = UNCERTAINTY_MEASURE_WITH_UNIT (LENGTH_MEASURE( 1.000000000000000082E-05 ), #1115, 'distance_accuracy_value', 'NONE');
#404 = PRESENTATION_STYLE_ASSIGNMENT (( #1222 ) ) ;
#405 = CIRCLE ( 'NONE', #104, 0.1000000000000000472 ) ;
#406 = VECTOR ( 'NONE', #51, 1000.000000000000000 ) ;
#407 = ORIENTED_EDGE ( 'NONE', *, *, #1442, .T. ) ;
#408 = DIRECTION ( 'NONE',  ( -0.000000000000000000, 1.000000000000000000, -0.000000000000000000 ) ) ;
#409 = LINE ( 'NONE', #2173, #669 ) ;
#410 = FILL_AREA_STYLE ('',( #1713 ) ) ;
#411 = DIRECTION ( 'NONE',  ( 0.000000000000000000, 0.000000000000000000, -1.000000000000000000 ) ) ;
#412 = ORIENTED_EDGE ( 'NONE', *, *, #1934, .T. ) ;
#413 = EDGE_CURVE ( 'NONE', #424, #2484, #316, .T. ) ;
#414 = CARTESIAN_POINT ( 'NONE',  ( -0.9499999999999999556, 0.05000000000000000278, 0.5749999999999999556 ) ) ;
#415 = FILL_AREA_STYLE_COLOUR ( '', #1131 ) ;
#416 = AXIS2_PLACEMENT_3D ( 'NONE', #2744, #1668, #1456 ) ;
#417 = CARTESIAN_POINT ( 'NONE',  ( 0.9499999999999999556, 0.05000000000000000278, 0.5749999999999999556 ) ) ;
#418 = VERTEX_POINT ( 'NONE', #1118 ) ;
#419 = FACE_OUTER_BOUND ( 'NONE', #1820, .T. ) ;
#420 = CYLINDRICAL_SURFACE ( 'NONE', #1587, 0.05000000000000002359 ) ;
#421 = DIRECTION ( 'NONE',  ( 0.000000000000000000, 0.000000000000000000, 1.000000000000000000 ) ) ;
#422 = VECTOR ( 'NONE', #1483, 1000.000000000000000 ) ;
#423 = CYLINDRICAL_SURFACE ( 'NONE', #1055, 0.05000000000000002359 ) ;
#424 = VERTEX_POINT ( 'NONE', #490 ) ;
#425 = CIRCLE ( 'NONE', #2692, 0.09999999999999999167 ) ;
#426 = CARTESIAN_POINT ( 'NONE',  ( -0.8000000000000001554, 0.05000000000000002359, -0.6250000000000000000 ) ) ;
#427 = DIRECTION ( 'NONE',  ( 0.000000000000000000, 0.000000000000000000, 1.000000000000000000 ) ) ;
#428 = ADVANCED_FACE ( 'NONE', ( #2215 ), #278, .T. ) ;
#429 = DIRECTION ( 'NONE',  ( -1.000000000000000000, -0.000000000000000000, -0.000000000000000000 ) ) ;
#430 = EDGE_CURVE ( 'NONE', #2787, #988, #746, .T. ) ;
#431 = ORIENTED_EDGE ( 'NONE', *, *, #621, .F. ) ;
#432 = PRESENTATION_STYLE_ASSIGNMENT (( #617 ) ) ;
#433 =( NAMED_UNIT ( * ) PLANE_ANGLE_UNIT ( ) SI_UNIT ( $, .RADIAN. ) );
#434 =( LENGTH_UNIT ( ) NAMED_UNIT ( * ) SI_UNIT ( .MILLI., .METRE. ) );
#435 = ORIENTED_EDGE ( 'NONE', *, *, #1070, .F. ) ;
#436 = CARTESIAN_POINT ( 'NONE',  ( -0.6000000000000007550, 0.000000000000000000, -0.3249999999999999001 ) ) ;
#437 =( NAMED_UNIT ( * ) PLANE_ANGLE_UNIT ( ) SI_UNIT ( $, .RADIAN. ) );
#438 = CIRCLE ( 'NONE', #2029, 0.1000000000000000472 ) ;
#439 = ORIENTED_EDGE ( 'NONE', *, *, #1582, .F. ) ;
#440 = AXIS2_PLACEMENT_3D ( 'NONE', #1618, #534, #1405 ) ;
#441 = MECHANICAL_DESIGN_GEOMETRIC_PRESENTATION_REPRESENTATION (  '', ( #1395 ), #1721 ) ;
#442 = DIRECTION ( 'NONE',  ( 1.000000000000000000, 0.000000000000000000, 0.000000000000000000 ) ) ;
#443 = SURFACE_STYLE_USAGE ( .BOTH. , #1945 ) ;
#444 = COLOUR_RGB ( '',0.6666666666666666297, 0.6980392156862744724, 0.7686274509803920907 ) ;
#445 = DIRECTION ( 'NONE',  ( 0.000000000000000000, 1.000000000000000000, -0.000000000000000000 ) ) ;
#446 = ORIENTED_EDGE ( 'NONE', *, *, #1588, .F. ) ;
#447 = AXIS2_PLACEMENT_3D ( 'NONE', #2160, #1494, #1710 ) ;
#448 = EDGE_CURVE ( 'NONE', #2715, #469, #1821, .T. ) ;
#449 = CARTESIAN_POINT ( 'NONE',  ( 0.000000000000000000, 0.9499999999999999556, 0.3250000000000000666 ) ) ;
#450 = CARTESIAN_POINT ( 'NONE',  ( -0.9499999999999999556, 0.9499999999999999556, 0.5749999999999999556 ) ) ;
#451 = ORIENTED_EDGE ( 'NONE', *, *, #477, .F. ) ;
#452 = LINE ( 'NONE', #1324, #1286 ) ;
#453 = UNCERTAINTY_MEASURE_WITH_UNIT (LENGTH_MEASURE( 1.000000000000000082E-05 ), #1436, 'distance_accuracy_value', 'NONE');
#454 = LINE ( 'NONE', #1944, #785 ) ;
#455 = CARTESIAN_POINT ( 'NONE',  ( -0.6000000000000000888, 0.000000000000000000, -0.4249999999999999334 ) ) ;
#456 = ORIENTED_EDGE ( 'NONE', *, *, #1995, .F. ) ;
#457 = FILL_AREA_STYLE_COLOUR ( '', #1658 ) ;
#458 = VERTEX_POINT ( 'NONE', #2280 ) ;
#459 = ADVANCED_FACE ( 'NONE', ( #167 ), #1646, .T. ) ;
#460 = CARTESIAN_POINT ( 'NONE',  ( 0.5999999999999999778, 0.9499999999999999556, 0.3250000000000000111 ) ) ;
#461 = CYLINDRICAL_SURFACE ( 'NONE', #1052, 0.05000000000000002359 ) ;
#462 = ORIENTED_EDGE ( 'NONE', *, *, #1114, .T. ) ;
#463 = COLOUR_RGB ( '',0.6666666666666666297, 0.6980392156862744724, 0.7686274509803920907 ) ;
#464 = ORIENTED_EDGE ( 'NONE', *, *, #1861, .T. ) ;
#465 = VECTOR ( 'NONE', #249, 1000.000000000000000 ) ;
#466 = COLOUR_RGB ( '',1.000000000000000000, 0.000000000000000000, 0.000000000000000000 ) ;
#467 =( LENGTH_UNIT ( ) NAMED_UNIT ( * ) SI_UNIT ( .MILLI., .METRE. ) );
#468 = STYLED_ITEM ( 'NONE', ( #71 ), #980 ) ;
#469 = VERTEX_POINT ( 'NONE', #355 ) ;
#470 = FACE_OUTER_BOUND ( 'NONE', #2489, .T. ) ;
#471 = ORIENTED_EDGE ( 'NONE', *, *, #2473, .F. ) ;
#472 = DIRECTION ( 'NONE',  ( -1.000000000000000000, 0.000000000000000000, 4.336808689942016158E-15 ) ) ;
#473 = EDGE_CURVE ( 'NONE', #2517, #1691, #1849, .T. ) ;
#474 = PRESENTATION_STYLE_ASSIGNMENT (( #2270 ) ) ;
#475 = ORIENTED_EDGE ( 'NONE', *, *, #1189, .T. ) ;
#476 = ORIENTED_EDGE ( 'NONE', *, *, #1228, .T. ) ;
#477 = EDGE_CURVE ( 'NONE', #501, #1364, #343, .T. ) ;
#478 = DIRECTION ( 'NONE',  ( 0.000000000000000000, -1.000000000000000000, 0.000000000000000000 ) ) ;
#479 = STYLED_ITEM ( 'NONE', ( #619 ), #2393 ) ;
#480 = VECTOR ( 'NONE', #1892, 1000.000000000000000 ) ;
#481 = FACE_OUTER_BOUND ( 'NONE', #191, .T. ) ;
#482 = VECTOR ( 'NONE', #285, 1000.000000000000000 ) ;
#483 = SURFACE_STYLE_USAGE ( .BOTH. , #1093 ) ;
#484 = EDGE_CURVE ( 'NONE', #1465, #886, #2268, .T. ) ;
#485 = CARTESIAN_POINT ( 'NONE',  ( -0.6000000000000000888, 0.000000000000000000, 0.4250000000000000444 ) ) ;
#486 = CARTESIAN_POINT ( 'NONE',  ( -1.000000000000000000, 0.9000000000000000222, -0.6250000000000000000 ) ) ;
#487 = CARTESIAN_POINT ( 'NONE',  ( -0.9499999999999999556, 0.05000000000000002359, 0.5749999999999999556 ) ) ;
#488 = ORIENTED_EDGE ( 'NONE', *, *, #2137, .T. ) ;
#489 = VECTOR ( 'NONE', #602, 1000.000000000000000 ) ;
#490 = CARTESIAN_POINT ( 'NONE',  ( -1.000000000000000000, 0.05000000000000002359, -0.5749999999999998446 ) ) ;
#491 = CARTESIAN_POINT ( 'NONE',  ( 0.1499999999999999667, 0.9499999999999999556, 0.4250000000000007105 ) ) ;
#492 = DIRECTION ( 'NONE',  ( 0.000000000000000000, 0.000000000000000000, 1.000000000000000000 ) ) ;
#493 = ORIENTED_EDGE ( 'NONE', *, *, #1422, .T. ) ;
#494 = ORIENTED_EDGE ( 'NONE', *, *, #1964, .F. ) ;
#495 = CYLINDRICAL_SURFACE ( 'NONE', #1938, 0.05000000000000002359 ) ;
#496 = ADVANCED_FACE ( 'NONE', ( #2724, #1229 ), #2057, .F. ) ;
#497 =( NAMED_UNIT ( * ) SI_UNIT ( $, .STERADIAN. ) SOLID_ANGLE_UNIT ( ) );
#498 = LINE ( 'NONE', #937, #217 ) ;
#499 = DIRECTION ( 'NONE',  ( 1.000000000000000000, 0.000000000000000000, -0.000000000000000000 ) ) ;
#500 = CARTESIAN_POINT ( 'NONE',  ( 0.000000000000000000, 0.9000000000000000222, -0.5749999999999999556 ) ) ;
#501 = VERTEX_POINT ( 'NONE', #1464 ) ;
#502 = CARTESIAN_POINT ( 'NONE',  ( 0.000000000000000000, 0.9499999999999999556, 0.5749999999999999556 ) ) ;
#503 = PRESENTATION_STYLE_ASSIGNMENT (( #1576 ) ) ;
#504 = FACE_OUTER_BOUND ( 'NONE', #212, .T. ) ;
#505 = ORIENTED_EDGE ( 'NONE', *, *, #160, .T. ) ;
#506 = ORIENTED_EDGE ( 'NONE', *, *, #1845, .F. ) ;
#507 = DIRECTION ( 'NONE',  ( 1.000000000000000000, -0.000000000000000000, -0.000000000000000000 ) ) ;
#508 = VECTOR ( 'NONE', #990, 1000.000000000000000 ) ;
#509 = EDGE_CURVE ( 'NONE', #1465, #1447, #2087, .T. ) ;
#510 = DIRECTION ( 'NONE',  ( 0.000000000000000000, 0.000000000000000000, 1.000000000000000000 ) ) ;
#511 = MECHANICAL_DESIGN_GEOMETRIC_PRESENTATION_REPRESENTATION (  '', ( #1295 ), #340 ) ;
#512 =( NAMED_UNIT ( * ) SI_UNIT ( $, .STERADIAN. ) SOLID_ANGLE_UNIT ( ) );
#513 = ADVANCED_FACE ( 'NONE', ( #556 ), #2507, .F. ) ;
#514 = DIRECTION ( 'NONE',  ( 1.000000000000000000, 0.000000000000000000, -0.000000000000000000 ) ) ;
#515 = CIRCLE ( 'NONE', #834, 0.05000000000000002359 ) ;
#516 = DIRECTION ( 'NONE',  ( 0.000000000000000000, 0.000000000000000000, -1.000000000000000000 ) ) ;
#517 = ORIENTED_EDGE ( 'NONE', *, *, #44, .T. ) ;
#518 = DIRECTION ( 'NONE',  ( 0.000000000000000000, 0.000000000000000000, 1.000000000000000000 ) ) ;
#519 = VERTEX_POINT ( 'NONE', #1433 ) ;
#520 = VERTEX_POINT ( 'NONE', #968 ) ;
#521 = PRESENTATION_STYLE_ASSIGNMENT (( #1827 ) ) ;
#522 = ORIENTED_EDGE ( 'NONE', *, *, #2760, .T. ) ;
#523 = CARTESIAN_POINT ( 'NONE',  ( 0.5000000000000000000, 0.000000000000000000, -0.4250000000000005995 ) ) ;
#524 =( GEOMETRIC_REPRESENTATION_CONTEXT ( 3 ) GLOBAL_UNCERTAINTY_ASSIGNED_CONTEXT ( ( #2500 ) ) GLOBAL_UNIT_ASSIGNED_CONTEXT ( ( #2409, #2612, #2146 ) ) REPRESENTATION_CONTEXT ( 'NONE', 'WORKASPACE' ) );
#525 = VECTOR ( 'NONE', #516, 1000.000000000000000 ) ;
#526 = CARTESIAN_POINT ( 'NONE',  ( 0.000000000000000000, 0.9000000000000000222, 0.5749999999999999556 ) ) ;
#527 = CIRCLE ( 'NONE', #139, 0.05000000000000002359 ) ;
#528 = SURFACE_STYLE_USAGE ( .BOTH. , #2666 ) ;
#529 = AXIS2_PLACEMENT_3D ( 'NONE', #417, #1745, #655 ) ;
#530 = ORIENTED_EDGE ( 'NONE', *, *, #114, .F. ) ;
#531 = ADVANCED_FACE ( 'NONE', ( #2478 ), #1251, .T. ) ;
#532 = DIRECTION ( 'NONE',  ( 0.000000000000000000, 0.000000000000000000, -1.000000000000000000 ) ) ;
#533 =( GEOMETRIC_REPRESENTATION_CONTEXT ( 3 ) GLOBAL_UNCERTAINTY_ASSIGNED_CONTEXT ( ( #795 ) ) GLOBAL_UNIT_ASSIGNED_CONTEXT ( ( #225, #673, #2195 ) ) REPRESENTATION_CONTEXT ( 'NONE', 'WORKASPACE' ) );
#534 = DIRECTION ( 'NONE',  ( -1.000000000000000000, 0.000000000000000000, 0.000000000000000000 ) ) ;
#535 = FILL_AREA_STYLE ('',( #127 ) ) ;
#536 = VECTOR ( 'NONE', #196, 1000.000000000000000 ) ;
#537 = ORIENTED_EDGE ( 'NONE', *, *, #286, .T. ) ;
#538 = DIRECTION ( 'NONE',  ( -1.000000000000000000, 0.000000000000000000, 0.000000000000000000 ) ) ;
#539 = CARTESIAN_POINT ( 'NONE',  ( -0.5000000000000000000, 0.000000000000000000, -0.4250000000000005995 ) ) ;
#540 = DIRECTION ( 'NONE',  ( 0.000000000000000000, 0.000000000000000000, 1.000000000000000000 ) ) ;
#541 = ORIENTED_EDGE ( 'NONE', *, *, #2204, .F. ) ;
#542 = DIRECTION ( 'NONE',  ( 0.000000000000000000, 0.000000000000000000, -1.000000000000000000 ) ) ;
#543 = ORIENTED_EDGE ( 'NONE', *, *, #1368, .F. ) ;
#544 = DIRECTION ( 'NONE',  ( -1.000000000000000000, 0.000000000000000000, 0.000000000000000000 ) ) ;
#545 = LINE ( 'NONE', #2033, #2664 ) ;
#546 = ADVANCED_FACE ( 'NONE', ( #224 ), #1267, .T. ) ;
#547 = FILL_AREA_STYLE_COLOUR ( '', #1835 ) ;
#548 = LINE ( 'NONE', #2544, #779 ) ;
#549 = DIRECTION ( 'NONE',  ( 0.000000000000000000, 0.000000000000000000, -1.000000000000000000 ) ) ;
#550 = ORIENTED_EDGE ( 'NONE', *, *, #473, .F. ) ;
#551 = CARTESIAN_POINT ( 'NONE',  ( -0.5000000000000000000, 0.9000000000000000222, -0.6250000000000000000 ) ) ;
#552 = AXIS2_PLACEMENT_3D ( 'NONE', #2453, #303, #2694 ) ;
#553 = CARTESIAN_POINT ( 'NONE',  ( 1.000000000000000000, 0.9499999999999999556, 0.6250000000000000000 ) ) ;
#554 = EDGE_LOOP ( 'NONE', ( #1037, #1552, #1258, #1117, #2203, #992 ) ) ;
#555 = MECHANICAL_DESIGN_GEOMETRIC_PRESENTATION_REPRESENTATION (  '', ( #301 ), #2157 ) ;
#556 = FACE_OUTER_BOUND ( 'NONE', #2730, .T. ) ;
#557 = EDGE_LOOP ( 'NONE', ( #1334, #626, #2027, #1781 ) ) ;
#558 = SPHERICAL_SURFACE ( 'NONE', #1770, 0.05000000000000000278 ) ;
#559 = CARTESIAN_POINT ( 'NONE',  ( -0.6000000000000007550, 0.9499999999999999556, -0.3250000000000000111 ) ) ;
#560 = ORIENTED_EDGE ( 'NONE', *, *, #188, .F. ) ;
#561 = EDGE_CURVE ( 'NONE', #2609, #2772, #1279, .T. ) ;
#562 = DIRECTION ( 'NONE',  ( -1.000000000000000000, -0.000000000000000000, -0.000000000000000000 ) ) ;
#563 = DIRECTION ( 'NONE',  ( 0.000000000000000000, 1.000000000000000000, -2.168404344971007685E-15 ) ) ;
#564 = ORIENTED_EDGE ( 'NONE', *, *, #1495, .T. ) ;
#565 = EDGE_CURVE ( 'NONE', #2452, #1752, #2566, .T. ) ;
#566 = FACE_OUTER_BOUND ( 'NONE', #1963, .T. ) ;
#567 = FILL_AREA_STYLE ('',( #2519 ) ) ;
#568 = CARTESIAN_POINT ( 'NONE',  ( -0.7999999999999999334, 0.9499999999999999556, -0.1499999999999999944 ) ) ;
#569 = ORIENTED_EDGE ( 'NONE', *, *, #1561, .F. ) ;
#570 =( GEOMETRIC_REPRESENTATION_CONTEXT ( 3 ) GLOBAL_UNCERTAINTY_ASSIGNED_CONTEXT ( ( #371 ) ) GLOBAL_UNIT_ASSIGNED_CONTEXT ( ( #346, #2297, #1466 ) ) REPRESENTATION_CONTEXT ( 'NONE', 'WORKASPACE' ) );
#571 = EDGE_CURVE ( 'NONE', #1570, #693, #1075, .T. ) ;
#572 = DIRECTION ( 'NONE',  ( -0.000000000000000000, -0.000000000000000000, -1.000000000000000000 ) ) ;
#573 = DIRECTION ( 'NONE',  ( 1.000000000000000000, 0.000000000000000000, 0.000000000000000000 ) ) ;
#574 = CARTESIAN_POINT ( 'NONE',  ( 0.000000000000000000, 0.9499999999999999556, -0.5749999999999999556 ) ) ;
#575 = MECHANICAL_DESIGN_GEOMETRIC_PRESENTATION_REPRESENTATION (  '', ( #2668 ), #1765 ) ;
#576 = LINE ( 'NONE', #1233, #1239 ) ;
#577 = CYLINDRICAL_SURFACE ( 'NONE', #1244, 0.05000000000000002359 ) ;
#578 = VERTEX_POINT ( 'NONE', #2398 ) ;
#579 = PRESENTATION_LAYER_ASSIGNMENT (  '', '', ( #2627 ) ) ;
#580 = AXIS2_PLACEMENT_3D ( 'NONE', #2211, #700, #938 ) ;
#581 = CARTESIAN_POINT ( 'NONE',  ( -1.000000000000000000, 0.05000000000000002359, -0.6250000000000000000 ) ) ;
#582 = EDGE_CURVE ( 'NONE', #359, #1692, #200, .T. ) ;
#583 = DIRECTION ( 'NONE',  ( -1.000000000000000000, -0.000000000000000000, -0.000000000000000000 ) ) ;
#584 = EDGE_LOOP ( 'NONE', ( #456, #541, #1734, #914 ) ) ;
#585 = CARTESIAN_POINT ( 'NONE',  ( -1.000000000000000000, 0.9499999999999999556, 0.6250000000000000000 ) ) ;
#586 = EDGE_LOOP ( 'NONE', ( #2738, #530, #2072, #1811 ) ) ;
#587 = DIRECTION ( 'NONE',  ( 1.000000000000000000, -0.000000000000000000, -0.000000000000000000 ) ) ;
#588 = CARTESIAN_POINT ( 'NONE',  ( -1.000000000000000000, 0.9499999999999999556, -0.6250000000000000000 ) ) ;
#589 = ORIENTED_EDGE ( 'NONE', *, *, #670, .T. ) ;
#590 = LINE ( 'NONE', #1469, #508 ) ;
#591 = PRESENTATION_STYLE_ASSIGNMENT (( #1017 ) ) ;
#592 = ORIENTED_EDGE ( 'NONE', *, *, #1900, .F. ) ;
#593 = PRESENTATION_LAYER_ASSIGNMENT (  '', '', ( #1554 ) ) ;
#594 = CARTESIAN_POINT ( 'NONE',  ( 0.000000000000000000, 0.9499999999999999556, 0.000000000000000000 ) ) ;
#595 = PRESENTATION_STYLE_ASSIGNMENT (( #443 ) ) ;
#596 = ADVANCED_FACE ( 'NONE', ( #419 ), #1303, .T. ) ;
#597 = DIRECTION ( 'NONE',  ( 0.000000000000000000, 0.000000000000000000, 1.000000000000000000 ) ) ;
#598 = DIRECTION ( 'NONE',  ( 0.000000000000000000, -1.000000000000000000, 0.000000000000000000 ) ) ;
#599 = EDGE_LOOP ( 'NONE', ( #266, #1192, #1343, #1059 ) ) ;
#600 = EDGE_CURVE ( 'NONE', #2693, #2324, #425, .T. ) ;
#601 = ORIENTED_EDGE ( 'NONE', *, *, #1323, .T. ) ;
#602 = DIRECTION ( 'NONE',  ( 1.000000000000000000, 0.000000000000000000, 0.000000000000000000 ) ) ;
#603 =( GEOMETRIC_REPRESENTATION_CONTEXT ( 3 ) GLOBAL_UNCERTAINTY_ASSIGNED_CONTEXT ( ( #1458 ) ) GLOBAL_UNIT_ASSIGNED_CONTEXT ( ( #1865, #1663, #2326 ) ) REPRESENTATION_CONTEXT ( 'NONE', 'WORKASPACE' ) );
#604 = VERTEX_POINT ( 'NONE', #2581 ) ;
#605 = EDGE_LOOP ( 'NONE', ( #1644, #716, #103, #1394 ) ) ;
#606 = VECTOR ( 'NONE', #507, 1000.000000000000000 ) ;
#607 = CARTESIAN_POINT ( 'NONE',  ( 0.1499999999999999667, 0.9499999999999999556, -0.6250000000000000000 ) ) ;
#608 = CARTESIAN_POINT ( 'NONE',  ( -0.8000000000000002665, 0.9499999999999999556, 4.336808689942033020E-16 ) ) ;
#609 = STYLED_ITEM ( 'NONE', ( #521 ), #991 ) ;
#610 = ORIENTED_EDGE ( 'NONE', *, *, #1323, .F. ) ;
#611 = ORIENTED_EDGE ( 'NONE', *, *, #239, .T. ) ;
#612 = EDGE_CURVE ( 'NONE', #2643, #1200, #634, .T. ) ;
#613 = FACE_OUTER_BOUND ( 'NONE', #1965, .T. ) ;
#614 = SURFACE_SIDE_STYLE ('',( #2779 ) ) ;
#615 = CARTESIAN_POINT ( 'NONE',  ( 0.7999999999999999334, 0.05000000000000002359, 0.6250000000000000000 ) ) ;
#616 = ORIENTED_EDGE ( 'NONE', *, *, #1355, .F. ) ;
#617 = SURFACE_STYLE_USAGE ( .BOTH. , #2343 ) ;
#618 = CARTESIAN_POINT ( 'NONE',  ( 0.1499999999999999667, 0.05000000000000002359, -0.5749999999999999556 ) ) ;
#619 = PRESENTATION_STYLE_ASSIGNMENT (( #2133 ) ) ;
#620 =( GEOMETRIC_REPRESENTATION_CONTEXT ( 3 ) GLOBAL_UNCERTAINTY_ASSIGNED_CONTEXT ( ( #1772 ) ) GLOBAL_UNIT_ASSIGNED_CONTEXT ( ( #1014, #2525, #1254 ) ) REPRESENTATION_CONTEXT ( 'NONE', 'WORKASPACE' ) );
#621 = EDGE_CURVE ( 'NONE', #922, #1137, #2380, .T. ) ;
#622 = CIRCLE ( 'NONE', #978, 0.05000000000000002359 ) ;
#623 = DIRECTION ( 'NONE',  ( 1.000000000000000000, 0.000000000000000000, 0.000000000000000000 ) ) ;
#624 = CARTESIAN_POINT ( 'NONE',  ( 0.000000000000000000, 0.9000000000000000222, 0.5749999999999999556 ) ) ;
#625 = PRESENTATION_LAYER_ASSIGNMENT (  '', '', ( #2668 ) ) ;
#626 = ORIENTED_EDGE ( 'NONE', *, *, #1950, .F. ) ;
#627 = DIRECTION ( 'NONE',  ( 1.000000000000000000, 0.000000000000000000, 0.000000000000000000 ) ) ;
#628 =( NAMED_UNIT ( * ) SI_UNIT ( $, .STERADIAN. ) SOLID_ANGLE_UNIT ( ) );
#629 = VECTOR ( 'NONE', #2493, 1000.000000000000000 ) ;
#630 = AXIS2_PLACEMENT_3D ( 'NONE', #338, #2096, #1212 ) ;
#631 = CARTESIAN_POINT ( 'NONE',  ( 0.6000000000000007550, 0.000000000000000000, 0.3250000000000000666 ) ) ;
#632 = DIRECTION ( 'NONE',  ( -1.000000000000000000, -0.000000000000000000, 0.000000000000000000 ) ) ;
#633 = VERTEX_POINT ( 'NONE', #1924 ) ;
#634 = LINE ( 'NONE', #449, #2155 ) ;
#635 = FILL_AREA_STYLE_COLOUR ( '', #2443 ) ;
#636 = CARTESIAN_POINT ( 'NONE',  ( 0.1499999999999999667, 0.9499999999999999556, 0.5749999999999999556 ) ) ;
#637 = ADVANCED_FACE ( 'NONE', ( #1506 ), #2368, .F. ) ;
#638 = ADVANCED_FACE ( 'NONE', ( #260 ), #50, .F. ) ;
#639 = FILL_AREA_STYLE_COLOUR ( '', #1813 ) ;
#640 = DIRECTION ( 'NONE',  ( 1.000000000000000000, 0.000000000000000000, 0.000000000000000000 ) ) ;
#641 =( GEOMETRIC_REPRESENTATION_CONTEXT ( 3 ) GLOBAL_UNCERTAINTY_ASSIGNED_CONTEXT ( ( #1887 ) ) GLOBAL_UNIT_ASSIGNED_CONTEXT ( ( #1470, #1696, #2076 ) ) REPRESENTATION_CONTEXT ( 'NONE', 'WORKASPACE' ) );
#642 = LINE ( 'NONE', #1758, #758 ) ;
#643 = ORIENTED_EDGE ( 'NONE', *, *, #2154, .F. ) ;
#644 = CARTESIAN_POINT ( 'NONE',  ( 0.04999999999999996808, 0.000000000000000000, 0.4250000000000000444 ) ) ;
#645 = PLANE ( 'NONE',  #1077 ) ;
#646 = MECHANICAL_DESIGN_GEOMETRIC_PRESENTATION_REPRESENTATION (  '', ( #1514 ), #2010 ) ;
#647 = ORIENTED_EDGE ( 'NONE', *, *, #1739, .F. ) ;
#648 = VECTOR ( 'NONE', #2227, 1000.000000000000000 ) ;
#649 = CYLINDRICAL_SURFACE ( 'NONE', #1327, 0.05000000000000002359 ) ;
#650 = UNCERTAINTY_MEASURE_WITH_UNIT (LENGTH_MEASURE( 1.000000000000000082E-05 ), #1642, 'distance_accuracy_value', 'NONE');
#651 = AXIS2_PLACEMENT_3D ( 'NONE', #2416, #442, #60 ) ;
#652 = CARTESIAN_POINT ( 'NONE',  ( -1.000000000000000000, 0.9000000000000000222, -0.6250000000000000000 ) ) ;
#653 = EDGE_CURVE ( 'NONE', #2456, #1249, #880, .T. ) ;
#654 = CARTESIAN_POINT ( 'NONE',  ( -0.5000000000000000000, -0.000000000000000000, 0.000000000000000000 ) ) ;
#655 = DIRECTION ( 'NONE',  ( 0.000000000000000000, 1.000000000000000000, 0.000000000000000000 ) ) ;
#656 = ORIENTED_EDGE ( 'NONE', *, *, #2531, .F. ) ;
#657 = CARTESIAN_POINT ( 'NONE',  ( 0.000000000000000000, 0.9499999999999999556, 0.5749999999999999556 ) ) ;
#658 = LINE ( 'NONE', #2796, #1086 ) ;
#659 = DIRECTION ( 'NONE',  ( 1.000000000000000000, 0.000000000000000000, -0.000000000000000000 ) ) ;
#660 = ORIENTED_EDGE ( 'NONE', *, *, #1499, .F. ) ;
#661 = ORIENTED_EDGE ( 'NONE', *, *, #1950, .T. ) ;
#662 = DIRECTION ( 'NONE',  ( 0.000000000000000000, 0.000000000000000000, 1.000000000000000000 ) ) ;
#663 = LINE ( 'NONE', #2401, #1743 ) ;
#664 = ORIENTED_EDGE ( 'NONE', *, *, #571, .F. ) ;
#665 = PRESENTATION_LAYER_ASSIGNMENT (  '', '', ( #2706 ) ) ;
#666 = AXIS2_PLACEMENT_3D ( 'NONE', #146, #373, #362 ) ;
#667 = DIRECTION ( 'NONE',  ( 0.000000000000000000, -0.000000000000000000, -1.000000000000000000 ) ) ;
#668 =( GEOMETRIC_REPRESENTATION_CONTEXT ( 3 ) GLOBAL_UNCERTAINTY_ASSIGNED_CONTEXT ( ( #680 ) ) GLOBAL_UNIT_ASSIGNED_CONTEXT ( ( #685, #328, #701 ) ) REPRESENTATION_CONTEXT ( 'NONE', 'WORKASPACE' ) );
#669 = VECTOR ( 'NONE', #241, 1000.000000000000000 ) ;
#670 = EDGE_CURVE ( 'NONE', #2464, #2715, #1427, .T. ) ;
#671 = ORIENTED_EDGE ( 'NONE', *, *, #792, .T. ) ;
#672 = CARTESIAN_POINT ( 'NONE',  ( 0.9499999999999999556, 0.05000000000000000278, -0.5749999999999999556 ) ) ;
#673 =( NAMED_UNIT ( * ) PLANE_ANGLE_UNIT ( ) SI_UNIT ( $, .RADIAN. ) );
#674 = DIRECTION ( 'NONE',  ( -0.000000000000000000, 1.000000000000000000, -0.000000000000000000 ) ) ;
#675 = ORIENTED_EDGE ( 'NONE', *, *, #1208, .T. ) ;
#676 =( NAMED_UNIT ( * ) PLANE_ANGLE_UNIT ( ) SI_UNIT ( $, .RADIAN. ) );
#677 = CARTESIAN_POINT ( 'NONE',  ( 0.9499999999999999556, 0.9000000000000000222, -0.5749999999999999556 ) ) ;
#678 = VERTEX_POINT ( 'NONE', #1791 ) ;
#679 = VERTEX_POINT ( 'NONE', #2044 ) ;
#680 = UNCERTAINTY_MEASURE_WITH_UNIT (LENGTH_MEASURE( 1.000000000000000082E-05 ), #685, 'distance_accuracy_value', 'NONE');
#681 = PRESENTATION_STYLE_ASSIGNMENT (( #2192 ) ) ;
#682 = ORIENTED_EDGE ( 'NONE', *, *, #1529, .T. ) ;
#683 = EDGE_CURVE ( 'NONE', #988, #928, #498, .T. ) ;
#684 = CARTESIAN_POINT ( 'NONE',  ( -0.1500000000000002165, 0.9499999999999999556, -6.098637220230990791E-17 ) ) ;
#685 =( LENGTH_UNIT ( ) NAMED_UNIT ( * ) SI_UNIT ( .MILLI., .METRE. ) );
#686 = ORIENTED_EDGE ( 'NONE', *, *, #826, .T. ) ;
#687 = EDGE_CURVE ( 'NONE', #1203, #2400, #1796, .T. ) ;
#688 = ORIENTED_EDGE ( 'NONE', *, *, #2248, .F. ) ;
#689 = DIRECTION ( 'NONE',  ( 1.000000000000000000, 0.000000000000000000, 0.000000000000000000 ) ) ;
#690 = CARTESIAN_POINT ( 'NONE',  ( 0.4999999999999998890, 0.9499999999999999556, 0.4250000000000007661 ) ) ;
#691 = AXIS2_PLACEMENT_3D ( 'NONE', #126, #1455, #1003 ) ;
#692 = VERTEX_POINT ( 'NONE', #727 ) ;
#693 = VERTEX_POINT ( 'NONE', #2194 ) ;
#694 =( GEOMETRIC_REPRESENTATION_CONTEXT ( 3 ) GLOBAL_UNCERTAINTY_ASSIGNED_CONTEXT ( ( #1311 ) ) GLOBAL_UNIT_ASSIGNED_CONTEXT ( ( #240, #1493, #1533 ) ) REPRESENTATION_CONTEXT ( 'NONE', 'WORKASPACE' ) );
#695 = ADVANCED_FACE ( 'NONE', ( #1778 ), #1760, .T. ) ;
#696 = DIRECTION ( 'NONE',  ( 0.000000000000000000, 0.000000000000000000, 1.000000000000000000 ) ) ;
#697 = AXIS2_PLACEMENT_3D ( 'NONE', #2498, #1408, #1191 ) ;
#698 = EDGE_LOOP ( 'NONE', ( #336, #906, #1893, #707 ) ) ;
#699 =( NAMED_UNIT ( * ) PLANE_ANGLE_UNIT ( ) SI_UNIT ( $, .RADIAN. ) );
#700 = DIRECTION ( 'NONE',  ( 1.000000000000000000, -0.000000000000000000, 0.000000000000000000 ) ) ;
#701 =( NAMED_UNIT ( * ) SI_UNIT ( $, .STERADIAN. ) SOLID_ANGLE_UNIT ( ) );
#702 = ORIENTED_EDGE ( 'NONE', *, *, #2601, .T. ) ;
#703 = CARTESIAN_POINT ( 'NONE',  ( 0.5000000000000000000, 0.9499999999999999556, 0.6250000000000000000 ) ) ;
#704 = FILL_AREA_STYLE_COLOUR ( '', #444 ) ;
#705 = CARTESIAN_POINT ( 'NONE',  ( -0.7999999999999999334, 0.9499999999999999556, 0.6250000000000000000 ) ) ;
#706 = EDGE_CURVE ( 'NONE', #1230, #2464, #218, .T. ) ;
#707 = ORIENTED_EDGE ( 'NONE', *, *, #1660, .F. ) ;
#708 = ORIENTED_EDGE ( 'NONE', *, *, #1160, .F. ) ;
#709 = LINE ( 'NONE', #1139, #2560 ) ;
#710 = STYLED_ITEM ( 'NONE', ( #1604 ), #2289 ) ;
#711 = AXIS2_PLACEMENT_3D ( 'NONE', #1690, #598, #339 ) ;
#712 = DIRECTION ( 'NONE',  ( -0.000000000000000000, 1.000000000000000000, -0.000000000000000000 ) ) ;
#713 = AXIS2_PLACEMENT_3D ( 'NONE', #129, #976, #2110 ) ;
#714 = DIRECTION ( 'NONE',  ( 0.000000000000000000, 0.000000000000000000, -1.000000000000000000 ) ) ;
#715 = CARTESIAN_POINT ( 'NONE',  ( -0.9499999999999999556, 0.05000000000000002359, 0.5749999999999999556 ) ) ;
#716 = ORIENTED_EDGE ( 'NONE', *, *, #2253, .F. ) ;
#717 = CIRCLE ( 'NONE', #2310, 0.05000000000000002359 ) ;
#718 = DIRECTION ( 'NONE',  ( -1.000000000000000000, 0.000000000000000000, 0.000000000000000000 ) ) ;
#719 =( NAMED_UNIT ( * ) PLANE_ANGLE_UNIT ( ) SI_UNIT ( $, .RADIAN. ) );
#720 = DIRECTION ( 'NONE',  ( 8.809142651444729443E-16, 0.000000000000000000, -1.000000000000000000 ) ) ;
#721 = ORIENTED_EDGE ( 'NONE', *, *, #1126, .F. ) ;
#722 = ORIENTED_EDGE ( 'NONE', *, *, #188, .T. ) ;
#723 = EDGE_CURVE ( 'NONE', #424, #879, #1705, .T. ) ;
#724 =( NAMED_UNIT ( * ) PLANE_ANGLE_UNIT ( ) SI_UNIT ( $, .RADIAN. ) );
#725 = EDGE_CURVE ( 'NONE', #2579, #900, #2408, .T. ) ;
#726 = CARTESIAN_POINT ( 'NONE',  ( 0.6000000000000007550, 0.000000000000000000, -0.3250000000000000111 ) ) ;
#727 = CARTESIAN_POINT ( 'NONE',  ( 0.1499999999999999667, 0.000000000000000000, 0.5749999999999999556 ) ) ;
#728 = FILL_AREA_STYLE ('',( #2238 ) ) ;
#729 = ORIENTED_EDGE ( 'NONE', *, *, #670, .F. ) ;
#730 = DIRECTION ( 'NONE',  ( 4.336808689942015369E-15, 0.000000000000000000, 1.000000000000000000 ) ) ;
#731 = DIRECTION ( 'NONE',  ( -0.000000000000000000, 1.000000000000000000, -0.000000000000000000 ) ) ;
#732 = AXIS2_PLACEMENT_3D ( 'NONE', #747, #1822, #1186 ) ;
#733 = ORIENTED_EDGE ( 'NONE', *, *, #1504, .F. ) ;
#734 = ORIENTED_EDGE ( 'NONE', *, *, #29, .F. ) ;
#735 = AXIS2_PLACEMENT_3D ( 'NONE', #791, #775, #820 ) ;
#736 = CARTESIAN_POINT ( 'NONE',  ( 0.5000000000000000000, 0.9000000000000000222, 0.6250000000000000000 ) ) ;
#737 = VECTOR ( 'NONE', #1293, 1000.000000000000000 ) ;
#738 = LINE ( 'NONE', #2080, #1211 ) ;
#739 = ADVANCED_FACE ( 'NONE', ( #1557 ), #1998, .T. ) ;
#740 = AXIS2_PLACEMENT_3D ( 'NONE', #379, #1894, #760 ) ;
#741 = DIRECTION ( 'NONE',  ( 0.000000000000000000, 1.000000000000000000, 0.000000000000000000 ) ) ;
#742 = CARTESIAN_POINT ( 'NONE',  ( -0.1499999999999999667, -0.000000000000000000, 0.000000000000000000 ) ) ;
#743 = MECHANICAL_DESIGN_GEOMETRIC_PRESENTATION_REPRESENTATION (  '', ( #2516 ), #1477 ) ;
#744 = CARTESIAN_POINT ( 'NONE',  ( -0.1499999999999999667, -0.000000000000000000, -0.4250000000000005995 ) ) ;
#745 = ORIENTED_EDGE ( 'NONE', *, *, #653, .F. ) ;
#746 = LINE ( 'NONE', #1134, #648 ) ;
#747 = CARTESIAN_POINT ( 'NONE',  ( 0.9499999999999999556, 0.9000000000000000222, -0.5749999999999999556 ) ) ;
#748 = CARTESIAN_POINT ( 'NONE',  ( 0.000000000000000000, 0.9499999999999999556, -0.5749999999999999556 ) ) ;
#749 = CARTESIAN_POINT ( 'NONE',  ( 0.000000000000000000, 0.000000000000000000, -0.3250000000000000111 ) ) ;
#750 =( LENGTH_UNIT ( ) NAMED_UNIT ( * ) SI_UNIT ( .MILLI., .METRE. ) );
#751 = ORIENTED_EDGE ( 'NONE', *, *, #1074, .F. ) ;
#752 = DIRECTION ( 'NONE',  ( 1.000000000000000000, 0.000000000000000000, 0.000000000000000000 ) ) ;
#753 =( GEOMETRIC_REPRESENTATION_CONTEXT ( 3 ) GLOBAL_UNCERTAINTY_ASSIGNED_CONTEXT ( ( #41 ) ) GLOBAL_UNIT_ASSIGNED_CONTEXT ( ( #913, #1418, #1149 ) ) REPRESENTATION_CONTEXT ( 'NONE', 'WORKASPACE' ) );
#754 = AXIS2_PLACEMENT_3D ( 'NONE', #2000, #939, #1833 ) ;
#755 = ADVANCED_FACE ( 'NONE', ( #613 ), #2337, .F. ) ;
#756 = CARTESIAN_POINT ( 'NONE',  ( -0.5000000000000000000, 0.05000000000000000278, 0.5749999999999999556 ) ) ;
#757 = CARTESIAN_POINT ( 'NONE',  ( 0.1499999999999999667, 0.000000000000000000, 0.4250000000000007105 ) ) ;
#758 = VECTOR ( 'NONE', #2793, 1000.000000000000000 ) ;
#759 = ORIENTED_EDGE ( 'NONE', *, *, #2042, .F. ) ;
#760 = DIRECTION ( 'NONE',  ( 0.000000000000000000, -0.000000000000000000, -1.000000000000000000 ) ) ;
#761 = DIRECTION ( 'NONE',  ( 1.000000000000000000, 0.000000000000000000, 0.000000000000000000 ) ) ;
#762 = CARTESIAN_POINT ( 'NONE',  ( -1.000000000000000000, 0.05000000000000002359, 0.5749999999999999556 ) ) ;
#763 = ORIENTED_EDGE ( 'NONE', *, *, #2547, .T. ) ;
#764 = VERTEX_POINT ( 'NONE', #839 ) ;
#765 = UNCERTAINTY_MEASURE_WITH_UNIT (LENGTH_MEASURE( 1.000000000000000082E-05 ), #920, 'distance_accuracy_value', 'NONE');
#766 = DIRECTION ( 'NONE',  ( 0.000000000000000000, 0.000000000000000000, 1.000000000000000000 ) ) ;
#767 = SURFACE_STYLE_USAGE ( .BOTH. , #163 ) ;
#768 = CARTESIAN_POINT ( 'NONE',  ( -0.7999999999999999334, 0.000000000000000000, 0.4250000000000007105 ) ) ;
#769 = VERTEX_POINT ( 'NONE', #1671 ) ;
#770 = EDGE_CURVE ( 'NONE', #469, #105, #1459, .T. ) ;
#771 = VERTEX_POINT ( 'NONE', #372 ) ;
#772 = DIRECTION ( 'NONE',  ( 0.000000000000000000, 0.000000000000000000, 1.000000000000000000 ) ) ;
#773 = SURFACE_SIDE_STYLE ('',( #2329 ) ) ;
#774 = EDGE_CURVE ( 'NONE', #1555, #1752, #192, .T. ) ;
#775 = DIRECTION ( 'NONE',  ( -1.000000000000000000, -0.000000000000000000, -0.000000000000000000 ) ) ;
#776 = PLANE ( 'NONE',  #1708 ) ;
#777 = ORIENTED_EDGE ( 'NONE', *, *, #477, .T. ) ;
#778 = PLANE ( 'NONE',  #5 ) ;
#779 = VECTOR ( 'NONE', #1883, 1000.000000000000000 ) ;
#780 = PRODUCT_DEFINITION ( 'UNKNOWN', '', #1625, #2415 ) ;
#781 = DIRECTION ( 'NONE',  ( 0.000000000000000000, 0.000000000000000000, 1.000000000000000000 ) ) ;
#782 = CARTESIAN_POINT ( 'NONE',  ( -0.5000000000000000000, 0.05000000000000002359, 0.6250000000000000000 ) ) ;
#783 = VECTOR ( 'NONE', #2130, 1000.000000000000000 ) ;
#784 = ORIENTED_EDGE ( 'NONE', *, *, #1015, .F. ) ;
#785 = VECTOR ( 'NONE', #1567, 1000.000000000000000 ) ;
#786 = FILL_AREA_STYLE_COLOUR ( '', #2421 ) ;
#787 = ORIENTED_EDGE ( 'NONE', *, *, #2079, .T. ) ;
#788 = DIRECTION ( 'NONE',  ( -0.000000000000000000, 1.000000000000000000, -0.000000000000000000 ) ) ;
#789 = CARTESIAN_POINT ( 'NONE',  ( -0.1499999999999999667, 0.9000000000000000222, 0.6250000000000000000 ) ) ;
#790 = ORIENTED_EDGE ( 'NONE', *, *, #1648, .T. ) ;
#791 = CARTESIAN_POINT ( 'NONE',  ( -0.1500000000000001887, 0.05000000000000002359, -0.5749999999999999556 ) ) ;
#792 = EDGE_CURVE ( 'NONE', #678, #359, #1039, .T. ) ;
#793 = DIRECTION ( 'NONE',  ( 0.000000000000000000, 2.168404344971008079E-15, 1.000000000000000000 ) ) ;
#794 = EDGE_LOOP ( 'NONE', ( #1751, #784, #2198, #873 ) ) ;
#795 = UNCERTAINTY_MEASURE_WITH_UNIT (LENGTH_MEASURE( 1.000000000000000082E-05 ), #225, 'distance_accuracy_value', 'NONE');
#796 = FACE_OUTER_BOUND ( 'NONE', #2334, .T. ) ;
#797 = CARTESIAN_POINT ( 'NONE',  ( 0.9499999999999998446, 0.9499999999999999556, -0.5749999999999999556 ) ) ;
#798 = VECTOR ( 'NONE', #1586, 1000.000000000000000 ) ;
#799 = DIRECTION ( 'NONE',  ( 0.000000000000000000, -0.000000000000000000, 1.000000000000000000 ) ) ;
#800 = ORIENTED_EDGE ( 'NONE', *, *, #683, .T. ) ;
#801 = AXIS2_PLACEMENT_3D ( 'NONE', #2718, #351, #1006 ) ;
#802 = DIRECTION ( 'NONE',  ( 1.000000000000000000, 0.000000000000000000, 0.000000000000000000 ) ) ;
#803 = DIRECTION ( 'NONE',  ( 0.000000000000000000, 0.000000000000000000, -1.000000000000000000 ) ) ;
#804 = VECTOR ( 'NONE', #882, 1000.000000000000000 ) ;
#805 = DIRECTION ( 'NONE',  ( 0.000000000000000000, -0.000000000000000000, -1.000000000000000000 ) ) ;
#806 = CARTESIAN_POINT ( 'NONE',  ( 0.6000000000000000888, 0.000000000000000000, 0.4250000000000000444 ) ) ;
#807 =( GEOMETRIC_REPRESENTATION_CONTEXT ( 3 ) GLOBAL_UNCERTAINTY_ASSIGNED_CONTEXT ( ( #2305 ) ) GLOBAL_UNIT_ASSIGNED_CONTEXT ( ( #1320, #433, #1062 ) ) REPRESENTATION_CONTEXT ( 'NONE', 'WORKASPACE' ) );
#808 = DIRECTION ( 'NONE',  ( -1.000000000000000000, 0.000000000000000000, -0.000000000000000000 ) ) ;
#809 = ORIENTED_EDGE ( 'NONE', *, *, #687, .F. ) ;
#810 = ADVANCED_FACE ( 'NONE', ( #2109 ), #1021, .T. ) ;
#811 = PRESENTATION_LAYER_ASSIGNMENT (  '', '', ( #1218 ) ) ;
#812 = CARTESIAN_POINT ( 'NONE',  ( -0.7999999999999999334, -0.000000000000000000, 0.000000000000000000 ) ) ;
#813 = ADVANCED_FACE ( 'NONE', ( #1275 ), #2139, .T. ) ;
#814 = CARTESIAN_POINT ( 'NONE',  ( -0.5000000000000000000, 0.9000000000000000222, 0.6250000000000000000 ) ) ;
#815 = CARTESIAN_POINT ( 'NONE',  ( -0.7999999999999999334, -0.000000000000000000, 0.000000000000000000 ) ) ;
#816 = ORIENTED_EDGE ( 'NONE', *, *, #2745, .F. ) ;
#817 = SURFACE_STYLE_USAGE ( .BOTH. , #998 ) ;
#818 = VERTEX_POINT ( 'NONE', #2363 ) ;
#819 = CARTESIAN_POINT ( 'NONE',  ( -0.6000000000000000888, 0.000000000000000000, 0.3250000000000000111 ) ) ;
#820 = DIRECTION ( 'NONE',  ( 0.000000000000000000, 0.000000000000000000, 1.000000000000000000 ) ) ;
#821 = DIRECTION ( 'NONE',  ( 0.000000000000000000, -1.000000000000000000, 0.000000000000000000 ) ) ;
#822 = EDGE_LOOP ( 'NONE', ( #1372, #237, #863, #121 ) ) ;
#823 = UNCERTAINTY_MEASURE_WITH_UNIT (LENGTH_MEASURE( 1.000000000000000082E-05 ), #1608, 'distance_accuracy_value', 'NONE');
#824 = DIRECTION ( 'NONE',  ( 0.000000000000000000, 0.000000000000000000, -1.000000000000000000 ) ) ;
#825 = DIRECTION ( 'NONE',  ( -0.000000000000000000, 0.000000000000000000, 1.000000000000000000 ) ) ;
#826 = EDGE_CURVE ( 'NONE', #1570, #2288, #515, .T. ) ;
#827 = DIRECTION ( 'NONE',  ( -1.000000000000000000, 0.000000000000000000, 0.000000000000000000 ) ) ;
#828 = ORIENTED_EDGE ( 'NONE', *, *, #2592, .F. ) ;
#829 = AXIS2_PLACEMENT_3D ( 'NONE', #1989, #472, #730 ) ;
#830 = DIRECTION ( 'NONE',  ( 0.000000000000000000, 0.000000000000000000, 1.000000000000000000 ) ) ;
#831 = CARTESIAN_POINT ( 'NONE',  ( 0.1499999999999999667, 0.05000000000000002359, 0.6250000000000000000 ) ) ;
#832 = CARTESIAN_POINT ( 'NONE',  ( -1.000000000000000000, 0.9000000000000000222, -0.6250000000000000000 ) ) ;
#833 = ORIENTED_EDGE ( 'NONE', *, *, #1529, .F. ) ;
#834 = AXIS2_PLACEMENT_3D ( 'NONE', #414, #1285, #108 ) ;
#835 = CYLINDRICAL_SURFACE ( 'NONE', #28, 0.05000000000000002359 ) ;
#836 = DIRECTION ( 'NONE',  ( 0.000000000000000000, -0.000000000000000000, -1.000000000000000000 ) ) ;
#837 =( GEOMETRIC_REPRESENTATION_CONTEXT ( 3 ) GLOBAL_UNCERTAINTY_ASSIGNED_CONTEXT ( ( #823 ) ) GLOBAL_UNIT_ASSIGNED_CONTEXT ( ( #1608, #724, #283 ) ) REPRESENTATION_CONTEXT ( 'NONE', 'WORKASPACE' ) );
#838 = ORIENTED_EDGE ( 'NONE', *, *, #725, .T. ) ;
#839 = CARTESIAN_POINT ( 'NONE',  ( -0.1499999999999999667, 0.000000000000000000, 0.5749999999999999556 ) ) ;
#840 = DIRECTION ( 'NONE',  ( -1.000000000000000000, 0.000000000000000000, 0.000000000000000000 ) ) ;
#841 = LINE ( 'NONE', #2591, #1351 ) ;
#842 = DIRECTION ( 'NONE',  ( 1.000000000000000000, 0.000000000000000000, 0.000000000000000000 ) ) ;
#843 = VERTEX_POINT ( 'NONE', #2205 ) ;
#844 = EDGE_CURVE ( 'NONE', #458, #818, #454, .T. ) ;
#845 = DIRECTION ( 'NONE',  ( 0.000000000000000000, 0.000000000000000000, -1.000000000000000000 ) ) ;
#846 = DIRECTION ( 'NONE',  ( 0.000000000000000000, 1.000000000000000000, 0.000000000000000000 ) ) ;
#847 = DIRECTION ( 'NONE',  ( 0.000000000000000000, 0.000000000000000000, 1.000000000000000000 ) ) ;
#848 = VECTOR ( 'NONE', #1033, 1000.000000000000000 ) ;
#849 = COLOUR_RGB ( '',0.6666666666666666297, 0.6980392156862744724, 0.7686274509803920907 ) ;
#850 = DIRECTION ( 'NONE',  ( -1.000000000000000000, 0.000000000000000000, 0.000000000000000000 ) ) ;
#851 = UNCERTAINTY_MEASURE_WITH_UNIT (LENGTH_MEASURE( 1.000000000000000082E-05 ), #1175, 'distance_accuracy_value', 'NONE');
#852 = CARTESIAN_POINT ( 'NONE',  ( 0.1499999999999999667, 0.000000000000000000, 0.000000000000000000 ) ) ;
#853 = FILL_AREA_STYLE ('',( #1903 ) ) ;
#854 = CIRCLE ( 'NONE', #2716, 0.05000000000000002359 ) ;
#855 = CARTESIAN_POINT ( 'NONE',  ( 0.04999999999999996808, 0.9499999999999999556, 0.4250000000000000444 ) ) ;
#856 = EDGE_LOOP ( 'NONE', ( #2705, #1808, #1901, #2683 ) ) ;
#857 = FILL_AREA_STYLE_COLOUR ( '', #173 ) ;
#858 = DIRECTION ( 'NONE',  ( 0.000000000000000000, 0.000000000000000000, 1.000000000000000000 ) ) ;
#859 = FILL_AREA_STYLE ('',( #2185 ) ) ;
#860 = EDGE_CURVE ( 'NONE', #2374, #1555, #1773, .T. ) ;
#861 = FILL_AREA_STYLE_COLOUR ( '', #463 ) ;
#862 = ADVANCED_FACE ( 'NONE', ( #1967 ), #2164, .T. ) ;
#863 = ORIENTED_EDGE ( 'NONE', *, *, #1126, .T. ) ;
#864 = VECTOR ( 'NONE', #1423, 1000.000000000000000 ) ;
#865 = CARTESIAN_POINT ( 'NONE',  ( -0.7999999999999999334, -0.000000000000000000, -0.4250000000000005440 ) ) ;
#866 = AXIS2_PLACEMENT_3D ( 'NONE', #677, #1551, #2412 ) ;
#867 = EDGE_LOOP ( 'NONE', ( #2257, #1678, #1848, #208 ) ) ;
#868 = VECTOR ( 'NONE', #2466, 1000.000000000000000 ) ;
#869 = CARTESIAN_POINT ( 'NONE',  ( -1.000000000000000000, 0.9499999999999999556, -0.6250000000000000000 ) ) ;
#870 = AXIS2_PLACEMENT_3D ( 'NONE', #1272, #1524, #1767 ) ;
#871 = ORIENTED_EDGE ( 'NONE', *, *, #1588, .T. ) ;
#872 = ORIENTED_EDGE ( 'NONE', *, *, #1025, .F. ) ;
#873 = ORIENTED_EDGE ( 'NONE', *, *, #44, .F. ) ;
#874 = VECTOR ( 'NONE', #802, 1000.000000000000000 ) ;
#875 = EDGE_CURVE ( 'NONE', #692, #2693, #256, .T. ) ;
#876 = UNCERTAINTY_MEASURE_WITH_UNIT (LENGTH_MEASURE( 1.000000000000000082E-05 ), #2141, 'distance_accuracy_value', 'NONE');
#877 = AXIS2_PLACEMENT_3D ( 'NONE', #1142, #310, #1130 ) ;
#878 =( NAMED_UNIT ( * ) SI_UNIT ( $, .STERADIAN. ) SOLID_ANGLE_UNIT ( ) );
#879 = VERTEX_POINT ( 'NONE', #2180 ) ;
#880 = LINE ( 'NONE', #1817, #2650 ) ;
#881 = CARTESIAN_POINT ( 'NONE',  ( 0.4999999999999997780, 0.05000000000000002359, -0.6250000000000000000 ) ) ;
#882 = DIRECTION ( 'NONE',  ( 0.000000000000000000, 0.000000000000000000, -1.000000000000000000 ) ) ;
#883 = ORIENTED_EDGE ( 'NONE', *, *, #2686, .F. ) ;
#884 = CARTESIAN_POINT ( 'NONE',  ( -0.6999999999999992895, 0.9499999999999999556, -0.3250000000000000666 ) ) ;
#885 = VECTOR ( 'NONE', #2454, 1000.000000000000000 ) ;
#886 = VERTEX_POINT ( 'NONE', #2617 ) ;
#887 = ORIENTED_EDGE ( 'NONE', *, *, #1845, .T. ) ;
#888 = VECTOR ( 'NONE', #1085, 1000.000000000000000 ) ;
#889 = PRESENTATION_STYLE_ASSIGNMENT (( #1957 ) ) ;
#890 = VECTOR ( 'NONE', #2782, 1000.000000000000000 ) ;
#891 = ADVANCED_FACE ( 'NONE', ( #232 ), #1994, .F. ) ;
#892 = DIRECTION ( 'NONE',  ( 0.000000000000000000, 0.000000000000000000, -1.000000000000000000 ) ) ;
#893 = EDGE_CURVE ( 'NONE', #1692, #2787, #1890, .T. ) ;
#894 = ORIENTED_EDGE ( 'NONE', *, *, #1499, .T. ) ;
#895 = VECTOR ( 'NONE', #1906, 1000.000000000000000 ) ;
#896 = DIRECTION ( 'NONE',  ( 0.000000000000000000, 0.000000000000000000, -1.000000000000000000 ) ) ;
#897 = DIRECTION ( 'NONE',  ( -4.065758146820655433E-16, 0.000000000000000000, 1.000000000000000000 ) ) ;
#898 = VECTOR ( 'NONE', #640, 1000.000000000000000 ) ;
#899 = PRESENTATION_STYLE_ASSIGNMENT (( #2583 ) ) ;
#900 = VERTEX_POINT ( 'NONE', #1312 ) ;
#901 = DIRECTION ( 'NONE',  ( -1.000000000000000000, 0.000000000000000000, 0.000000000000000000 ) ) ;
#902 = FACE_OUTER_BOUND ( 'NONE', #1340, .T. ) ;
#903 = ORIENTED_EDGE ( 'NONE', *, *, #1383, .T. ) ;
#904 = VERTEX_POINT ( 'NONE', #1095 ) ;
#905 = FILL_AREA_STYLE ('',( #2648 ) ) ;
#906 = ORIENTED_EDGE ( 'NONE', *, *, #1143, .F. ) ;
#907 = EDGE_CURVE ( 'NONE', #2293, #1230, #2404, .T. ) ;
#908 = SURFACE_STYLE_FILL_AREA ( #2422 ) ;
#909 = CYLINDRICAL_SURFACE ( 'NONE', #1315, 0.05000000000000002359 ) ;
#910 = CARTESIAN_POINT ( 'NONE',  ( 0.7999999999999999334, 0.9499999999999999556, 0.000000000000000000 ) ) ;
#911 = ORIENTED_EDGE ( 'NONE', *, *, #1795, .F. ) ;
#912 = FACE_OUTER_BOUND ( 'NONE', #1129, .T. ) ;
#913 =( LENGTH_UNIT ( ) NAMED_UNIT ( * ) SI_UNIT ( .MILLI., .METRE. ) );
#914 = ORIENTED_EDGE ( 'NONE', *, *, #2294, .F. ) ;
#915 = AXIS2_PLACEMENT_3D ( 'NONE', #1727, #1079, #252 ) ;
#916 = EDGE_LOOP ( 'NONE', ( #151, #1923, #1403, #2019 ) ) ;
#917 = VECTOR ( 'NONE', #1215, 1000.000000000000000 ) ;
#918 = AXIS2_PLACEMENT_3D ( 'NONE', #526, #1687, #1487 ) ;
#919 = DIRECTION ( 'NONE',  ( 2.168404344971008079E-15, 0.000000000000000000, 1.000000000000000000 ) ) ;
#920 =( LENGTH_UNIT ( ) NAMED_UNIT ( * ) SI_UNIT ( .MILLI., .METRE. ) );
#921 =( NAMED_UNIT ( * ) SI_UNIT ( $, .STERADIAN. ) SOLID_ANGLE_UNIT ( ) );
#922 = VERTEX_POINT ( 'NONE', #2247 ) ;
#923 = EDGE_CURVE ( 'NONE', #1769, #501, #709, .T. ) ;
#924 = DIRECTION ( 'NONE',  ( 0.000000000000000000, -0.000000000000000000, -1.000000000000000000 ) ) ;
#925 = FILL_AREA_STYLE_COLOUR ( '', #1585 ) ;
#926 = CARTESIAN_POINT ( 'NONE',  ( -1.000000000000000000, 0.05000000000000002359, 0.5749999999999999556 ) ) ;
#927 = EDGE_CURVE ( 'NONE', #349, #87, #2245, .T. ) ;
#928 = VERTEX_POINT ( 'NONE', #736 ) ;
#929 = VERTEX_POINT ( 'NONE', #2685 ) ;
#930 = SURFACE_STYLE_FILL_AREA ( #1391 ) ;
#931 = COLOUR_RGB ( '',0.6666666666666666297, 0.6980392156862744724, 0.7686274509803920907 ) ;
#932 = AXIS2_PLACEMENT_3D ( 'NONE', #1112, #2634, #2449 ) ;
#933 = VECTOR ( 'NONE', #2475, 1000.000000000000000 ) ;
#934 = DIRECTION ( 'NONE',  ( 8.809142651444719582E-16, 0.000000000000000000, -1.000000000000000000 ) ) ;
#935 = VECTOR ( 'NONE', #840, 1000.000000000000000 ) ;
#936 = EDGE_CURVE ( 'NONE', #469, #2150, #964, .T. ) ;
#937 = CARTESIAN_POINT ( 'NONE',  ( -1.000000000000000000, 0.9000000000000000222, 0.6250000000000000000 ) ) ;
#938 = DIRECTION ( 'NONE',  ( 0.000000000000000000, 0.000000000000000000, -1.000000000000000000 ) ) ;
#939 = DIRECTION ( 'NONE',  ( -0.000000000000000000, 1.000000000000000000, -0.000000000000000000 ) ) ;
#940 = ORIENTED_EDGE ( 'NONE', *, *, #907, .F. ) ;
#941 = PLANE ( 'NONE',  #2378 ) ;
#942 = AXIS2_PLACEMENT_3D ( 'NONE', #64, #2690, #1818 ) ;
#943 = CARTESIAN_POINT ( 'NONE',  ( 0.5999999999999999778, 0.9499999999999999556, 0.4250000000000000444 ) ) ;
#944 = DIRECTION ( 'NONE',  ( 0.000000000000000000, 0.000000000000000000, 1.000000000000000000 ) ) ;
#945 = VERTEX_POINT ( 'NONE', #1854 ) ;
#946 = EDGE_LOOP ( 'NONE', ( #177, #1746, #1565, #1976 ) ) ;
#947 = ADVANCED_FACE ( 'NONE', ( #2698 ), #959, .T. ) ;
#948 = FILL_AREA_STYLE_COLOUR ( '', #2561 ) ;
#949 = FACE_OUTER_BOUND ( 'NONE', #822, .T. ) ;
#950 = CARTESIAN_POINT ( 'NONE',  ( -0.9499999999999999556, 0.05000000000000002359, 0.6250000000000000000 ) ) ;
#951 = DIRECTION ( 'NONE',  ( 0.000000000000000000, 0.000000000000000000, 1.000000000000000000 ) ) ;
#952 = ORIENTED_EDGE ( 'NONE', *, *, #1836, .F. ) ;
#953 = DIRECTION ( 'NONE',  ( -1.000000000000000000, 0.000000000000000000, 0.000000000000000000 ) ) ;
#954 = ORIENTED_EDGE ( 'NONE', *, *, #2049, .F. ) ;
#955 = DIRECTION ( 'NONE',  ( 0.000000000000000000, 0.000000000000000000, -1.000000000000000000 ) ) ;
#956 = FILL_AREA_STYLE ('',( #68 ) ) ;
#957 = EDGE_LOOP ( 'NONE', ( #2358, #1073, #1227, #1662 ) ) ;
#958 = AXIS2_PLACEMENT_3D ( 'NONE', #2526, #1649, #805 ) ;
#959 = SPHERICAL_SURFACE ( 'NONE', #697, 0.05000000000000000278 ) ;
#960 = EDGE_LOOP ( 'NONE', ( #883, #1318, #370, #592, #70, #2508, #1159, #1099, #984, #242, #1485, #431, #569, #1354, #1706, #2038, #872, #1825, #2551, #996, #967, #1438, #2269, #2434, #32, #952, #745, #2499, #2202, #1634, #1600, #2207, #656, #2134, #475, #2217, #1698, #366, #2186, #1992 ) ) ;
#961 = ADVANCED_FACE ( 'NONE', ( #1366 ), #495, .T. ) ;
#962 = AXIS2_PLACEMENT_3D ( 'NONE', #1722, #2360, #845 ) ;
#963 = FACE_OUTER_BOUND ( 'NONE', #946, .T. ) ;
#964 = CIRCLE ( 'NONE', #2608, 0.05000000000000002359 ) ;
#965 = MECHANICAL_DESIGN_GEOMETRIC_PRESENTATION_REPRESENTATION (  '', ( #609 ), #125 ) ;
#966 = CARTESIAN_POINT ( 'NONE',  ( 0.4999999999999997780, 0.000000000000000000, 0.5749999999999999556 ) ) ;
#967 = ORIENTED_EDGE ( 'NONE', *, *, #2387, .F. ) ;
#968 = CARTESIAN_POINT ( 'NONE',  ( -0.5000000000000000000, 0.9499999999999999556, 0.5749999999999999556 ) ) ;
#969 = CARTESIAN_POINT ( 'NONE',  ( 0.6999999999999998446, 0.000000000000000000, 0.4250000000000000444 ) ) ;
#970 = DIRECTION ( 'NONE',  ( -0.000000000000000000, 1.000000000000000000, -0.000000000000000000 ) ) ;
#971 = PRESENTATION_STYLE_ASSIGNMENT (( #1666 ) ) ;
#972 = DIRECTION ( 'NONE',  ( -1.000000000000000000, 0.000000000000000000, 0.000000000000000000 ) ) ;
#973 = SURFACE_STYLE_FILL_AREA ( #535 ) ;
#974 = ORIENTED_EDGE ( 'NONE', *, *, #2795, .F. ) ;
#975 = EDGE_CURVE ( 'NONE', #1824, #2431, #2655, .T. ) ;
#976 = DIRECTION ( 'NONE',  ( -1.000000000000000000, 0.000000000000000000, 0.000000000000000000 ) ) ;
#977 = CIRCLE ( 'NONE', #43, 0.09999999999999993616 ) ;
#978 = AXIS2_PLACEMENT_3D ( 'NONE', #2721, #583, #2277 ) ;
#979 = CIRCLE ( 'NONE', #357, 0.05000000000000002359 ) ;
#980 = ADVANCED_FACE ( 'NONE', ( #2662 ), #2007, .F. ) ;
#981 = CARTESIAN_POINT ( 'NONE',  ( 0.7999999999999999334, 0.9499999999999999556, 0.6250000000000000000 ) ) ;
#982 = CARTESIAN_POINT ( 'NONE',  ( -0.9499999999999999556, 0.9000000000000000222, 0.5749999999999999556 ) ) ;
#983 = VECTOR ( 'NONE', #2084, 1000.000000000000000 ) ;
#984 = ORIENTED_EDGE ( 'NONE', *, *, #561, .F. ) ;
#985 = AXIS2_PLACEMENT_3D ( 'NONE', #1564, #2428, #1798 ) ;
#986 = CARTESIAN_POINT ( 'NONE',  ( 0.4999999999999997780, 0.05000000000000002359, 0.6250000000000000000 ) ) ;
#987 = DIRECTION ( 'NONE',  ( 0.000000000000000000, 0.000000000000000000, -1.000000000000000000 ) ) ;
#988 = VERTEX_POINT ( 'NONE', #2022 ) ;
#989 = VECTOR ( 'NONE', #1558, 1000.000000000000000 ) ;
#990 = DIRECTION ( 'NONE',  ( -1.000000000000000000, -0.000000000000000000, 0.000000000000000000 ) ) ;
#991 = ADVANCED_FACE ( 'NONE', ( #2471 ), #88, .T. ) ;
#992 = ORIENTED_EDGE ( 'NONE', *, *, #33, .T. ) ;
#993 = FACE_OUTER_BOUND ( 'NONE', #1377, .T. ) ;
#994 = SURFACE_STYLE_FILL_AREA ( #567 ) ;
#995 = CARTESIAN_POINT ( 'NONE',  ( 0.4999999999999996669, 0.9499999999999999556, 2.710505431213768974E-16 ) ) ;
#996 = ORIENTED_EDGE ( 'NONE', *, *, #1224, .F. ) ;
#997 = ADVANCED_FACE ( 'NONE', ( #1484 ), #776, .F. ) ;
#998 = SURFACE_SIDE_STYLE ('',( #2313 ) ) ;
#999 = ORIENTED_EDGE ( 'NONE', *, *, #1140, .F. ) ;
#1000 = LINE ( 'NONE', #1201, #1497 ) ;
#1001 = FILL_AREA_STYLE_COLOUR ( '', #1350 ) ;
#1002 = DIRECTION ( 'NONE',  ( -1.000000000000000000, -0.000000000000000000, 0.000000000000000000 ) ) ;
#1003 = DIRECTION ( 'NONE',  ( 0.000000000000000000, 0.000000000000000000, 1.000000000000000000 ) ) ;
#1004 = FACE_OUTER_BOUND ( 'NONE', #306, .T. ) ;
#1005 = ORIENTED_EDGE ( 'NONE', *, *, #2565, .F. ) ;
#1006 = DIRECTION ( 'NONE',  ( -1.000000000000000000, 0.000000000000000000, -0.000000000000000000 ) ) ;
#1007 = DIRECTION ( 'NONE',  ( -1.000000000000000000, 0.000000000000000000, 0.000000000000000000 ) ) ;
#1008 = CARTESIAN_POINT ( 'NONE',  ( -1.000000000000000000, 0.9000000000000000222, 0.6250000000000000000 ) ) ;
#1009 = AXIS2_PLACEMENT_3D ( 'NONE', #2024, #2676, #714 ) ;
#1010 = ORIENTED_EDGE ( 'NONE', *, *, #2362, .T. ) ;
#1011 = AXIS2_PLACEMENT_3D ( 'NONE', #1583, #1153, #2050 ) ;
#1012 = CARTESIAN_POINT ( 'NONE',  ( 0.1499999999999999667, 0.9499999999999999556, 0.6250000000000000000 ) ) ;
#1013 = DIRECTION ( 'NONE',  ( -1.000000000000000000, -0.000000000000000000, 0.000000000000000000 ) ) ;
#1014 =( LENGTH_UNIT ( ) NAMED_UNIT ( * ) SI_UNIT ( .MILLI., .METRE. ) );
#1015 = EDGE_CURVE ( 'NONE', #1812, #144, #2757, .T. ) ;
#1016 = CARTESIAN_POINT ( 'NONE',  ( 0.000000000000000000, 0.9000000000000000222, -0.5749999999999999556 ) ) ;
#1017 = SURFACE_STYLE_USAGE ( .BOTH. , #1684 ) ;
#1018 = ADVANCED_FACE ( 'NONE', ( #1236 ), #2729, .T. ) ;
#1019 = ORIENTED_EDGE ( 'NONE', *, *, #1739, .T. ) ;
#1020 = UNCERTAINTY_MEASURE_WITH_UNIT (LENGTH_MEASURE( 1.000000000000000082E-05 ), #750, 'distance_accuracy_value', 'NONE');
#1021 = CYLINDRICAL_SURFACE ( 'NONE', #1155, 0.05000000000000002359 ) ;
#1022 = CARTESIAN_POINT ( 'NONE',  ( 1.000000000000000000, 0.05000000000000002359, 0.5749999999999999556 ) ) ;
#1023 = COLOUR_RGB ( '',0.6666666666666666297, 0.6980392156862744724, 0.7686274509803920907 ) ;
#1024 = CARTESIAN_POINT ( 'NONE',  ( -0.5000000000000000000, -0.000000000000000000, 0.000000000000000000 ) ) ;
#1025 = EDGE_CURVE ( 'NONE', #2252, #2413, #158, .T. ) ;
#1026 = CARTESIAN_POINT ( 'NONE',  ( -0.9499999999999999556, 0.9000000000000000222, 0.5749999999999999556 ) ) ;
#1027 = VERTEX_POINT ( 'NONE', #1714 ) ;
#1028 = MECHANICAL_DESIGN_GEOMETRIC_PRESENTATION_REPRESENTATION (  '', ( #479 ), #570 ) ;
#1029 = FILL_AREA_STYLE ('',( #2540 ) ) ;
#1030 = AXIS2_PLACEMENT_3D ( 'NONE', #74, #271, #510 ) ;
#1031 = ORIENTED_EDGE ( 'NONE', *, *, #117, .T. ) ;
#1032 = DIRECTION ( 'NONE',  ( 0.000000000000000000, 0.000000000000000000, -1.000000000000000000 ) ) ;
#1033 = DIRECTION ( 'NONE',  ( 0.000000000000000000, 0.000000000000000000, -1.000000000000000000 ) ) ;
#1034 = CARTESIAN_POINT ( 'NONE',  ( -1.000000000000000000, 0.05000000000000002359, -0.5749999999999999556 ) ) ;
#1035 = COLOUR_RGB ( '',0.6666666666666666297, 0.6980392156862744724, 0.7686274509803920907 ) ;
#1036 = CARTESIAN_POINT ( 'NONE',  ( 0.000000000000000000, 0.000000000000000000, 0.000000000000000000 ) ) ;
#1037 = ORIENTED_EDGE ( 'NONE', *, *, #2670, .T. ) ;
#1038 = EDGE_CURVE ( 'NONE', #2065, #1691, #2781, .T. ) ;
#1039 = LINE ( 'NONE', #1242, #1250 ) ;
#1040 =( GEOMETRIC_REPRESENTATION_CONTEXT ( 3 ) GLOBAL_UNCERTAINTY_ASSIGNED_CONTEXT ( ( #650 ) ) GLOBAL_UNIT_ASSIGNED_CONTEXT ( ( #1642, #1430, #1676 ) ) REPRESENTATION_CONTEXT ( 'NONE', 'WORKASPACE' ) );
#1041 = FACE_OUTER_BOUND ( 'NONE', #1081, .T. ) ;
#1042 = LINE ( 'NONE', #615, #898 ) ;
#1043 = CYLINDRICAL_SURFACE ( 'NONE', #1905, 0.05000000000000002359 ) ;
#1044 = ORIENTED_EDGE ( 'NONE', *, *, #363, .T. ) ;
#1045 = CARTESIAN_POINT ( 'NONE',  ( -1.000000000000000000, 0.9000000000000000222, -0.6250000000000000000 ) ) ;
#1046 = PLANE ( 'NONE',  #1815 ) ;
#1047 = LINE ( 'NONE', #832, #1 ) ;
#1048 = ORIENTED_EDGE ( 'NONE', *, *, #1177, .F. ) ;
#1049 = SURFACE_STYLE_USAGE ( .BOTH. , #2599 ) ;
#1050 = SURFACE_STYLE_FILL_AREA ( #2106 ) ;
#1051 = ORIENTED_EDGE ( 'NONE', *, *, #2092, .F. ) ;
#1052 = AXIS2_PLACEMENT_3D ( 'NONE', #2177, #1337, #2163 ) ;
#1053 = FILL_AREA_STYLE_COLOUR ( '', #466 ) ;
#1054 = EDGE_CURVE ( 'NONE', #2101, #1027, #2322, .T. ) ;
#1055 = AXIS2_PLACEMENT_3D ( 'NONE', #1755, #2149, #2201 ) ;
#1056 = CIRCLE ( 'NONE', #72, 0.05000000000000002359 ) ;
#1057 = DIRECTION ( 'NONE',  ( 0.000000000000000000, -1.000000000000000000, 0.000000000000000000 ) ) ;
#1058 = DIRECTION ( 'NONE',  ( 0.000000000000000000, 0.000000000000000000, 1.000000000000000000 ) ) ;
#1059 = ORIENTED_EDGE ( 'NONE', *, *, #2272, .F. ) ;
#1060 = VECTOR ( 'NONE', #2669, 1000.000000000000000 ) ;
#1061 =( NAMED_UNIT ( * ) PLANE_ANGLE_UNIT ( ) SI_UNIT ( $, .RADIAN. ) );
#1062 =( NAMED_UNIT ( * ) SI_UNIT ( $, .STERADIAN. ) SOLID_ANGLE_UNIT ( ) );
#1063 = CARTESIAN_POINT ( 'NONE',  ( 0.9499999999999998446, 0.05000000000000002359, -0.6250000000000000000 ) ) ;
#1064 = AXIS2_PLACEMENT_3D ( 'NONE', #594, #205, #1472 ) ;
#1065 = PRESENTATION_STYLE_ASSIGNMENT (( #2586 ) ) ;
#1066 = CARTESIAN_POINT ( 'NONE',  ( 0.1499999999999999667, 0.000000000000000000, -0.5749999999999999556 ) ) ;
#1067 = MECHANICAL_DESIGN_GEOMETRIC_PRESENTATION_REPRESENTATION (  '', ( #468 ), #837 ) ;
#1068 = ORIENTED_EDGE ( 'NONE', *, *, #1461, .F. ) ;
#1069 = FILL_AREA_STYLE ('',( #639 ) ) ;
#1070 = EDGE_CURVE ( 'NONE', #1364, #1570, #2286, .T. ) ;
#1071 = FILL_AREA_STYLE ('',( #415 ) ) ;
#1072 = LINE ( 'NONE', #2142, #49 ) ;
#1073 = ORIENTED_EDGE ( 'NONE', *, *, #1114, .F. ) ;
#1074 = EDGE_CURVE ( 'NONE', #2660, #692, #2349, .T. ) ;
#1075 = LINE ( 'NONE', #1100, #737 ) ;
#1076 = CARTESIAN_POINT ( 'NONE',  ( -0.9499999999999999556, 0.9000000000000000222, -0.6250000000000000000 ) ) ;
#1077 = AXIS2_PLACEMENT_3D ( 'NONE', #869, #847, #659 ) ;
#1078 = CIRCLE ( 'NONE', #396, 0.05000000000000002359 ) ;
#1079 = DIRECTION ( 'NONE',  ( 0.000000000000000000, 0.000000000000000000, -1.000000000000000000 ) ) ;
#1080 = VECTOR ( 'NONE', #427, 1000.000000000000000 ) ;
#1081 = EDGE_LOOP ( 'NONE', ( #838, #407, #2278, #1031 ) ) ;
#1082 = VECTOR ( 'NONE', #2695, 1000.000000000000000 ) ;
#1083 = ADVANCED_FACE ( 'NONE', ( #1004 ), #398, .T. ) ;
#1084 = SURFACE_SIDE_STYLE ('',( #2602 ) ) ;
#1085 = DIRECTION ( 'NONE',  ( 1.000000000000000000, -0.000000000000000000, -0.000000000000000000 ) ) ;
#1086 = VECTOR ( 'NONE', #1961, 1000.000000000000000 ) ;
#1087 = LINE ( 'NONE', #1969, #185 ) ;
#1088 = ORIENTED_EDGE ( 'NONE', *, *, #293, .F. ) ;
#1089 = DIRECTION ( 'NONE',  ( 4.336808689942015369E-15, 0.000000000000000000, 1.000000000000000000 ) ) ;
#1090 = VERTEX_POINT ( 'NONE', #1525 ) ;
#1091 = ADVANCED_FACE ( 'NONE', ( #902 ), #461, .T. ) ;
#1092 =( LENGTH_UNIT ( ) NAMED_UNIT ( * ) SI_UNIT ( .MILLI., .METRE. ) );
#1093 = SURFACE_SIDE_STYLE ('',( #2770 ) ) ;
#1094 = CARTESIAN_POINT ( 'NONE',  ( 0.000000000000000000, 0.9499999999999999556, 0.5749999999999999556 ) ) ;
#1095 = CARTESIAN_POINT ( 'NONE',  ( -0.1500000000000001887, 0.9000000000000000222, -0.6250000000000000000 ) ) ;
#1096 = VECTOR ( 'NONE', #821, 1000.000000000000000 ) ;
#1097 = CYLINDRICAL_SURFACE ( 'NONE', #1392, 0.05000000000000002359 ) ;
#1098 = CARTESIAN_POINT ( 'NONE',  ( 0.1499999999999999667, 0.9499999999999999556, 0.000000000000000000 ) ) ;
#1099 = ORIENTED_EDGE ( 'NONE', *, *, #1757, .T. ) ;
#1100 = CARTESIAN_POINT ( 'NONE',  ( -0.7999999999999999334, 0.05000000000000002359, 0.6250000000000000000 ) ) ;
#1101 = FILL_AREA_STYLE ('',( #635 ) ) ;
#1102 = FILL_AREA_STYLE_COLOUR ( '', #1023 ) ;
#1103 = MECHANICAL_DESIGN_GEOMETRIC_PRESENTATION_REPRESENTATION (  '', ( #1245 ), #1700 ) ;
#1104 = ORIENTED_EDGE ( 'NONE', *, *, #2320, .F. ) ;
#1105 = AXIS2_PLACEMENT_3D ( 'NONE', #1709, #1735, #830 ) ;
#1106 = ADVANCED_FACE ( 'NONE', ( #2587 ), #649, .T. ) ;
#1107 = ORIENTED_EDGE ( 'NONE', *, *, #1934, .F. ) ;
#1108 = COLOUR_RGB ( '',0.6666666666666666297, 0.6980392156862744724, 0.7686274509803920907 ) ;
#1109 = UNCERTAINTY_MEASURE_WITH_UNIT (LENGTH_MEASURE( 1.000000000000000082E-05 ), #2339, 'distance_accuracy_value', 'NONE');
#1110 = ADVANCED_FACE ( 'NONE', ( #1956 ), #423, .T. ) ;
#1111 = CARTESIAN_POINT ( 'NONE',  ( 0.000000000000000000, 0.9499999999999999556, 0.000000000000000000 ) ) ;
#1112 = CARTESIAN_POINT ( 'NONE',  ( -0.9499999999999999556, 0.05000000000000000278, -0.5749999999999999556 ) ) ;
#1113 = ORIENTED_EDGE ( 'NONE', *, *, #160, .F. ) ;
#1114 = EDGE_CURVE ( 'NONE', #2413, #520, #244, .T. ) ;
#1115 =( LENGTH_UNIT ( ) NAMED_UNIT ( * ) SI_UNIT ( .MILLI., .METRE. ) );
#1116 = DIRECTION ( 'NONE',  ( -1.000000000000000000, 0.000000000000000000, 0.000000000000000000 ) ) ;
#1117 = ORIENTED_EDGE ( 'NONE', *, *, #1836, .T. ) ;
#1118 = CARTESIAN_POINT ( 'NONE',  ( 0.6999999999999992895, 0.9499999999999999556, 0.3250000000000000666 ) ) ;
#1119 = DIRECTION ( 'NONE',  ( -0.000000000000000000, -0.000000000000000000, 1.000000000000000000 ) ) ;
#1120 = VECTOR ( 'NONE', #1187, 1000.000000000000000 ) ;
#1121 = VERTEX_POINT ( 'NONE', #1066 ) ;
#1122 = AXIS2_PLACEMENT_3D ( 'NONE', #450, #1986, #52 ) ;
#1123 = ORIENTED_EDGE ( 'NONE', *, *, #2714, .F. ) ;
#1124 = AXIS2_PLACEMENT_3D ( 'NONE', #1672, #766, #2731 ) ;
#1125 =( NAMED_UNIT ( * ) SI_UNIT ( $, .STERADIAN. ) SOLID_ANGLE_UNIT ( ) );
#1126 = EDGE_CURVE ( 'NONE', #633, #2452, #2615, .T. ) ;
#1127 = AXIS2_PLACEMENT_3D ( 'NONE', #1417, #1693, #381 ) ;
#1128 = CARTESIAN_POINT ( 'NONE',  ( 0.000000000000000000, 0.9499999999999999556, 0.1499999999999999944 ) ) ;
#1129 = EDGE_LOOP ( 'NONE', ( #2444, #550, #1389, #1669 ) ) ;
#1130 = DIRECTION ( 'NONE',  ( 0.000000000000000000, -0.000000000000000000, -1.000000000000000000 ) ) ;
#1131 = COLOUR_RGB ( '',0.6666666666666666297, 0.6980392156862744724, 0.7686274509803920907 ) ;
#1132 = DIRECTION ( 'NONE',  ( 0.000000000000000000, 0.000000000000000000, 1.000000000000000000 ) ) ;
#1133 = ORIENTED_EDGE ( 'NONE', *, *, #1368, .T. ) ;
#1134 = CARTESIAN_POINT ( 'NONE',  ( -1.000000000000000000, 0.9000000000000000222, 0.6250000000000000000 ) ) ;
#1135 = SURFACE_STYLE_FILL_AREA ( #1593 ) ;
#1136 = LINE ( 'NONE', #2467, #91 ) ;
#1137 = VERTEX_POINT ( 'NONE', #884 ) ;
#1138 = ORIENTED_EDGE ( 'NONE', *, *, #413, .F. ) ;
#1139 = CARTESIAN_POINT ( 'NONE',  ( -1.000000000000000000, 0.9000000000000000222, 0.6250000000000000000 ) ) ;
#1140 = EDGE_CURVE ( 'NONE', #2772, #2649, #663, .T. ) ;
#1141 = CARTESIAN_POINT ( 'NONE',  ( 0.7999999999999999334, 0.9499999999999999556, 0.000000000000000000 ) ) ;
#1142 = CARTESIAN_POINT ( 'NONE',  ( 0.000000000000000000, 0.000000000000000000, 0.000000000000000000 ) ) ;
#1143 = EDGE_CURVE ( 'NONE', #1435, #2456, #452, .T. ) ;
#1144 = PRESENTATION_STYLE_ASSIGNMENT (( #2677 ) ) ;
#1145 = DIRECTION ( 'NONE',  ( 1.000000000000000000, 0.000000000000000000, 0.000000000000000000 ) ) ;
#1146 = EDGE_LOOP ( 'NONE', ( #1856, #168, #1457, #2468, #1720, #488 ) ) ;
#1147 = LINE ( 'NONE', #2241, #213 ) ;
#1148 = SURFACE_SIDE_STYLE ('',( #2216 ) ) ;
#1149 =( NAMED_UNIT ( * ) SI_UNIT ( $, .STERADIAN. ) SOLID_ANGLE_UNIT ( ) );
#1150 = ORIENTED_EDGE ( 'NONE', *, *, #1547, .F. ) ;
#1151 = VECTOR ( 'NONE', #1563, 1000.000000000000000 ) ;
#1152 = ORIENTED_EDGE ( 'NONE', *, *, #860, .T. ) ;
#1153 = DIRECTION ( 'NONE',  ( -0.000000000000000000, 1.000000000000000000, -0.000000000000000000 ) ) ;
#1154 = ADVANCED_FACE ( 'NONE', ( #38 ), #2629, .T. ) ;
#1155 = AXIS2_PLACEMENT_3D ( 'NONE', #1920, #2778, #824 ) ;
#1156 = PRESENTATION_STYLE_ASSIGNMENT (( #1369 ) ) ;
#1157 = DIRECTION ( 'NONE',  ( 0.000000000000000000, 0.000000000000000000, -1.000000000000000000 ) ) ;
#1158 = DIRECTION ( 'NONE',  ( -1.000000000000000000, 0.000000000000000000, 0.000000000000000000 ) ) ;
#1159 = ORIENTED_EDGE ( 'NONE', *, *, #1610, .F. ) ;
#1160 = EDGE_CURVE ( 'NONE', #1230, #2715, #2373, .T. ) ;
#1161 = CARTESIAN_POINT ( 'NONE',  ( -0.7999999999999999334, 0.9000000000000000222, 0.5749999999999999556 ) ) ;
#1162 = FILL_AREA_STYLE_COLOUR ( '', #2032 ) ;
#1163 = VERTEX_POINT ( 'NONE', #1990 ) ;
#1164 = ORIENTED_EDGE ( 'NONE', *, *, #2234, .F. ) ;
#1165 = VECTOR ( 'NONE', #308, 1000.000000000000000 ) ;
#1166 = CIRCLE ( 'NONE', #1904, 0.05000000000000002359 ) ;
#1167 = AXIS2_PLACEMENT_3D ( 'NONE', #1171, #289, #119 ) ;
#1168 = AXIS2_PLACEMENT_3D ( 'NONE', #2541, #544, #2314 ) ;
#1169 = DIRECTION ( 'NONE',  ( 0.000000000000000000, 0.000000000000000000, -1.000000000000000000 ) ) ;
#1170 = LINE ( 'NONE', #109, #895 ) ;
#1171 = CARTESIAN_POINT ( 'NONE',  ( 0.000000000000000000, 0.9000000000000000222, 0.5749999999999999556 ) ) ;
#1172 = ORIENTED_EDGE ( 'NONE', *, *, #1582, .T. ) ;
#1173 = CIRCLE ( 'NONE', #2220, 0.05000000000000002359 ) ;
#1174 = DIRECTION ( 'NONE',  ( 0.000000000000000000, 0.000000000000000000, 1.000000000000000000 ) ) ;
#1175 =( LENGTH_UNIT ( ) NAMED_UNIT ( * ) SI_UNIT ( .MILLI., .METRE. ) );
#1176 = DIRECTION ( 'NONE',  ( -1.000000000000000000, 0.000000000000000000, 0.000000000000000000 ) ) ;
#1177 = EDGE_CURVE ( 'NONE', #2055, #1917, #374, .T. ) ;
#1178 = ORIENTED_EDGE ( 'NONE', *, *, #2714, .T. ) ;
#1179 = ORIENTED_EDGE ( 'NONE', *, *, #2248, .T. ) ;
#1180 = ORIENTED_EDGE ( 'NONE', *, *, #2379, .F. ) ;
#1181 = CARTESIAN_POINT ( 'NONE',  ( 0.9499999999999998446, 0.9000000000000000222, -0.6250000000000000000 ) ) ;
#1182 = DIRECTION ( 'NONE',  ( 0.000000000000000000, -1.000000000000000000, 0.000000000000000000 ) ) ;
#1183 = CYLINDRICAL_SURFACE ( 'NONE', #1167, 0.05000000000000002359 ) ;
#1184 = VERTEX_POINT ( 'NONE', #2798 ) ;
#1185 = DIRECTION ( 'NONE',  ( -1.000000000000000000, 0.000000000000000000, -0.000000000000000000 ) ) ;
#1186 = DIRECTION ( 'NONE',  ( 0.000000000000000000, 0.000000000000000000, 1.000000000000000000 ) ) ;
#1187 = DIRECTION ( 'NONE',  ( -1.000000000000000000, 0.000000000000000000, 0.000000000000000000 ) ) ;
#1188 = ORIENTED_EDGE ( 'NONE', *, *, #1367, .F. ) ;
#1189 = EDGE_CURVE ( 'NONE', #1692, #2150, #1282, .T. ) ;
#1190 = CIRCLE ( 'NONE', #254, 0.05000000000000002359 ) ;
#1191 = DIRECTION ( 'NONE',  ( 0.000000000000000000, -1.000000000000000000, 0.000000000000000000 ) ) ;
#1192 = ORIENTED_EDGE ( 'NONE', *, *, #2407, .F. ) ;
#1193 = EDGE_CURVE ( 'NONE', #2061, #469, #116, .T. ) ;
#1194 = STYLED_ITEM ( 'NONE', ( #77 ), #638 ) ;
#1195 = DIRECTION ( 'NONE',  ( -1.000000000000000000, -0.000000000000000000, 0.000000000000000000 ) ) ;
#1196 = CYLINDRICAL_SURFACE ( 'NONE', #11, 0.05000000000000002359 ) ;
#1197 = DIRECTION ( 'NONE',  ( -0.000000000000000000, -0.000000000000000000, 1.000000000000000000 ) ) ;
#1198 = ORIENTED_EDGE ( 'NONE', *, *, #1338, .F. ) ;
#1199 = DIRECTION ( 'NONE',  ( 0.000000000000000000, 0.000000000000000000, -1.000000000000000000 ) ) ;
#1200 = VERTEX_POINT ( 'NONE', #2228 ) ;
#1201 = CARTESIAN_POINT ( 'NONE',  ( -0.1499999999999999667, -0.000000000000000000, 0.000000000000000000 ) ) ;
#1202 = LINE ( 'NONE', #170, #1207 ) ;
#1203 = VERTEX_POINT ( 'NONE', #1602 ) ;
#1204 = DIRECTION ( 'NONE',  ( 0.000000000000000000, -0.000000000000000000, -1.000000000000000000 ) ) ;
#1205 = ORIENTED_EDGE ( 'NONE', *, *, #509, .T. ) ;
#1206 = DIRECTION ( 'NONE',  ( -1.000000000000000000, 0.000000000000000000, 0.000000000000000000 ) ) ;
#1207 = VECTOR ( 'NONE', #356, 1000.000000000000000 ) ;
#1208 = EDGE_CURVE ( 'NONE', #1898, #929, #1362, .T. ) ;
#1209 = AXIS2_PLACEMENT_3D ( 'NONE', #1503, #19, #597 ) ;
#1210 = AXIS2_PLACEMENT_3D ( 'NONE', #487, #951, #1145 ) ;
#1211 = VECTOR ( 'NONE', #1195, 1000.000000000000000 ) ;
#1212 = DIRECTION ( 'NONE',  ( 0.000000000000000000, 0.000000000000000000, 1.000000000000000000 ) ) ;
#1213 = CARTESIAN_POINT ( 'NONE',  ( 0.5000000000000000000, 0.000000000000000000, 0.000000000000000000 ) ) ;
#1214 = ORIENTED_EDGE ( 'NONE', *, *, #152, .F. ) ;
#1215 = DIRECTION ( 'NONE',  ( -1.000000000000000000, -0.000000000000000000, -0.000000000000000000 ) ) ;
#1216 = MECHANICAL_DESIGN_GEOMETRIC_PRESENTATION_REPRESENTATION (  '', ( #2764 ), #807 ) ;
#1217 = ORIENTED_EDGE ( 'NONE', *, *, #2547, .F. ) ;
#1218 = STYLED_ITEM ( 'NONE', ( #1144 ), #1632 ) ;
#1219 = DIRECTION ( 'NONE',  ( 0.000000000000000000, -0.000000000000000000, -1.000000000000000000 ) ) ;
#1220 = CARTESIAN_POINT ( 'NONE',  ( 0.1499999999999999667, 0.000000000000000000, 0.5749999999999999556 ) ) ;
#1221 = VERTEX_POINT ( 'NONE', #690 ) ;
#1222 = SURFACE_STYLE_USAGE ( .BOTH. , #2121 ) ;
#1223 = LINE ( 'NONE', #118, #2171 ) ;
#1224 = EDGE_CURVE ( 'NONE', #1090, #2643, #100, .T. ) ;
#1225 = CARTESIAN_POINT ( 'NONE',  ( -1.000000000000000000, 0.9000000000000000222, -0.5749999999999998446 ) ) ;
#1226 = DIRECTION ( 'NONE',  ( 0.000000000000000000, 0.000000000000000000, 1.000000000000000000 ) ) ;
#1227 = ORIENTED_EDGE ( 'NONE', *, *, #300, .F. ) ;
#1228 = EDGE_CURVE ( 'NONE', #2660, #1447, #1859, .T. ) ;
#1229 = FACE_BOUND ( 'NONE', #2631, .T. ) ;
#1230 = VERTEX_POINT ( 'NONE', #1617 ) ;
#1231 = DIRECTION ( 'NONE',  ( 0.000000000000000000, 0.000000000000000000, 1.000000000000000000 ) ) ;
#1232 = LINE ( 'NONE', #394, #2256 ) ;
#1233 = CARTESIAN_POINT ( 'NONE',  ( 0.7999999999999999334, 0.000000000000000000, 0.5749999999999999556 ) ) ;
#1234 = AXIS2_PLACEMENT_3D ( 'NONE', #2515, #793, #563 ) ;
#1235 = CARTESIAN_POINT ( 'NONE',  ( 0.000000000000000000, 0.9499999999999999556, -0.5749999999999999556 ) ) ;
#1236 = FACE_OUTER_BOUND ( 'NONE', #1914, .T. ) ;
#1237 = PRODUCT_DEFINITION_SHAPE ( 'NONE', 'NONE',  #780 ) ;
#1238 = ORIENTED_EDGE ( 'NONE', *, *, #350, .F. ) ;
#1239 = VECTOR ( 'NONE', #1002, 1000.000000000000000 ) ;
#1240 = EDGE_CURVE ( 'NONE', #353, #1221, #2576, .T. ) ;
#1241 = APPLICATION_CONTEXT ( 'automotive_design' ) ;
#1242 = CARTESIAN_POINT ( 'NONE',  ( 0.000000000000000000, 0.9499999999999999556, 0.5749999999999999556 ) ) ;
#1243 = DIRECTION ( 'NONE',  ( -1.000000000000000000, 0.000000000000000000, -0.000000000000000000 ) ) ;
#1244 = AXIS2_PLACEMENT_3D ( 'NONE', #1034, #2090, #1638 ) ;
#1245 = STYLED_ITEM ( 'NONE', ( #1065 ), #255 ) ;
#1246 = CARTESIAN_POINT ( 'NONE',  ( -0.9499999999999999556, 0.9499999999999999556, 0.000000000000000000 ) ) ;
#1247 = CYLINDRICAL_SURFACE ( 'NONE', #2258, 0.05000000000000002359 ) ;
#1248 = AXIS2_PLACEMENT_3D ( 'NONE', #585, #542, #1185 ) ;
#1249 = VERTEX_POINT ( 'NONE', #491 ) ;
#1250 = VECTOR ( 'NONE', #1716, 1000.000000000000000 ) ;
#1251 = CYLINDRICAL_SURFACE ( 'NONE', #962, 0.05000000000000002359 ) ;
#1252 = VERTEX_POINT ( 'NONE', #1404 ) ;
#1253 = CARTESIAN_POINT ( 'NONE',  ( 0.000000000000000000, 0.9000000000000000222, 0.5749999999999999556 ) ) ;
#1254 =( NAMED_UNIT ( * ) SI_UNIT ( $, .STERADIAN. ) SOLID_ANGLE_UNIT ( ) );
#1255 = ADVANCED_FACE ( 'NONE', ( #2681 ), #2642, .F. ) ;
#1256 = SURFACE_SIDE_STYLE ('',( #2089 ) ) ;
#1257 = DIRECTION ( 'NONE',  ( 0.000000000000000000, -1.000000000000000000, 0.000000000000000000 ) ) ;
#1258 = ORIENTED_EDGE ( 'NONE', *, *, #653, .T. ) ;
#1259 = UNCERTAINTY_MEASURE_WITH_UNIT (LENGTH_MEASURE( 1.000000000000000082E-05 ), #1341, 'distance_accuracy_value', 'NONE');
#1260 = DIRECTION ( 'NONE',  ( 0.000000000000000000, 1.000000000000000000, 0.000000000000000000 ) ) ;
#1261 = AXIS2_PLACEMENT_3D ( 'NONE', #926, #1840, #944 ) ;
#1262 = LINE ( 'NONE', #654, #536 ) ;
#1263 = PLANE ( 'NONE',  #1353 ) ;
#1264 = ORIENTED_EDGE ( 'NONE', *, *, #1300, .T. ) ;
#1265 = VECTOR ( 'NONE', #376, 1000.000000000000000 ) ;
#1266 = STYLED_ITEM ( 'NONE', ( #2603 ), #2209 ) ;
#1267 = CYLINDRICAL_SURFACE ( 'NONE', #1105, 0.05000000000000002359 ) ;
#1268 = ORIENTED_EDGE ( 'NONE', *, *, #2584, .T. ) ;
#1269 = DIRECTION ( 'NONE',  ( 0.000000000000000000, 0.000000000000000000, 1.000000000000000000 ) ) ;
#1270 = MECHANICAL_DESIGN_GEOMETRIC_PRESENTATION_REPRESENTATION (  '', ( #281 ), #2585 ) ;
#1271 = ORIENTED_EDGE ( 'NONE', *, *, #2099, .T. ) ;
#1272 = CARTESIAN_POINT ( 'NONE',  ( -0.1499999999999999667, 0.05000000000000000278, 0.5749999999999999556 ) ) ;
#1273 = VECTOR ( 'NONE', #1867, 1000.000000000000000 ) ;
#1274 = EDGE_CURVE ( 'NONE', #1800, #1121, #279, .T. ) ;
#1275 = FACE_OUTER_BOUND ( 'NONE', #605, .T. ) ;
#1276 =( NAMED_UNIT ( * ) PLANE_ANGLE_UNIT ( ) SI_UNIT ( $, .RADIAN. ) );
#1277 = DIRECTION ( 'NONE',  ( -0.000000000000000000, -0.000000000000000000, -1.000000000000000000 ) ) ;
#1278 = ORIENTED_EDGE ( 'NONE', *, *, #2531, .T. ) ;
#1279 = LINE ( 'NONE', #2159, #1381 ) ;
#1280 = CARTESIAN_POINT ( 'NONE',  ( -0.1499999999999999667, 0.9499999999999999556, 0.000000000000000000 ) ) ;
#1281 = DIRECTION ( 'NONE',  ( 0.000000000000000000, 0.000000000000000000, 1.000000000000000000 ) ) ;
#1282 = LINE ( 'NONE', #1943, #868 ) ;
#1283 = ADVANCED_FACE ( 'NONE', ( #1349 ), #317, .T. ) ;
#1284 = COLOUR_RGB ( '',0.6666666666666666297, 0.6980392156862744724, 0.7686274509803920907 ) ;
#1285 = DIRECTION ( 'NONE',  ( 1.000000000000000000, -0.000000000000000000, -0.000000000000000000 ) ) ;
#1286 = VECTOR ( 'NONE', #1978, 1000.000000000000000 ) ;
#1287 = EDGE_CURVE ( 'NONE', #900, #2293, #1728, .T. ) ;
#1288 = AXIS2_PLACEMENT_3D ( 'NONE', #2512, #1407, #2104 ) ;
#1289 =( NAMED_UNIT ( * ) SI_UNIT ( $, .STERADIAN. ) SOLID_ANGLE_UNIT ( ) );
#1290 = SHAPE_DEFINITION_REPRESENTATION ( #1237, #131 ) ;
#1291 = VERTEX_POINT ( 'NONE', #2088 ) ;
#1292 = AXIS2_PLACEMENT_3D ( 'NONE', #2030, #901, #1174 ) ;
#1293 = DIRECTION ( 'NONE',  ( 1.000000000000000000, 0.000000000000000000, 0.000000000000000000 ) ) ;
#1294 = SURFACE_STYLE_FILL_AREA ( #1534 ) ;
#1295 = STYLED_ITEM ( 'NONE', ( #1876 ), #531 ) ;
#1296 = CARTESIAN_POINT ( 'NONE',  ( -0.05000000000000003747, 0.9499999999999999556, -0.4250000000000000444 ) ) ;
#1297 = ADVANCED_FACE ( 'NONE', ( #345 ), #2102, .T. ) ;
#1298 = DIRECTION ( 'NONE',  ( -0.000000000000000000, 1.000000000000000000, -0.000000000000000000 ) ) ;
#1299 =( NAMED_UNIT ( * ) SI_UNIT ( $, .STERADIAN. ) SOLID_ANGLE_UNIT ( ) );
#1300 = EDGE_CURVE ( 'NONE', #1027, #2753, #2296, .T. ) ;
#1301 = DIRECTION ( 'NONE',  ( -1.000000000000000000, 0.000000000000000000, 0.000000000000000000 ) ) ;
#1302 = ORIENTED_EDGE ( 'NONE', *, *, #2099, .F. ) ;
#1303 = CYLINDRICAL_SURFACE ( 'NONE', #1974, 0.05000000000000002359 ) ;
#1304 = DIRECTION ( 'NONE',  ( 0.000000000000000000, -0.000000000000000000, -1.000000000000000000 ) ) ;
#1305 = PRESENTATION_LAYER_ASSIGNMENT (  '', '', ( #1441 ) ) ;
#1306 = ORIENTED_EDGE ( 'NONE', *, *, #2234, .T. ) ;
#1307 = AXIS2_PLACEMENT_3D ( 'NONE', #1958, #219, #1921 ) ;
#1308 = FACE_OUTER_BOUND ( 'NONE', #2273, .T. ) ;
#1309 = DIRECTION ( 'NONE',  ( -1.000000000000000000, 0.000000000000000000, 0.000000000000000000 ) ) ;
#1310 = ORIENTED_EDGE ( 'NONE', *, *, #1875, .T. ) ;
#1311 = UNCERTAINTY_MEASURE_WITH_UNIT (LENGTH_MEASURE( 1.000000000000000082E-05 ), #240, 'distance_accuracy_value', 'NONE');
#1312 = CARTESIAN_POINT ( 'NONE',  ( 0.7999999999999999334, 0.05000000000000002359, -0.6250000000000000000 ) ) ;
#1313 = DIRECTION ( 'NONE',  ( 1.000000000000000000, 0.000000000000000000, -0.000000000000000000 ) ) ;
#1314 = AXIS2_PLACEMENT_3D ( 'NONE', #1253, #1450, #1032 ) ;
#1315 = AXIS2_PLACEMENT_3D ( 'NONE', #2462, #514, #312 ) ;
#1316 = PRESENTATION_STYLE_ASSIGNMENT (( #6 ) ) ;
#1317 = CARTESIAN_POINT ( 'NONE',  ( 0.9499999999999999556, 0.9000000000000000222, 0.6250000000000000000 ) ) ;
#1318 = ORIENTED_EDGE ( 'NONE', *, *, #2272, .T. ) ;
#1319 = EDGE_CURVE ( 'NONE', #2001, #2374, #2708, .T. ) ;
#1320 =( LENGTH_UNIT ( ) NAMED_UNIT ( * ) SI_UNIT ( .MILLI., .METRE. ) );
#1321 = CARTESIAN_POINT ( 'NONE',  ( 1.000000000000000000, 0.05000000000000002359, -0.6250000000000000000 ) ) ;
#1322 = EDGE_LOOP ( 'NONE', ( #2613, #40, #2048, #1997 ) ) ;
#1323 = EDGE_CURVE ( 'NONE', #2382, #1655, #405, .T. ) ;
#1324 = CARTESIAN_POINT ( 'NONE',  ( 0.000000000000000000, 0.9499999999999999556, 0.5749999999999999556 ) ) ;
#1325 = ORIENTED_EDGE ( 'NONE', *, *, #2049, .T. ) ;
#1326 = FILL_AREA_STYLE_COLOUR ( '', #1108 ) ;
#1327 = AXIS2_PLACEMENT_3D ( 'NONE', #624, #26, #2389 ) ;
#1328 = LINE ( 'NONE', #1128, #482 ) ;
#1329 = LINE ( 'NONE', #1098, #2355 ) ;
#1330 = ORIENTED_EDGE ( 'NONE', *, *, #1789, .F. ) ;
#1331 = SURFACE_STYLE_USAGE ( .BOTH. , #2665 ) ;
#1332 = CARTESIAN_POINT ( 'NONE',  ( -0.7999999999999999334, 0.9000000000000000222, -0.5749999999999999556 ) ) ;
#1333 = DIRECTION ( 'NONE',  ( 0.000000000000000000, 0.000000000000000000, -1.000000000000000000 ) ) ;
#1334 = ORIENTED_EDGE ( 'NONE', *, *, #1287, .T. ) ;
#1335 = AXIS2_PLACEMENT_3D ( 'NONE', #2383, #408, #2610 ) ;
#1336 = CARTESIAN_POINT ( 'NONE',  ( 0.7999999999999999334, 0.000000000000000000, 0.000000000000000000 ) ) ;
#1337 = DIRECTION ( 'NONE',  ( -1.000000000000000000, 0.000000000000000000, 0.000000000000000000 ) ) ;
#1338 = EDGE_CURVE ( 'NONE', #2456, #678, #2116, .T. ) ;
#1339 = ORIENTED_EDGE ( 'NONE', *, *, #2686, .T. ) ;
#1340 = EDGE_LOOP ( 'NONE', ( #476, #1908, #1425, #751 ) ) ;
#1341 =( LENGTH_UNIT ( ) NAMED_UNIT ( * ) SI_UNIT ( .MILLI., .METRE. ) );
#1342 = CARTESIAN_POINT ( 'NONE',  ( -1.000000000000000000, 0.9499999999999999556, -0.6250000000000000000 ) ) ;
#1343 = ORIENTED_EDGE ( 'NONE', *, *, #206, .F. ) ;
#1344 = DIRECTION ( 'NONE',  ( 0.000000000000000000, -1.000000000000000000, 0.000000000000000000 ) ) ;
#1345 = LINE ( 'NONE', #742, #406 ) ;
#1346 = CARTESIAN_POINT ( 'NONE',  ( 0.000000000000000000, 0.9000000000000000222, -0.5749999999999999556 ) ) ;
#1347 = ORIENTED_EDGE ( 'NONE', *, *, #413, .T. ) ;
#1348 = CARTESIAN_POINT ( 'NONE',  ( 0.5000000000000000000, 0.000000000000000000, 0.4250000000000007105 ) ) ;
#1349 = FACE_OUTER_BOUND ( 'NONE', #1838, .T. ) ;
#1350 = COLOUR_RGB ( '',0.6666666666666666297, 0.6980392156862744724, 0.7686274509803920907 ) ;
#1351 = VECTOR ( 'NONE', #2577, 1000.000000000000000 ) ;
#1352 = ORIENTED_EDGE ( 'NONE', *, *, #102, .F. ) ;
#1353 = AXIS2_PLACEMENT_3D ( 'NONE', #553, #197, #1226 ) ;
#1354 = ORIENTED_EDGE ( 'NONE', *, *, #2375, .T. ) ;
#1355 = EDGE_CURVE ( 'NONE', #604, #144, #1357, .T. ) ;
#1356 = DIRECTION ( 'NONE',  ( 0.000000000000000000, -0.000000000000000000, -1.000000000000000000 ) ) ;
#1357 = CIRCLE ( 'NONE', #2535, 0.05000000000000002359 ) ;
#1358 = CARTESIAN_POINT ( 'NONE',  ( -0.9499999999999999556, 0.05000000000000000278, -0.5749999999999999556 ) ) ;
#1359 = LINE ( 'NONE', #684, #56 ) ;
#1360 = CARTESIAN_POINT ( 'NONE',  ( -1.000000000000000000, 0.9000000000000000222, 0.5749999999999999556 ) ) ;
#1361 = ORIENTED_EDGE ( 'NONE', *, *, #2200, .F. ) ;
#1362 = LINE ( 'NONE', #1783, #1082 ) ;
#1363 = CARTESIAN_POINT ( 'NONE',  ( 0.04999999999999996808, 0.000000000000000000, -0.4249999999999999334 ) ) ;
#1364 = VERTEX_POINT ( 'NONE', #154 ) ;
#1365 = EDGE_LOOP ( 'NONE', ( #1379, #1581, #1164, #777 ) ) ;
#1366 = FACE_OUTER_BOUND ( 'NONE', #265, .T. ) ;
#1367 = EDGE_CURVE ( 'NONE', #2431, #230, #1896, .T. ) ;
#1368 = EDGE_CURVE ( 'NONE', #2420, #2521, #1000, .T. ) ;
#1369 = SURFACE_STYLE_USAGE ( .BOTH. , #2450 ) ;
#1370 = DIRECTION ( 'NONE',  ( -0.000000000000000000, -1.000000000000000000, 0.000000000000000000 ) ) ;
#1371 = CARTESIAN_POINT ( 'NONE',  ( -1.000000000000000000, 0.9000000000000000222, -0.6250000000000000000 ) ) ;
#1372 = ORIENTED_EDGE ( 'NONE', *, *, #774, .F. ) ;
#1373 = LINE ( 'NONE', #55, #73 ) ;
#1374 = CIRCLE ( 'NONE', #27, 0.05000000000000002359 ) ;
#1375 = CARTESIAN_POINT ( 'NONE',  ( 0.04999999999999925338, 0.9499999999999999556, 0.3250000000000000666 ) ) ;
#1376 = EDGE_CURVE ( 'NONE', #1886, #2193, #1635, .T. ) ;
#1377 = EDGE_LOOP ( 'NONE', ( #1361, #675, #2327, #2505 ) ) ;
#1378 = AXIS2_PLACEMENT_3D ( 'NONE', #2797, #1754, #1955 ) ;
#1379 = ORIENTED_EDGE ( 'NONE', *, *, #1070, .T. ) ;
#1380 = DIRECTION ( 'NONE',  ( 0.000000000000000000, 0.000000000000000000, -1.000000000000000000 ) ) ;
#1381 = VECTOR ( 'NONE', #21, 1000.000000000000000 ) ;
#1382 = SURFACE_STYLE_FILL_AREA ( #905 ) ;
#1383 = EDGE_CURVE ( 'NONE', #36, #2597, #8, .T. ) ;
#1384 = DIRECTION ( 'NONE',  ( 0.000000000000000000, 0.000000000000000000, -1.000000000000000000 ) ) ;
#1385 = PLANE ( 'NONE',  #580 ) ;
#1386 = ORIENTED_EDGE ( 'NONE', *, *, #2166, .F. ) ;
#1387 = DIRECTION ( 'NONE',  ( 1.000000000000000000, 0.000000000000000000, 0.000000000000000000 ) ) ;
#1388 = CYLINDRICAL_SURFACE ( 'NONE', #1261, 0.05000000000000002359 ) ;
#1389 = ORIENTED_EDGE ( 'NONE', *, *, #2636, .F. ) ;
#1390 = ORIENTED_EDGE ( 'NONE', *, *, #206, .T. ) ;
#1391 = FILL_AREA_STYLE ('',( #948 ) ) ;
#1392 = AXIS2_PLACEMENT_3D ( 'NONE', #235, #1947, #2126 ) ;
#1393 = CIRCLE ( 'NONE', #186, 0.05000000000000002359 ) ;
#1394 = ORIENTED_EDGE ( 'NONE', *, *, #2284, .F. ) ;
#1395 = STYLED_ITEM ( 'NONE', ( #681 ), #1980 ) ;
#1396 = CARTESIAN_POINT ( 'NONE',  ( -0.1499999999999999667, 0.05000000000000002359, 0.6250000000000000000 ) ) ;
#1397 =( NAMED_UNIT ( * ) SI_UNIT ( $, .STERADIAN. ) SOLID_ANGLE_UNIT ( ) );
#1398 = CYLINDRICAL_SURFACE ( 'NONE', #1402, 0.05000000000000002359 ) ;
#1399 = DIRECTION ( 'NONE',  ( 1.000000000000000000, -0.000000000000000000, -0.000000000000000000 ) ) ;
#1400 = ORIENTED_EDGE ( 'NONE', *, *, #484, .T. ) ;
#1401 = ADVANCED_FACE ( 'NONE', ( #183 ), #558, .T. ) ;
#1402 = AXIS2_PLACEMENT_3D ( 'NONE', #1489, #389, #1515 ) ;
#1403 = ORIENTED_EDGE ( 'NONE', *, *, #82, .F. ) ;
#1404 = CARTESIAN_POINT ( 'NONE',  ( -0.7999999999999999334, 0.000000000000000000, 0.5749999999999999556 ) ) ;
#1405 = DIRECTION ( 'NONE',  ( 0.000000000000000000, 0.000000000000000000, 1.000000000000000000 ) ) ;
#1406 = ADVANCED_FACE ( 'NONE', ( #1665 ), #1434, .T. ) ;
#1407 = DIRECTION ( 'NONE',  ( -0.000000000000000000, 1.000000000000000000, -0.000000000000000000 ) ) ;
#1408 = DIRECTION ( 'NONE',  ( 0.000000000000000000, 0.000000000000000000, 1.000000000000000000 ) ) ;
#1409 = ORIENTED_EDGE ( 'NONE', *, *, #2618, .T. ) ;
#1410 = CARTESIAN_POINT ( 'NONE',  ( -0.1499999999999999667, 0.9499999999999999556, 0.6250000000000000000 ) ) ;
#1411 = PRODUCT_RELATED_PRODUCT_CATEGORY ( 'part', '', ( #2553 ) ) ;
#1412 = CARTESIAN_POINT ( 'NONE',  ( -0.9499999999999999556, 0.05000000000000002359, -0.5749999999999999556 ) ) ;
#1413 = LINE ( 'NONE', #1213, #1539 ) ;
#1414 = EDGE_LOOP ( 'NONE', ( #464, #1471, #1068, #1491 ) ) ;
#1415 = FILL_AREA_STYLE ('',( #786 ) ) ;
#1416 = ORIENTED_EDGE ( 'NONE', *, *, #1228, .F. ) ;
#1417 = CARTESIAN_POINT ( 'NONE',  ( 0.9499999999999999556, 0.9000000000000000222, 0.5749999999999999556 ) ) ;
#1418 =( NAMED_UNIT ( * ) PLANE_ANGLE_UNIT ( ) SI_UNIT ( $, .RADIAN. ) );
#1419 =( LENGTH_UNIT ( ) NAMED_UNIT ( * ) SI_UNIT ( .MILLI., .METRE. ) );
#1420 = VECTOR ( 'NONE', #2513, 1000.000000000000000 ) ;
#1421 = DIRECTION ( 'NONE',  ( 0.000000000000000000, 0.000000000000000000, 1.000000000000000000 ) ) ;
#1422 = EDGE_CURVE ( 'NONE', #1697, #2554, #1912, .T. ) ;
#1423 = DIRECTION ( 'NONE',  ( 1.000000000000000000, 0.000000000000000000, 0.000000000000000000 ) ) ;
#1424 = VECTOR ( 'NONE', #2641, 1000.000000000000000 ) ;
#1425 = ORIENTED_EDGE ( 'NONE', *, *, #2309, .F. ) ;
#1426 = ORIENTED_EDGE ( 'NONE', *, *, #363, .F. ) ;
#1427 = CIRCLE ( 'NONE', #1009, 0.05000000000000002359 ) ;
#1428 = DIRECTION ( 'NONE',  ( 0.000000000000000000, -1.000000000000000000, 0.000000000000000000 ) ) ;
#1429 = VECTOR ( 'NONE', #741, 1000.000000000000000 ) ;
#1430 =( NAMED_UNIT ( * ) PLANE_ANGLE_UNIT ( ) SI_UNIT ( $, .RADIAN. ) );
#1431 = LINE ( 'NONE', #995, #480 ) ;
#1432 = EDGE_LOOP ( 'NONE', ( #321, #2397, #1607 ) ) ;
#1433 = CARTESIAN_POINT ( 'NONE',  ( 0.7999999999999999334, 0.9499999999999999556, -0.4250000000000007105 ) ) ;
#1434 = CYLINDRICAL_SURFACE ( 'NONE', #1314, 0.05000000000000002359 ) ;
#1435 = VERTEX_POINT ( 'NONE', #1481 ) ;
#1436 =( LENGTH_UNIT ( ) NAMED_UNIT ( * ) SI_UNIT ( .MILLI., .METRE. ) );
#1437 = CARTESIAN_POINT ( 'NONE',  ( 0.5999999999999999778, 0.9499999999999999556, -0.4250000000000000444 ) ) ;
#1438 = ORIENTED_EDGE ( 'NONE', *, *, #2253, .T. ) ;
#1439 = EDGE_CURVE ( 'NONE', #1769, #520, #854, .T. ) ;
#1440 = DIRECTION ( 'NONE',  ( -0.000000000000000000, -1.000000000000000000, -0.000000000000000000 ) ) ;
#1441 = STYLED_ITEM ( 'NONE', ( #899 ), #2429 ) ;
#1442 = EDGE_CURVE ( 'NONE', #900, #1898, #2131, .T. ) ;
#1443 = VECTOR ( 'NONE', #1197, 1000.000000000000000 ) ;
#1444 = AXIS2_PLACEMENT_3D ( 'NONE', #1342, #696, #2235 ) ;
#1445 = LINE ( 'NONE', #1659, #2769 ) ;
#1446 = CARTESIAN_POINT ( 'NONE',  ( -0.1500000000000001887, 0.9499999999999999556, -0.6250000000000000000 ) ) ;
#1447 = VERTEX_POINT ( 'NONE', #2582 ) ;
#1448 = STYLED_ITEM ( 'NONE', ( #474 ), #1255 ) ;
#1449 = ORIENTED_EDGE ( 'NONE', *, *, #473, .T. ) ;
#1450 = DIRECTION ( 'NONE',  ( 1.000000000000000000, 0.000000000000000000, 0.000000000000000000 ) ) ;
#1451 = CIRCLE ( 'NONE', #1860, 0.05000000000000002359 ) ;
#1452 = LINE ( 'NONE', #2315, #2556 ) ;
#1453 = ADVANCED_FACE ( 'NONE', ( #2145 ), #1046, .T. ) ;
#1454 = VECTOR ( 'NONE', #2437, 1000.000000000000000 ) ;
#1455 = DIRECTION ( 'NONE',  ( -1.000000000000000000, 0.000000000000000000, 0.000000000000000000 ) ) ;
#1456 = DIRECTION ( 'NONE',  ( 0.000000000000000000, 0.000000000000000000, 1.000000000000000000 ) ) ;
#1457 = ORIENTED_EDGE ( 'NONE', *, *, #1561, .T. ) ;
#1458 = UNCERTAINTY_MEASURE_WITH_UNIT (LENGTH_MEASURE( 1.000000000000000082E-05 ), #1865, 'distance_accuracy_value', 'NONE');
#1459 = LINE ( 'NONE', #2351, #1936 ) ;
#1460 = DIRECTION ( 'NONE',  ( 0.000000000000000000, 0.000000000000000000, 1.000000000000000000 ) ) ;
#1461 = EDGE_CURVE ( 'NONE', #929, #1121, #717, .T. ) ;
#1462 = DIRECTION ( 'NONE',  ( 0.000000000000000000, 0.000000000000000000, 1.000000000000000000 ) ) ;
#1463 = ORIENTED_EDGE ( 'NONE', *, *, #2618, .F. ) ;
#1464 = CARTESIAN_POINT ( 'NONE',  ( -0.7999999999999999334, 0.9000000000000000222, 0.6250000000000000000 ) ) ;
#1465 = VERTEX_POINT ( 'NONE', #831 ) ;
#1466 =( NAMED_UNIT ( * ) SI_UNIT ( $, .STERADIAN. ) SOLID_ANGLE_UNIT ( ) );
#1467 = CARTESIAN_POINT ( 'NONE',  ( 0.9499999999999999556, 0.05000000000000000278, 0.5749999999999999556 ) ) ;
#1468 = AXIS2_PLACEMENT_3D ( 'NONE', #1036, #1652, #836 ) ;
#1469 = CARTESIAN_POINT ( 'NONE',  ( -0.5000000000000000000, 0.000000000000000000, 0.5749999999999999556 ) ) ;
#1470 =( LENGTH_UNIT ( ) NAMED_UNIT ( * ) SI_UNIT ( .MILLI., .METRE. ) );
#1471 = ORIENTED_EDGE ( 'NONE', *, *, #171, .F. ) ;
#1472 = DIRECTION ( 'NONE',  ( 0.000000000000000000, -0.000000000000000000, -1.000000000000000000 ) ) ;
#1473 = COLOUR_RGB ( '',0.6666666666666666297, 0.6980392156862744724, 0.7686274509803920907 ) ;
#1474 = MECHANICAL_DESIGN_GEOMETRIC_PRESENTATION_REPRESENTATION (  '', ( #1933 ), #694 ) ;
#1475 = CARTESIAN_POINT ( 'NONE',  ( -0.04999999999999926725, 0.000000000000000000, 0.3250000000000000666 ) ) ;
#1476 = CARTESIAN_POINT ( 'NONE',  ( 0.000000000000000000, 0.9000000000000000222, 0.5749999999999999556 ) ) ;
#1477 =( GEOMETRIC_REPRESENTATION_CONTEXT ( 3 ) GLOBAL_UNCERTAINTY_ASSIGNED_CONTEXT ( ( #1740 ) ) GLOBAL_UNIT_ASSIGNED_CONTEXT ( ( #1902, #2559, #2474 ) ) REPRESENTATION_CONTEXT ( 'NONE', 'WORKASPACE' ) );
#1478 = ORIENTED_EDGE ( 'NONE', *, *, #1287, .F. ) ;
#1479 = EDGE_CURVE ( 'NONE', #2400, #36, #658, .T. ) ;
#1480 = EDGE_LOOP ( 'NONE', ( #1310, #671, #1278, #1623, #2414, #66 ) ) ;
#1481 = CARTESIAN_POINT ( 'NONE',  ( -0.1499999999999999667, 0.9499999999999999556, 0.5749999999999999556 ) ) ;
#1482 = DIRECTION ( 'NONE',  ( 1.000000000000000000, 0.000000000000000000, -0.000000000000000000 ) ) ;
#1483 = DIRECTION ( 'NONE',  ( 1.000000000000000000, -0.000000000000000000, -0.000000000000000000 ) ) ;
#1484 = FACE_OUTER_BOUND ( 'NONE', #1365, .T. ) ;
#1485 = ORIENTED_EDGE ( 'NONE', *, *, #1511, .F. ) ;
#1486 = UNCERTAINTY_MEASURE_WITH_UNIT (LENGTH_MEASURE( 1.000000000000000082E-05 ), #1541, 'distance_accuracy_value', 'NONE');
#1487 = DIRECTION ( 'NONE',  ( 0.000000000000000000, 0.000000000000000000, -1.000000000000000000 ) ) ;
#1488 = AXIS2_PLACEMENT_3D ( 'NONE', #123, #970, #2710 ) ;
#1489 = CARTESIAN_POINT ( 'NONE',  ( -1.000000000000000000, 0.05000000000000002359, -0.5749999999999999556 ) ) ;
#1490 = SPHERICAL_SURFACE ( 'NONE', #529, 0.05000000000000000278 ) ;
#1491 = ORIENTED_EDGE ( 'NONE', *, *, #1208, .F. ) ;
#1492 = CIRCLE ( 'NONE', #1030, 0.05000000000000002359 ) ;
#1493 =( NAMED_UNIT ( * ) PLANE_ANGLE_UNIT ( ) SI_UNIT ( $, .RADIAN. ) );
#1494 = DIRECTION ( 'NONE',  ( -0.000000000000000000, 1.000000000000000000, -0.000000000000000000 ) ) ;
#1495 = EDGE_CURVE ( 'NONE', #1200, #2252, #1543, .T. ) ;
#1496 = SPHERICAL_SURFACE ( 'NONE', #2191, 0.05000000000000000278 ) ;
#1497 = VECTOR ( 'NONE', #772, 1000.000000000000000 ) ;
#1498 = DIRECTION ( 'NONE',  ( -0.000000000000000000, 1.000000000000000000, -0.000000000000000000 ) ) ;
#1499 = EDGE_CURVE ( 'NONE', #1291, #1769, #35, .T. ) ;
#1500 = ORIENTED_EDGE ( 'NONE', *, *, #2702, .F. ) ;
#1501 = DIRECTION ( 'NONE',  ( 0.000000000000000000, 0.000000000000000000, -1.000000000000000000 ) ) ;
#1502 = VECTOR ( 'NONE', #445, 1000.000000000000000 ) ;
#1503 = CARTESIAN_POINT ( 'NONE',  ( 0.9499999999999999556, 0.9000000000000000222, 0.5749999999999999556 ) ) ;
#1504 = EDGE_CURVE ( 'NONE', #1364, #1926, #1451, .T. ) ;
#1505 = ORIENTED_EDGE ( 'NONE', *, *, #1795, .T. ) ;
#1506 = FACE_OUTER_BOUND ( 'NONE', #302, .T. ) ;
#1507 = DIRECTION ( 'NONE',  ( 0.000000000000000000, 0.000000000000000000, 1.000000000000000000 ) ) ;
#1508 = DIRECTION ( 'NONE',  ( 0.000000000000000000, 0.000000000000000000, -1.000000000000000000 ) ) ;
#1509 = FACE_OUTER_BOUND ( 'NONE', #2438, .T. ) ;
#1510 = FILL_AREA_STYLE_COLOUR ( '', #1830 ) ;
#1511 = EDGE_CURVE ( 'NONE', #1137, #2410, #409, .T. ) ;
#1512 = PRESENTATION_LAYER_ASSIGNMENT (  '', '', ( #2233 ) ) ;
#1513 = AXIS2_PLACEMENT_3D ( 'NONE', #57, #1498, #411 ) ;
#1514 = STYLED_ITEM ( 'NONE', ( #1636 ), #76 ) ;
#1515 = DIRECTION ( 'NONE',  ( 0.000000000000000000, 0.000000000000000000, -1.000000000000000000 ) ) ;
#1516 = EDGE_LOOP ( 'NONE', ( #2455, #2230, #734, #1048, #1463, #661 ) ) ;
#1517 = SURFACE_STYLE_FILL_AREA ( #2595 ) ;
#1518 = DIRECTION ( 'NONE',  ( -1.000000000000000000, 0.000000000000000000, 0.000000000000000000 ) ) ;
#1519 = PRESENTATION_LAYER_ASSIGNMENT (  '', '', ( #1194 ) ) ;
#1520 = LINE ( 'NONE', #1321, #1987 ) ;
#1521 = ORIENTED_EDGE ( 'NONE', *, *, #286, .F. ) ;
#1522 = EDGE_LOOP ( 'NONE', ( #2614, #2616, #1685, #295 ) ) ;
#1523 = VECTOR ( 'NONE', #2432, 1000.000000000000000 ) ;
#1524 = DIRECTION ( 'NONE',  ( -1.000000000000000000, 0.000000000000000000, 0.000000000000000000 ) ) ;
#1525 = CARTESIAN_POINT ( 'NONE',  ( -0.5000000000000000000, 0.9499999999999999556, 0.4250000000000007105 ) ) ;
#1526 = ORIENTED_EDGE ( 'NONE', *, *, #148, .T. ) ;
#1527 = SURFACE_STYLE_USAGE ( .BOTH. , #42 ) ;
#1528 = CYLINDRICAL_SURFACE ( 'NONE', #269, 0.05000000000000002359 ) ;
#1529 = EDGE_CURVE ( 'NONE', #2649, #1752, #2218, .T. ) ;
#1530 = CARTESIAN_POINT ( 'NONE',  ( -0.9499999999999999556, 0.000000000000000000, -0.6250000000000000000 ) ) ;
#1531 = ADVANCED_FACE ( 'NONE', ( #2369 ), #420, .T. ) ;
#1532 = ORIENTED_EDGE ( 'NONE', *, *, #2445, .T. ) ;
#1533 =( NAMED_UNIT ( * ) SI_UNIT ( $, .STERADIAN. ) SOLID_ANGLE_UNIT ( ) );
#1534 = FILL_AREA_STYLE ('',( #2596 ) ) ;
#1535 = CYLINDRICAL_SURFACE ( 'NONE', #2709, 0.05000000000000002359 ) ;
#1536 = ORIENTED_EDGE ( 'NONE', *, *, #2780, .F. ) ;
#1537 = EDGE_LOOP ( 'NONE', ( #2640, #1088, #733, #451 ) ) ;
#1538 = CIRCLE ( 'NONE', #666, 0.1000000000000000472 ) ;
#1539 = VECTOR ( 'NONE', #2311, 1000.000000000000000 ) ;
#1540 = PRESENTATION_STYLE_ASSIGNMENT (( #1049 ) ) ;
#1541 =( LENGTH_UNIT ( ) NAMED_UNIT ( * ) SI_UNIT ( .MILLI., .METRE. ) );
#1542 = ORIENTED_EDGE ( 'NONE', *, *, #484, .F. ) ;
#1543 = CIRCLE ( 'NONE', #447, 0.1000000000000000472 ) ;
#1544 = DIRECTION ( 'NONE',  ( 0.000000000000000000, -0.000000000000000000, -1.000000000000000000 ) ) ;
#1545 = DIRECTION ( 'NONE',  ( 0.000000000000000000, 0.000000000000000000, 1.000000000000000000 ) ) ;
#1546 = ORIENTED_EDGE ( 'NONE', *, *, #2791, .T. ) ;
#1547 = EDGE_CURVE ( 'NONE', #1184, #764, #1345, .T. ) ;
#1548 = DIRECTION ( 'NONE',  ( -1.000000000000000000, 0.000000000000000000, 2.168404344971007685E-15 ) ) ;
#1549 = VERTEX_POINT ( 'NONE', #1985 ) ;
#1550 = CARTESIAN_POINT ( 'NONE',  ( 0.9499999999999999556, 0.05000000000000000278, -0.5749999999999999556 ) ) ;
#1551 = DIRECTION ( 'NONE',  ( 1.000000000000000000, 0.000000000000000000, 0.000000000000000000 ) ) ;
#1552 = ORIENTED_EDGE ( 'NONE', *, *, #1143, .T. ) ;
#1553 = ORIENTED_EDGE ( 'NONE', *, *, #1900, .T. ) ;
#1554 = STYLED_ITEM ( 'NONE', ( #2372 ), #1110 ) ;
#1555 = VERTEX_POINT ( 'NONE', #2423 ) ;
#1556 = CIRCLE ( 'NONE', #1288, 0.09999999999999999167 ) ;
#1557 = FACE_OUTER_BOUND ( 'NONE', #916, .T. ) ;
#1558 = DIRECTION ( 'NONE',  ( -5.421010862427539919E-16, 0.000000000000000000, 1.000000000000000000 ) ) ;
#1559 = DIRECTION ( 'NONE',  ( 0.000000000000000000, 0.000000000000000000, 1.000000000000000000 ) ) ;
#1560 = ORIENTED_EDGE ( 'NONE', *, *, #2325, .T. ) ;
#1561 = EDGE_CURVE ( 'NONE', #2649, #922, #2224, .T. ) ;
#1562 = PRESENTATION_LAYER_ASSIGNMENT (  '', '', ( #1295 ) ) ;
#1563 = DIRECTION ( 'NONE',  ( -0.000000000000000000, 0.000000000000000000, 1.000000000000000000 ) ) ;
#1564 = CARTESIAN_POINT ( 'NONE',  ( 0.5000000000000000000, 0.05000000000000000278, 0.5749999999999999556 ) ) ;
#1565 = ORIENTED_EDGE ( 'NONE', *, *, #1319, .F. ) ;
#1566 = ORIENTED_EDGE ( 'NONE', *, *, #2636, .T. ) ;
#1567 = DIRECTION ( 'NONE',  ( 1.000000000000000000, 0.000000000000000000, 0.000000000000000000 ) ) ;
#1568 = AXIS2_PLACEMENT_3D ( 'NONE', #2039, #323, #1356 ) ;
#1569 = DIRECTION ( 'NONE',  ( 1.000000000000000000, -2.168404344971008079E-15, 0.000000000000000000 ) ) ;
#1570 = VERTEX_POINT ( 'NONE', #950 ) ;
#1571 = DIRECTION ( 'NONE',  ( -1.000000000000000000, -0.000000000000000000, -0.000000000000000000 ) ) ;
#1572 = CARTESIAN_POINT ( 'NONE',  ( -0.9499999999999999556, 0.9000000000000000222, -0.5749999999999999556 ) ) ;
#1573 = EDGE_LOOP ( 'NONE', ( #2120, #182, #2085, #809, #647, #2481 ) ) ;
#1574 = CARTESIAN_POINT ( 'NONE',  ( 0.7999999999999999334, 0.9499999999999999556, 0.5749999999999999556 ) ) ;
#1575 = EDGE_CURVE ( 'NONE', #1691, #424, #78, .T. ) ;
#1576 = SURFACE_STYLE_USAGE ( .BOTH. , #2657 ) ;
#1577 = AXIS2_PLACEMENT_3D ( 'NONE', #588, #2755, #1482 ) ;
#1578 = CARTESIAN_POINT ( 'NONE',  ( -0.8000000000000000444, 0.9499999999999999556, 0.4250000000000007105 ) ) ;
#1579 = ORIENTED_EDGE ( 'NONE', *, *, #1880, .T. ) ;
#1580 = VECTOR ( 'NONE', #365, 1000.000000000000000 ) ;
#1581 = ORIENTED_EDGE ( 'NONE', *, *, #571, .T. ) ;
#1582 = EDGE_CURVE ( 'NONE', #1570, #2484, #2132, .T. ) ;
#1583 = CARTESIAN_POINT ( 'NONE',  ( 0.6999999999999998446, 0.000000000000000000, -0.4250000000000000444 ) ) ;
#1584 = VECTOR ( 'NONE', #1628, 1000.000000000000000 ) ;
#1585 = COLOUR_RGB ( '',0.6666666666666666297, 0.6980392156862744724, 0.7686274509803920907 ) ;
#1586 = DIRECTION ( 'NONE',  ( -1.000000000000000000, 0.000000000000000000, 0.000000000000000000 ) ) ;
#1587 = AXIS2_PLACEMENT_3D ( 'NONE', #275, #499, #1157 ) ;
#1588 = EDGE_CURVE ( 'NONE', #2420, #1121, #2025, .T. ) ;
#1589 = DIRECTION ( 'NONE',  ( -0.000000000000000000, 1.000000000000000000, -0.000000000000000000 ) ) ;
#1590 = CARTESIAN_POINT ( 'NONE',  ( 0.04999999999999926725, 0.000000000000000000, -0.3249999999999999556 ) ) ;
#1591 = ORIENTED_EDGE ( 'NONE', *, *, #612, .T. ) ;
#1592 = DIRECTION ( 'NONE',  ( 0.000000000000000000, -1.000000000000000000, 0.000000000000000000 ) ) ;
#1593 = FILL_AREA_STYLE ('',( #925 ) ) ;
#1594 = ORIENTED_EDGE ( 'NONE', *, *, #2172, .T. ) ;
#1595 = EDGE_LOOP ( 'NONE', ( #522, #2402, #128, #2330, #2653, #1553 ) ) ;
#1596 = CARTESIAN_POINT ( 'NONE',  ( 0.000000000000000000, 0.9000000000000000222, -0.5749999999999999556 ) ) ;
#1597 = EDGE_CURVE ( 'NONE', #904, #2267, #93, .T. ) ;
#1598 = CARTESIAN_POINT ( 'NONE',  ( -0.9499999999999999556, 0.9499999999999999556, 0.5749999999999999556 ) ) ;
#1599 = SURFACE_STYLE_FILL_AREA ( #287 ) ;
#1600 = ORIENTED_EDGE ( 'NONE', *, *, #1653, .F. ) ;
#1601 = CARTESIAN_POINT ( 'NONE',  ( 1.000000000000000000, 0.9499999999999999556, -0.5750000000000000666 ) ) ;
#1602 = CARTESIAN_POINT ( 'NONE',  ( -0.5000000000000000000, -0.000000000000000000, 0.4250000000000007105 ) ) ;
#1603 = VECTOR ( 'NONE', #689, 1000.000000000000000 ) ;
#1604 = PRESENTATION_STYLE_ASSIGNMENT (( #2682 ) ) ;
#1605 = ORIENTED_EDGE ( 'NONE', *, *, #2375, .F. ) ;
#1606 = CIRCLE ( 'NONE', #1378, 0.09999999999999999167 ) ;
#1607 = ORIENTED_EDGE ( 'NONE', *, *, #723, .F. ) ;
#1608 =( LENGTH_UNIT ( ) NAMED_UNIT ( * ) SI_UNIT ( .MILLI., .METRE. ) );
#1609 = STYLED_ITEM ( 'NONE', ( #2589 ), #862 ) ;
#1610 = EDGE_CURVE ( 'NONE', #578, #2496, #1359, .T. ) ;
#1611 = CARTESIAN_POINT ( 'NONE',  ( -1.000000000000000000, 0.9499999999999999556, 0.6250000000000000000 ) ) ;
#1612 = ADVANCED_FACE ( 'NONE', ( #470 ), #1385, .F. ) ;
#1613 = FILL_AREA_STYLE_COLOUR ( '', #2447 ) ;
#1614 = DIRECTION ( 'NONE',  ( 0.000000000000000000, 0.000000000000000000, 1.000000000000000000 ) ) ;
#1615 = ORIENTED_EDGE ( 'NONE', *, *, #2702, .T. ) ;
#1616 = DIRECTION ( 'NONE',  ( 0.000000000000000000, 0.000000000000000000, -1.000000000000000000 ) ) ;
#1617 = CARTESIAN_POINT ( 'NONE',  ( 0.9499999999999999556, 0.000000000000000000, -0.5749999999999999556 ) ) ;
#1618 = CARTESIAN_POINT ( 'NONE',  ( 0.1499999999999999667, 0.05000000000000000278, 0.5749999999999999556 ) ) ;
#1619 = CIRCLE ( 'NONE', #1488, 0.09999999999999993616 ) ;
#1620 = DIRECTION ( 'NONE',  ( -1.000000000000000000, -0.000000000000000000, -0.000000000000000000 ) ) ;
#1621 = EDGE_CURVE ( 'NONE', #2699, #2579, #2178, .T. ) ;
#1622 = VECTOR ( 'NONE', #2070, 1000.000000000000000 ) ;
#1623 = ORIENTED_EDGE ( 'NONE', *, *, #2495, .T. ) ;
#1624 = PRESENTATION_LAYER_ASSIGNMENT (  '', '', ( #1266 ) ) ;
#1625 = PRODUCT_DEFINITION_FORMATION_WITH_SPECIFIED_SOURCE ( 'ANY', '', #2553, .NOT_KNOWN. ) ;
#1626 = CARTESIAN_POINT ( 'NONE',  ( -0.1500000000000001887, 0.05000000000000002359, -0.6250000000000000000 ) ) ;
#1627 = STYLED_ITEM ( 'NONE', ( #503 ), #1283 ) ;
#1628 = DIRECTION ( 'NONE',  ( 0.000000000000000000, 1.000000000000000000, 0.000000000000000000 ) ) ;
#1629 = DIRECTION ( 'NONE',  ( 0.000000000000000000, 0.000000000000000000, -1.000000000000000000 ) ) ;
#1630 = ORIENTED_EDGE ( 'NONE', *, *, #171, .T. ) ;
#1631 = VECTOR ( 'NONE', #2265, 1000.000000000000000 ) ;
#1632 = ADVANCED_FACE ( 'NONE', ( #2045 ), #909, .T. ) ;
#1633 = CARTESIAN_POINT ( 'NONE',  ( -1.000000000000000000, 0.9000000000000000222, 0.6250000000000000000 ) ) ;
#1634 = ORIENTED_EDGE ( 'NONE', *, *, #1240, .F. ) ;
#1635 = LINE ( 'NONE', #2281, #2262 ) ;
#1636 = PRESENTATION_STYLE_ASSIGNMENT (( #483 ) ) ;
#1637 = LINE ( 'NONE', #705, #1946 ) ;
#1638 = DIRECTION ( 'NONE',  ( 0.000000000000000000, 0.000000000000000000, -1.000000000000000000 ) ) ;
#1639 = DIRECTION ( 'NONE',  ( 0.000000000000000000, 0.000000000000000000, 1.000000000000000000 ) ) ;
#1640 = EDGE_LOOP ( 'NONE', ( #1730, #2672, #1764, #2751 ) ) ;
#1641 = PLANE ( 'NONE',  #2711 ) ;
#1642 =( LENGTH_UNIT ( ) NAMED_UNIT ( * ) SI_UNIT ( .MILLI., .METRE. ) );
#1643 = FACE_OUTER_BOUND ( 'NONE', #2722, .T. ) ;
#1644 = ORIENTED_EDGE ( 'NONE', *, *, #2187, .T. ) ;
#1645 = MECHANICAL_DESIGN_GEOMETRIC_PRESENTATION_REPRESENTATION (  '', ( #2233 ), #641 ) ;
#1646 = CYLINDRICAL_SURFACE ( 'NONE', #120, 0.05000000000000002359 ) ;
#1647 = DIRECTION ( 'NONE',  ( -1.000000000000000000, -0.000000000000000000, 0.000000000000000000 ) ) ;
#1648 = EDGE_CURVE ( 'NONE', #2036, #2667, #1170, .T. ) ;
#1649 = DIRECTION ( 'NONE',  ( 0.000000000000000000, -1.000000000000000000, 0.000000000000000000 ) ) ;
#1650 = VECTOR ( 'NONE', #397, 1000.000000000000000 ) ;
#1651 = CARTESIAN_POINT ( 'NONE',  ( 0.1499999999999999667, 0.9000000000000000222, -0.5749999999999999556 ) ) ;
#1652 = DIRECTION ( 'NONE',  ( 0.000000000000000000, -1.000000000000000000, 0.000000000000000000 ) ) ;
#1653 = EDGE_CURVE ( 'NONE', #418, #353, #1872, .T. ) ;
#1654 = CIRCLE ( 'NONE', #2015, 0.05000000000000002359 ) ;
#1655 = VERTEX_POINT ( 'NONE', #327 ) ;
#1656 = COLOUR_RGB ( '',0.6666666666666666297, 0.6980392156862744724, 0.7686274509803920907 ) ;
#1657 = CARTESIAN_POINT ( 'NONE',  ( -0.9499999999999999556, 0.05000000000000002359, -0.5749999999999998446 ) ) ;
#1658 = COLOUR_RGB ( '',0.6666666666666666297, 0.6980392156862744724, 0.7686274509803920907 ) ;
#1659 = CARTESIAN_POINT ( 'NONE',  ( 0.000000000000000000, 0.9499999999999999556, -0.5749999999999999556 ) ) ;
#1660 = EDGE_CURVE ( 'NONE', #886, #2406, #2503, .T. ) ;
#1661 = LINE ( 'NONE', #815, #1622 ) ;
#1662 = ORIENTED_EDGE ( 'NONE', *, *, #923, .F. ) ;
#1663 =( NAMED_UNIT ( * ) PLANE_ANGLE_UNIT ( ) SI_UNIT ( $, .RADIAN. ) );
#1664 = ORIENTED_EDGE ( 'NONE', *, *, #1707, .T. ) ;
#1665 = FACE_OUTER_BOUND ( 'NONE', #1802, .T. ) ;
#1666 = SURFACE_STYLE_USAGE ( .BOTH. , #1256 ) ;
#1667 = CARTESIAN_POINT ( 'NONE',  ( -0.1499999999999999667, 0.9499999999999999556, 0.1499999999999999944 ) ) ;
#1668 = DIRECTION ( 'NONE',  ( -1.000000000000000000, 0.000000000000000000, 0.000000000000000000 ) ) ;
#1669 = ORIENTED_EDGE ( 'NONE', *, *, #1726, .F. ) ;
#1670 = EDGE_CURVE ( 'NONE', #633, #879, #1731, .T. ) ;
#1671 = CARTESIAN_POINT ( 'NONE',  ( 0.5000000000000000000, 0.9499999999999999556, -0.5749999999999999556 ) ) ;
#1672 = CARTESIAN_POINT ( 'NONE',  ( -1.000000000000000000, 0.9499999999999999556, -0.6250000000000000000 ) ) ;
#1673 = MECHANICAL_DESIGN_GEOMETRIC_PRESENTATION_REPRESENTATION (  '', ( #710 ), #753 ) ;
#1674 = COLOUR_RGB ( '',0.6666666666666666297, 0.6980392156862744724, 0.7686274509803920907 ) ;
#1675 = STYLED_ITEM ( 'NONE', ( #2225 ), #2543 ) ;
#1676 =( NAMED_UNIT ( * ) SI_UNIT ( $, .STERADIAN. ) SOLID_ANGLE_UNIT ( ) );
#1677 = FACE_OUTER_BOUND ( 'NONE', #59, .T. ) ;
#1678 = ORIENTED_EDGE ( 'NONE', *, *, #2066, .T. ) ;
#1679 =( NAMED_UNIT ( * ) SI_UNIT ( $, .STERADIAN. ) SOLID_ANGLE_UNIT ( ) );
#1680 = VECTOR ( 'NONE', #209, 1000.000000000000000 ) ;
#1681 = CARTESIAN_POINT ( 'NONE',  ( -0.5000000000000000000, 0.05000000000000002359, -0.6250000000000000000 ) ) ;
#1682 = ORIENTED_EDGE ( 'NONE', *, *, #1575, .T. ) ;
#1683 = LINE ( 'NONE', #2497, #422 ) ;
#1684 = SURFACE_SIDE_STYLE ('',( #1050 ) ) ;
#1685 = ORIENTED_EDGE ( 'NONE', *, *, #399, .F. ) ;
#1686 = UNCERTAINTY_MEASURE_WITH_UNIT (LENGTH_MEASURE( 1.000000000000000082E-05 ), #2396, 'distance_accuracy_value', 'NONE');
#1687 = DIRECTION ( 'NONE',  ( 1.000000000000000000, 0.000000000000000000, 0.000000000000000000 ) ) ;
#1688 = ADVANCED_FACE ( 'NONE', ( #364 ), #2053, .T. ) ;
#1689 = DIRECTION ( 'NONE',  ( 0.000000000000000000, 0.000000000000000000, 1.000000000000000000 ) ) ;
#1690 = CARTESIAN_POINT ( 'NONE',  ( 0.9499999999999999556, 0.9499999999999999556, 0.5749999999999999556 ) ) ;
#1691 = VERTEX_POINT ( 'NONE', #1225 ) ;
#1692 = VERTEX_POINT ( 'NONE', #2321 ) ;
#1693 = DIRECTION ( 'NONE',  ( 1.000000000000000000, 0.000000000000000000, 0.000000000000000000 ) ) ;
#1694 = ORIENTED_EDGE ( 'NONE', *, *, #130, .F. ) ;
#1695 = LINE ( 'NONE', #607, #2376 ) ;
#1696 =( NAMED_UNIT ( * ) PLANE_ANGLE_UNIT ( ) SI_UNIT ( $, .RADIAN. ) );
#1697 = VERTEX_POINT ( 'NONE', #2536 ) ;
#1698 = ORIENTED_EDGE ( 'NONE', *, *, #1928, .F. ) ;
#1699 = CLOSED_SHELL ( 'NONE', ( #695, #25, #284, #1453, #1018, #991, #496, #2082, #1996, #2028, #1980, #2411, #2347, #395, #2035, #2117, #638, #997, #255, #755, #980, #1255, #1826, #891, #76, #2674, #2209, #1612, #513, #637, #862, #89, #2490, #1154, #1688, #2622, #2700, #1702, #2221, #1776, #1283, #739, #1297, #243, #810, #2502, #1406, #2630, #220, #1531, #1110, #2543, #2740, #122, #961, #813, #546, #1632, #1401, #531, #2289, #459, #1828, #334, #1106, #1091, #1889, #428, #2393, #596, #2448, #1083, #947, #2429, #2236 ) ) ;
#1700 =( GEOMETRIC_REPRESENTATION_CONTEXT ( 3 ) GLOBAL_UNCERTAINTY_ASSIGNED_CONTEXT ( ( #1966 ) ) GLOBAL_UNIT_ASSIGNED_CONTEXT ( ( #2628, #2135, #2569 ) ) REPRESENTATION_CONTEXT ( 'NONE', 'WORKASPACE' ) );
#1701 = AXIS2_PLACEMENT_3D ( 'NONE', #2223, #2250, #274 ) ;
#1702 = ADVANCED_FACE ( 'NONE', ( #375 ), #1196, .T. ) ;
#1703 = FACE_OUTER_BOUND ( 'NONE', #2570, .T. ) ;
#1704 = FACE_OUTER_BOUND ( 'NONE', #1895, .T. ) ;
#1705 = CIRCLE ( 'NONE', #2287, 0.05000000000000002359 ) ;
#1706 = ORIENTED_EDGE ( 'NONE', *, *, #1726, .T. ) ;
#1707 = EDGE_CURVE ( 'NONE', #945, #1291, #1173, .T. ) ;
#1708 = AXIS2_PLACEMENT_3D ( 'NONE', #2317, #549, #808 ) ;
#1709 = CARTESIAN_POINT ( 'NONE',  ( -1.000000000000000000, 0.05000000000000002359, 0.5749999999999999556 ) ) ;
#1710 = DIRECTION ( 'NONE',  ( 0.000000000000000000, 0.000000000000000000, -1.000000000000000000 ) ) ;
#1711 = DIRECTION ( 'NONE',  ( 1.000000000000000000, -0.000000000000000000, -0.000000000000000000 ) ) ;
#1712 = ORIENTED_EDGE ( 'NONE', *, *, #1810, .T. ) ;
#1713 = FILL_AREA_STYLE_COLOUR ( '', #1473 ) ;
#1714 = CARTESIAN_POINT ( 'NONE',  ( 0.6000000000000006439, 0.9499999999999999556, -0.3250000000000000666 ) ) ;
#1715 = ORIENTED_EDGE ( 'NONE', *, *, #1964, .T. ) ;
#1716 = DIRECTION ( 'NONE',  ( 1.000000000000000000, 0.000000000000000000, 0.000000000000000000 ) ) ;
#1717 = LINE ( 'NONE', #1732, #2304 ) ;
#1718 = DIRECTION ( 'NONE',  ( -0.000000000000000000, 1.000000000000000000, -0.000000000000000000 ) ) ;
#1719 = APPLICATION_PROTOCOL_DEFINITION ( 'draft international standard', 'automotive_design', 1998, #1939 ) ;
#1720 = ORIENTED_EDGE ( 'NONE', *, *, #1511, .T. ) ;
#1721 =( GEOMETRIC_REPRESENTATION_CONTEXT ( 3 ) GLOBAL_UNCERTAINTY_ASSIGNED_CONTEXT ( ( #2336 ) ) GLOBAL_UNIT_ASSIGNED_CONTEXT ( ( #467, #107, #497 ) ) REPRESENTATION_CONTEXT ( 'NONE', 'WORKASPACE' ) );
#1722 = CARTESIAN_POINT ( 'NONE',  ( 0.000000000000000000, 0.9000000000000000222, 0.5749999999999999556 ) ) ;
#1723 = DIRECTION ( 'NONE',  ( -1.000000000000000000, 0.000000000000000000, 4.336808689942016158E-15 ) ) ;
#1724 = SURFACE_STYLE_FILL_AREA ( #2197 ) ;
#1725 = PRESENTATION_LAYER_ASSIGNMENT (  '', '', ( #1448 ) ) ;
#1726 = EDGE_CURVE ( 'NONE', #2065, #1926, #2083, .T. ) ;
#1727 = CARTESIAN_POINT ( 'NONE',  ( -1.000000000000000000, 0.9499999999999999556, 0.6250000000000000000 ) ) ;
#1728 = CIRCLE ( 'NONE', #238, 0.05000000000000002359 ) ;
#1729 = CARTESIAN_POINT ( 'NONE',  ( -0.9499999999999999556, 0.9499999999999999556, -0.6250000000000000000 ) ) ;
#1730 = ORIENTED_EDGE ( 'NONE', *, *, #102, .T. ) ;
#1731 = CIRCLE ( 'NONE', #2043, 0.05000000000000002359 ) ;
#1732 = CARTESIAN_POINT ( 'NONE',  ( 0.5000000000000000000, 0.000000000000000000, 0.000000000000000000 ) ) ;
#1733 = CARTESIAN_POINT ( 'NONE',  ( 0.1499999999999999667, 0.000000000000000000, -0.4250000000000005995 ) ) ;
#1734 = ORIENTED_EDGE ( 'NONE', *, *, #1621, .F. ) ;
#1735 = DIRECTION ( 'NONE',  ( -1.000000000000000000, 0.000000000000000000, 0.000000000000000000 ) ) ;
#1736 = SURFACE_SIDE_STYLE ('',( #10 ) ) ;
#1737 = PRESENTATION_STYLE_ASSIGNMENT (( #250 ) ) ;
#1738 = SURFACE_STYLE_FILL_AREA ( #2371 ) ;
#1739 = EDGE_CURVE ( 'NONE', #945, #1203, #2733, .T. ) ;
#1740 = UNCERTAINTY_MEASURE_WITH_UNIT (LENGTH_MEASURE( 1.000000000000000082E-05 ), #1902, 'distance_accuracy_value', 'NONE');
#1741 = EDGE_CURVE ( 'NONE', #1812, #988, #2112, .T. ) ;
#1742 = DIRECTION ( 'NONE',  ( -1.000000000000000000, 0.000000000000000000, 0.000000000000000000 ) ) ;
#1743 = VECTOR ( 'NONE', #1309, 1000.000000000000000 ) ;
#1744 = COLOUR_RGB ( '',0.6666666666666666297, 0.6980392156862744724, 0.7686274509803920907 ) ;
#1745 = DIRECTION ( 'NONE',  ( 0.000000000000000000, 0.000000000000000000, 1.000000000000000000 ) ) ;
#1746 = ORIENTED_EDGE ( 'NONE', *, *, #2795, .T. ) ;
#1747 = EDGE_CURVE ( 'NONE', #2753, #519, #2719, .T. ) ;
#1748 = DIRECTION ( 'NONE',  ( 0.000000000000000000, 0.000000000000000000, -1.000000000000000000 ) ) ;
#1749 = SURFACE_STYLE_USAGE ( .BOTH. , #22 ) ;
#1750 = STYLED_ITEM ( 'NONE', ( #2100 ), #513 ) ;
#1751 = ORIENTED_EDGE ( 'NONE', *, *, #1355, .T. ) ;
#1752 = VERTEX_POINT ( 'NONE', #2487 ) ;
#1753 =( GEOMETRIC_REPRESENTATION_CONTEXT ( 3 ) GLOBAL_UNCERTAINTY_ASSIGNED_CONTEXT ( ( #2108 ) ) GLOBAL_UNIT_ASSIGNED_CONTEXT ( ( #387, #2762, #1397 ) ) REPRESENTATION_CONTEXT ( 'NONE', 'WORKASPACE' ) );
#1754 = DIRECTION ( 'NONE',  ( -0.000000000000000000, 1.000000000000000000, -0.000000000000000000 ) ) ;
#1755 = CARTESIAN_POINT ( 'NONE',  ( 0.000000000000000000, 0.9000000000000000222, -0.5749999999999999556 ) ) ;
#1756 =( NAMED_UNIT ( * ) PLANE_ANGLE_UNIT ( ) SI_UNIT ( $, .RADIAN. ) );
#1757 = EDGE_CURVE ( 'NONE', #578, #2772, #1445, .T. ) ;
#1758 = CARTESIAN_POINT ( 'NONE',  ( 0.9499999999999998446, 0.9499999999999999556, 0.6250000000000000000 ) ) ;
#1759 = ORIENTED_EDGE ( 'NONE', *, *, #1880, .F. ) ;
#1760 = PLANE ( 'NONE',  #877 ) ;
#1761 = DIRECTION ( 'NONE',  ( -1.000000000000000000, -0.000000000000000000, -0.000000000000000000 ) ) ;
#1762 = CARTESIAN_POINT ( 'NONE',  ( -1.000000000000000000, 0.05000000000000002359, 0.5749999999999999556 ) ) ;
#1763 = VECTOR ( 'NONE', #2399, 1000.000000000000000 ) ;
#1764 = ORIENTED_EDGE ( 'NONE', *, *, #2659, .F. ) ;
#1765 =( GEOMETRIC_REPRESENTATION_CONTEXT ( 3 ) GLOBAL_UNCERTAINTY_ASSIGNED_CONTEXT ( ( #1109 ) ) GLOBAL_UNIT_ASSIGNED_CONTEXT ( ( #2339, #2763, #1299 ) ) REPRESENTATION_CONTEXT ( 'NONE', 'WORKASPACE' ) );
#1766 = AXIS2_PLACEMENT_3D ( 'NONE', #2366, #1058, #842 ) ;
#1767 = DIRECTION ( 'NONE',  ( 0.000000000000000000, 0.000000000000000000, 1.000000000000000000 ) ) ;
#1768 = CARTESIAN_POINT ( 'NONE',  ( 0.9499999999999999556, 0.05000000000000002359, -0.5749999999999999556 ) ) ;
#1769 = VERTEX_POINT ( 'NONE', #814 ) ;
#1770 = AXIS2_PLACEMENT_3D ( 'NONE', #2328, #2509, #2524 ) ;
#1771 = VERTEX_POINT ( 'NONE', #539 ) ;
#1772 = UNCERTAINTY_MEASURE_WITH_UNIT (LENGTH_MEASURE( 1.000000000000000082E-05 ), #1014, 'distance_accuracy_value', 'NONE');
#1773 = LINE ( 'NONE', #426, #2469 ) ;
#1774 = MECHANICAL_DESIGN_GEOMETRIC_PRESENTATION_REPRESENTATION (  '', ( #1218 ), #2539 ) ;
#1775 = STYLED_ITEM ( 'NONE', ( #2720 ), #1776 ) ;
#1776 = ADVANCED_FACE ( 'NONE', ( #2548 ), #1398, .T. ) ;
#1777 = ORIENTED_EDGE ( 'NONE', *, *, #2172, .F. ) ;
#1778 = FACE_OUTER_BOUND ( 'NONE', #159, .T. ) ;
#1779 = CARTESIAN_POINT ( 'NONE',  ( -0.8000000000000002665, 0.9499999999999999556, -4.336808689942033020E-16 ) ) ;
#1780 = CYLINDRICAL_SURFACE ( 'NONE', #45, 0.05000000000000002359 ) ;
#1781 = ORIENTED_EDGE ( 'NONE', *, *, #1442, .F. ) ;
#1782 = CARTESIAN_POINT ( 'NONE',  ( -1.000000000000000000, 0.9499999999999999556, 0.6250000000000000000 ) ) ;
#1783 = CARTESIAN_POINT ( 'NONE',  ( 0.1499999999999999667, 0.05000000000000002359, -0.6250000000000000000 ) ) ;
#1784 = ORIENTED_EDGE ( 'NONE', *, *, #315, .T. ) ;
#1785 = ORIENTED_EDGE ( 'NONE', *, *, #927, .T. ) ;
#1786 = FILL_AREA_STYLE_COLOUR ( '', #1801 ) ;
#1787 = PLANE ( 'NONE',  #1444 ) ;
#1788 = ORIENTED_EDGE ( 'NONE', *, *, #1597, .F. ) ;
#1789 = EDGE_CURVE ( 'NONE', #2484, #2517, #2182, .T. ) ;
#1790 = CIRCLE ( 'NONE', #735, 0.05000000000000002359 ) ;
#1791 = CARTESIAN_POINT ( 'NONE',  ( 0.5000000000000000000, 0.9499999999999999556, 0.5749999999999999556 ) ) ;
#1792 = FILL_AREA_STYLE ('',( #1613 ) ) ;
#1793 = CIRCLE ( 'NONE', #552, 0.05000000000000002359 ) ;
#1794 = ORIENTED_EDGE ( 'NONE', *, *, #378, .T. ) ;
#1795 = EDGE_CURVE ( 'NONE', #2464, #900, #2156, .T. ) ;
#1796 = CIRCLE ( 'NONE', #2424, 0.1000000000000000472 ) ;
#1797 = CARTESIAN_POINT ( 'NONE',  ( -0.9499999999999999556, 0.9000000000000000222, 0.000000000000000000 ) ) ;
#1798 = DIRECTION ( 'NONE',  ( 0.000000000000000000, 0.000000000000000000, 1.000000000000000000 ) ) ;
#1799 = CARTESIAN_POINT ( 'NONE',  ( 0.04999999999999996808, 0.000000000000000000, 0.3250000000000000666 ) ) ;
#1800 = VERTEX_POINT ( 'NONE', #1733 ) ;
#1801 = COLOUR_RGB ( '',0.6666666666666666297, 0.6980392156862744724, 0.7686274509803920907 ) ;
#1802 = EDGE_LOOP ( 'NONE', ( #2492, #1198, #58, #1123 ) ) ;
#1803 = CARTESIAN_POINT ( 'NONE',  ( 1.000000000000000000, 0.000000000000000000, -0.5749999999999999556 ) ) ;
#1804 = EDGE_CURVE ( 'NONE', #1771, #2193, #1262, .T. ) ;
#1805 = DIRECTION ( 'NONE',  ( 2.168404344971007685E-15, 1.000000000000000000, 0.000000000000000000 ) ) ;
#1806 = DIRECTION ( 'NONE',  ( -1.000000000000000000, 0.000000000000000000, -0.000000000000000000 ) ) ;
#1807 = CARTESIAN_POINT ( 'NONE',  ( -0.1500000000000000500, 0.9499999999999999556, -0.4250000000000007661 ) ) ;
#1808 = ORIENTED_EDGE ( 'NONE', *, *, #1918, .F. ) ;
#1809 = DIRECTION ( 'NONE',  ( 1.000000000000000000, 0.000000000000000000, 0.000000000000000000 ) ) ;
#1810 = EDGE_CURVE ( 'NONE', #1447, #1812, #1042, .T. ) ;
#1811 = ORIENTED_EDGE ( 'NONE', *, *, #2119, .F. ) ;
#1812 = VERTEX_POINT ( 'NONE', #31 ) ;
#1813 = COLOUR_RGB ( '',0.6666666666666666297, 0.6980392156862744724, 0.7686274509803920907 ) ;
#1814 = CIRCLE ( 'NONE', #2210, 0.09999999999999999167 ) ;
#1815 = AXIS2_PLACEMENT_3D ( 'NONE', #2384, #1940, #1304 ) ;
#1816 = LINE ( 'NONE', #2222, #798 ) ;
#1817 = CARTESIAN_POINT ( 'NONE',  ( 0.1499999999999999667, 0.9499999999999999556, 0.000000000000000000 ) ) ;
#1818 = DIRECTION ( 'NONE',  ( 0.000000000000000000, 0.000000000000000000, 1.000000000000000000 ) ) ;
#1819 = FACE_OUTER_BOUND ( 'NONE', #698, .T. ) ;
#1820 = EDGE_LOOP ( 'NONE', ( #2114, #7, #1217, #1138 ) ) ;
#1821 = LINE ( 'NONE', #1601, #2605 ) ;
#1822 = DIRECTION ( 'NONE',  ( 0.000000000000000000, -1.000000000000000000, -0.000000000000000000 ) ) ;
#1823 = SURFACE_STYLE_FILL_AREA ( #956 ) ;
#1824 = VERTEX_POINT ( 'NONE', #865 ) ;
#1825 = ORIENTED_EDGE ( 'NONE', *, *, #1495, .F. ) ;
#1826 = ADVANCED_FACE ( 'NONE', ( #2167 ), #207, .F. ) ;
#1827 = SURFACE_STYLE_USAGE ( .BOTH. , #2457 ) ;
#1828 = ADVANCED_FACE ( 'NONE', ( #1703 ), #1097, .T. ) ;
#1829 = CARTESIAN_POINT ( 'NONE',  ( 0.000000000000000000, 0.9499999999999999556, -0.5749999999999999556 ) ) ;
#1830 = COLOUR_RGB ( '',0.6666666666666666297, 0.6980392156862744724, 0.7686274509803920907 ) ;
#1831 = DIRECTION ( 'NONE',  ( -0.000000000000000000, -0.000000000000000000, 1.000000000000000000 ) ) ;
#1832 = DIRECTION ( 'NONE',  ( 0.000000000000000000, 0.000000000000000000, -1.000000000000000000 ) ) ;
#1833 = DIRECTION ( 'NONE',  ( 1.843143693225356591E-14, 0.000000000000000000, -1.000000000000000000 ) ) ;
#1834 = ORIENTED_EDGE ( 'NONE', *, *, #1479, .T. ) ;
#1835 = COLOUR_RGB ( '',0.6666666666666666297, 0.6980392156862744724, 0.7686274509803920907 ) ;
#1836 = EDGE_CURVE ( 'NONE', #1249, #2342, #1814, .T. ) ;
#1837 = DIRECTION ( 'NONE',  ( 0.000000000000000000, 0.000000000000000000, 1.000000000000000000 ) ) ;
#1838 = EDGE_LOOP ( 'NONE', ( #1390, #1788, #1426, #643 ) ) ;
#1839 =( NAMED_UNIT ( * ) SI_UNIT ( $, .STERADIAN. ) SOLID_ANGLE_UNIT ( ) );
#1840 = DIRECTION ( 'NONE',  ( -1.000000000000000000, 0.000000000000000000, 0.000000000000000000 ) ) ;
#1841 = ORIENTED_EDGE ( 'NONE', *, *, #1224, .T. ) ;
#1842 = ORIENTED_EDGE ( 'NONE', *, *, #130, .T. ) ;
#1843 = COLOUR_RGB ( '',0.6666666666666666297, 0.6980392156862744724, 0.7686274509803920907 ) ;
#1844 = DIRECTION ( 'NONE',  ( 0.000000000000000000, 0.000000000000000000, 1.000000000000000000 ) ) ;
#1845 = EDGE_CURVE ( 'NONE', #105, #2226, #1087, .T. ) ;
#1846 = CARTESIAN_POINT ( 'NONE',  ( -1.000000000000000000, 0.9000000000000000222, 0.6250000000000000000 ) ) ;
#1847 = CARTESIAN_POINT ( 'NONE',  ( 0.7999999999999999334, 0.9000000000000000222, -0.6250000000000000000 ) ) ;
#1848 = ORIENTED_EDGE ( 'NONE', *, *, #2588, .T. ) ;
#1849 = LINE ( 'NONE', #2707, #2062 ) ;
#1850 = DIRECTION ( 'NONE',  ( -1.000000000000000000, -0.000000000000000000, -0.000000000000000000 ) ) ;
#1851 = DIRECTION ( 'NONE',  ( -1.000000000000000000, -0.000000000000000000, -0.000000000000000000 ) ) ;
#1852 = PRESENTATION_LAYER_ASSIGNMENT (  '', '', ( #710 ) ) ;
#1853 = CARTESIAN_POINT ( 'NONE',  ( -0.8000000000000001554, 0.000000000000000000, -0.5749999999999999556 ) ) ;
#1854 = CARTESIAN_POINT ( 'NONE',  ( -0.5000000000000000000, 0.000000000000000000, 0.5749999999999999556 ) ) ;
#1855 = CIRCLE ( 'NONE', #2571, 0.05000000000000002359 ) ;
#1856 = ORIENTED_EDGE ( 'NONE', *, *, #561, .T. ) ;
#1857 = CIRCLE ( 'NONE', #189, 0.05000000000000002359 ) ;
#1858 = CARTESIAN_POINT ( 'NONE',  ( 0.4999999999999998890, 0.9499999999999999556, -0.4250000000000007661 ) ) ;
#1859 = CIRCLE ( 'NONE', #985, 0.05000000000000002359 ) ;
#1860 = AXIS2_PLACEMENT_3D ( 'NONE', #2567, #1518, #1507 ) ;
#1861 = EDGE_CURVE ( 'NONE', #1898, #1549, #1855, .T. ) ;
#1862 = DIRECTION ( 'NONE',  ( -1.000000000000000000, 0.000000000000000000, 0.000000000000000000 ) ) ;
#1863 = LINE ( 'NONE', #2520, #1580 ) ;
#1864 = ORIENTED_EDGE ( 'NONE', *, *, #2042, .T. ) ;
#1865 =( LENGTH_UNIT ( ) NAMED_UNIT ( * ) SI_UNIT ( .MILLI., .METRE. ) );
#1866 = ORIENTED_EDGE ( 'NONE', *, *, #774, .T. ) ;
#1867 = DIRECTION ( 'NONE',  ( 0.000000000000000000, -1.000000000000000000, 0.000000000000000000 ) ) ;
#1868 = ORIENTED_EDGE ( 'NONE', *, *, #2320, .T. ) ;
#1869 = CARTESIAN_POINT ( 'NONE',  ( -0.5000000000000000000, 0.05000000000000002359, -0.5749999999999999556 ) ) ;
#1870 = EDGE_LOOP ( 'NONE', ( #2169, #589, #708 ) ) ;
#1871 = CARTESIAN_POINT ( 'NONE',  ( -0.1499999999999999667, 0.9499999999999999556, -0.1499999999999999944 ) ) ;
#1872 = LINE ( 'NONE', #179, #2717 ) ;
#1873 = CARTESIAN_POINT ( 'NONE',  ( 1.000000000000000000, 0.05000000000000002359, -0.5749999999999999556 ) ) ;
#1874 = ORIENTED_EDGE ( 'NONE', *, *, #1025, .T. ) ;
#1875 = EDGE_CURVE ( 'NONE', #1221, #678, #841, .T. ) ;
#1876 = PRESENTATION_STYLE_ASSIGNMENT (( #817 ) ) ;
#1877 = VERTEX_POINT ( 'NONE', #631 ) ;
#1878 = CARTESIAN_POINT ( 'NONE',  ( 0.7999999999999999334, 0.05000000000000002359, -0.5749999999999999556 ) ) ;
#1879 = VECTOR ( 'NONE', #2600, 1000.000000000000000 ) ;
#1880 = EDGE_CURVE ( 'NONE', #105, #2787, #2301, .T. ) ;
#1881 = VERTEX_POINT ( 'NONE', #1475 ) ;
#1882 = PRESENTATION_LAYER_ASSIGNMENT (  '', '', ( #1514 ) ) ;
#1883 = DIRECTION ( 'NONE',  ( 1.000000000000000000, -0.000000000000000000, -0.000000000000000000 ) ) ;
#1884 = FILL_AREA_STYLE_COLOUR ( '', #1284 ) ;
#1885 = AXIS2_PLACEMENT_3D ( 'NONE', #2680, #1809, #1837 ) ;
#1886 = VERTEX_POINT ( 'NONE', #2249 ) ;
#1887 = UNCERTAINTY_MEASURE_WITH_UNIT (LENGTH_MEASURE( 1.000000000000000082E-05 ), #1470, 'distance_accuracy_value', 'NONE');
#1888 = LINE ( 'NONE', #581, #2395 ) ;
#1889 = ADVANCED_FACE ( 'NONE', ( #2405 ), #62, .T. ) ;
#1890 = CIRCLE ( 'NONE', #651, 0.05000000000000002359 ) ;
#1891 = DIRECTION ( 'NONE',  ( 0.000000000000000000, 0.000000000000000000, -1.000000000000000000 ) ) ;
#1892 = DIRECTION ( 'NONE',  ( -5.421010862427540905E-16, 0.000000000000000000, 1.000000000000000000 ) ) ;
#1893 = ORIENTED_EDGE ( 'NONE', *, *, #2187, .F. ) ;
#1894 = DIRECTION ( 'NONE',  ( 0.000000000000000000, -1.000000000000000000, 0.000000000000000000 ) ) ;
#1895 = EDGE_LOOP ( 'NONE', ( #290, #1325, #616 ) ) ;
#1896 = LINE ( 'NONE', #136, #54 ) ;
#1897 = SURFACE_SIDE_STYLE ('',( #2346 ) ) ;
#1898 = VERTEX_POINT ( 'NONE', #2433 ) ;
#1899 = CARTESIAN_POINT ( 'NONE',  ( -1.000000000000000000, 0.9000000000000000222, -0.6250000000000000000 ) ) ;
#1900 = EDGE_CURVE ( 'NONE', #818, #843, #438, .T. ) ;
#1901 = ORIENTED_EDGE ( 'NONE', *, *, #239, .F. ) ;
#1902 =( LENGTH_UNIT ( ) NAMED_UNIT ( * ) SI_UNIT ( .MILLI., .METRE. ) );
#1903 = FILL_AREA_STYLE_COLOUR ( '', #272 ) ;
#1904 = AXIS2_PLACEMENT_3D ( 'NONE', #2472, #337, #2533 ) ;
#1905 = AXIS2_PLACEMENT_3D ( 'NONE', #2323, #1629, #2292 ) ;
#1906 = DIRECTION ( 'NONE',  ( -1.000000000000000000, 0.000000000000000000, 0.000000000000000000 ) ) ;
#1907 = CARTESIAN_POINT ( 'NONE',  ( 0.5000000000000000000, 0.000000000000000000, 0.5749999999999999556 ) ) ;
#1908 = ORIENTED_EDGE ( 'NONE', *, *, #509, .F. ) ;
#1909 = AXIS2_PLACEMENT_3D ( 'NONE', #2073, #788, #2725 ) ;
#1910 = SURFACE_SIDE_STYLE ('',( #2752 ) ) ;
#1911 = ORIENTED_EDGE ( 'NONE', *, *, #2654, .T. ) ;
#1912 = LINE ( 'NONE', #2773, #489 ) ;
#1913 = CYLINDRICAL_SURFACE ( 'NONE', #2435, 0.05000000000000002359 ) ;
#1914 = EDGE_LOOP ( 'NONE', ( #1386, #1694, #1104, #610, #1521, #2542 ) ) ;
#1915 = CARTESIAN_POINT ( 'NONE',  ( 0.9499999999999999556, 0.05000000000000002359, 0.6250000000000000000 ) ) ;
#1916 = DIRECTION ( 'NONE',  ( -0.000000000000000000, 1.000000000000000000, -0.000000000000000000 ) ) ;
#1917 = VERTEX_POINT ( 'NONE', #726 ) ;
#1918 = EDGE_CURVE ( 'NONE', #2005, #1465, #2023, .T. ) ;
#1919 = UNCERTAINTY_MEASURE_WITH_UNIT (LENGTH_MEASURE( 1.000000000000000082E-05 ), #1092, 'distance_accuracy_value', 'NONE');
#1920 = CARTESIAN_POINT ( 'NONE',  ( -1.000000000000000000, 0.05000000000000002359, -0.5749999999999999556 ) ) ;
#1921 = DIRECTION ( 'NONE',  ( 1.000000000000000000, 0.000000000000000000, -0.000000000000000000 ) ) ;
#1922 = EDGE_CURVE ( 'NONE', #2342, #2051, #1816, .T. ) ;
#1923 = ORIENTED_EDGE ( 'NONE', *, *, #792, .F. ) ;
#1924 = CARTESIAN_POINT ( 'NONE',  ( -0.9499999999999999556, 0.05000000000000002359, -0.6250000000000000000 ) ) ;
#1925 = DIRECTION ( 'NONE',  ( -1.000000000000000000, 0.000000000000000000, 0.000000000000000000 ) ) ;
#1926 = VERTEX_POINT ( 'NONE', #1598 ) ;
#1927 =( GEOMETRIC_REPRESENTATION_CONTEXT ( 3 ) GLOBAL_UNCERTAINTY_ASSIGNED_CONTEXT ( ( #1486 ) ) GLOBAL_UNIT_ASSIGNED_CONTEXT ( ( #1541, #437, #253 ) ) REPRESENTATION_CONTEXT ( 'NONE', 'WORKASPACE' ) );
#1928 = EDGE_CURVE ( 'NONE', #519, #2699, #1982, .T. ) ;
#1929 = SURFACE_STYLE_FILL_AREA ( #410 ) ;
#1930 = AXIS2_PLACEMENT_3D ( 'NONE', #2527, #1257, #1219 ) ;
#1931 = SURFACE_STYLE_FILL_AREA ( #853 ) ;
#1932 =( GEOMETRIC_REPRESENTATION_CONTEXT ( 3 ) GLOBAL_UNCERTAINTY_ASSIGNED_CONTEXT ( ( #1919 ) ) GLOBAL_UNIT_ASSIGNED_CONTEXT ( ( #1092, #676, #2162 ) ) REPRESENTATION_CONTEXT ( 'NONE', 'WORKASPACE' ) );
#1933 = STYLED_ITEM ( 'NONE', ( #432 ), #637 ) ;
#1934 = EDGE_CURVE ( 'NONE', #263, #198, #1328, .T. ) ;
#1935 = DIRECTION ( 'NONE',  ( 0.000000000000000000, 0.000000000000000000, 1.000000000000000000 ) ) ;
#1936 = VECTOR ( 'NONE', #1831, 1000.000000000000000 ) ;
#1937 = ORIENTED_EDGE ( 'NONE', *, *, #2204, .T. ) ;
#1938 = AXIS2_PLACEMENT_3D ( 'NONE', #1596, #2232, #1639 ) ;
#1939 = APPLICATION_CONTEXT ( 'automotive_design' ) ;
#1940 = DIRECTION ( 'NONE',  ( 0.000000000000000000, -1.000000000000000000, 0.000000000000000000 ) ) ;
#1941 = SURFACE_SIDE_STYLE ('',( #1724 ) ) ;
#1942 = PLANE ( 'NONE',  #915 ) ;
#1943 = CARTESIAN_POINT ( 'NONE',  ( 0.9499999999999999556, 0.9499999999999999556, 0.000000000000000000 ) ) ;
#1944 = CARTESIAN_POINT ( 'NONE',  ( 0.000000000000000000, 0.9499999999999999556, -0.3250000000000000666 ) ) ;
#1945 = SURFACE_SIDE_STYLE ('',( #1931 ) ) ;
#1946 = VECTOR ( 'NONE', #2494, 1000.000000000000000 ) ;
#1947 = DIRECTION ( 'NONE',  ( -0.000000000000000000, -1.000000000000000000, 0.000000000000000000 ) ) ;
#1948 = ORIENTED_EDGE ( 'NONE', *, *, #2723, .F. ) ;
#1949 = CIRCLE ( 'NONE', #401, 0.05000000000000002359 ) ;
#1950 = EDGE_CURVE ( 'NONE', #1549, #2293, #2419, .T. ) ;
#1951 = VECTOR ( 'NONE', #1428, 1000.000000000000000 ) ;
#1952 =( NAMED_UNIT ( * ) SI_UNIT ( $, .STERADIAN. ) SOLID_ANGLE_UNIT ( ) );
#1953 = FACE_OUTER_BOUND ( 'NONE', #2684, .T. ) ;
#1954 = EDGE_CURVE ( 'NONE', #1163, #1812, #1492, .T. ) ;
#1955 = DIRECTION ( 'NONE',  ( 0.000000000000000000, 0.000000000000000000, -1.000000000000000000 ) ) ;
#1956 = FACE_OUTER_BOUND ( 'NONE', #391, .T. ) ;
#1957 = SURFACE_STYLE_USAGE ( .BOTH. , #1084 ) ;
#1958 = CARTESIAN_POINT ( 'NONE',  ( -1.000000000000000000, 0.9499999999999999556, -0.6250000000000000000 ) ) ;
#1959 = CARTESIAN_POINT ( 'NONE',  ( 0.4999999999999997780, 0.05000000000000002359, -0.5749999999999999556 ) ) ;
#1960 = ORIENTED_EDGE ( 'NONE', *, *, #687, .T. ) ;
#1961 = DIRECTION ( 'NONE',  ( -1.000000000000000000, 0.000000000000000000, 0.000000000000000000 ) ) ;
#1962 = LINE ( 'NONE', #1280, #804 ) ;
#1963 = EDGE_LOOP ( 'NONE', ( #48, #53, #115, #20 ) ) ;
#1964 = EDGE_CURVE ( 'NONE', #230, #1771, #2621, .T. ) ;
#1965 = EDGE_LOOP ( 'NONE', ( #790, #2442, #412, #2425 ) ) ;
#1966 = UNCERTAINTY_MEASURE_WITH_UNIT (LENGTH_MEASURE( 1.000000000000000082E-05 ), #2628, 'distance_accuracy_value', 'NONE');
#1967 = FACE_OUTER_BOUND ( 'NONE', #1573, .T. ) ;
#1968 = STYLED_ITEM ( 'NONE', ( #1540 ), #284 ) ;
#1969 = CARTESIAN_POINT ( 'NONE',  ( 1.000000000000000000, 0.9499999999999999556, 0.5749999999999999556 ) ) ;
#1970 = EDGE_LOOP ( 'NONE', ( #347, #24, #759, #69 ) ) ;
#1971 = PRESENTATION_LAYER_ASSIGNMENT (  '', '', ( #1750 ) ) ;
#1972 = DIRECTION ( 'NONE',  ( -0.000000000000000000, 1.000000000000000000, -0.000000000000000000 ) ) ;
#1973 = SURFACE_STYLE_USAGE ( .BOTH. , #1736 ) ;
#1974 = AXIS2_PLACEMENT_3D ( 'NONE', #34, #1748, #2144 ) ;
#1975 = LINE ( 'NONE', #226, #1763 ) ;
#1976 = ORIENTED_EDGE ( 'NONE', *, *, #2534, .T. ) ;
#1977 = CARTESIAN_POINT ( 'NONE',  ( 0.9499999999999999556, 0.05000000000000002359, 0.6250000000000000000 ) ) ;
#1978 = DIRECTION ( 'NONE',  ( 1.000000000000000000, 0.000000000000000000, 0.000000000000000000 ) ) ;
#1979 = ORIENTED_EDGE ( 'NONE', *, *, #2745, .T. ) ;
#1980 = ADVANCED_FACE ( 'NONE', ( #481 ), #1787, .F. ) ;
#1981 = FILL_AREA_STYLE ('',( #1326 ) ) ;
#1982 = LINE ( 'NONE', #1141, #92 ) ;
#1983 = ORIENTED_EDGE ( 'NONE', *, *, #1274, .F. ) ;
#1984 = CARTESIAN_POINT ( 'NONE',  ( -1.000000000000000000, 0.9499999999999999556, 0.6250000000000000000 ) ) ;
#1985 = CARTESIAN_POINT ( 'NONE',  ( 0.4999999999999997780, 0.000000000000000000, -0.5749999999999999556 ) ) ;
#1986 = DIRECTION ( 'NONE',  ( 0.000000000000000000, -1.000000000000000000, 0.000000000000000000 ) ) ;
#1987 = VECTOR ( 'NONE', #1508, 1000.000000000000000 ) ;
#1988 = ORIENTED_EDGE ( 'NONE', *, *, #565, .F. ) ;
#1989 = CARTESIAN_POINT ( 'NONE',  ( 0.5000000000000000000, 0.9000000000000000222, -0.5749999999999999556 ) ) ;
#1990 = CARTESIAN_POINT ( 'NONE',  ( 0.7999999999999999334, 0.000000000000000000, 0.5749999999999999556 ) ) ;
#1991 = AXIS2_PLACEMENT_3D ( 'NONE', #99, #731, #2058 ) ;
#1992 = ORIENTED_EDGE ( 'NONE', *, *, #1054, .F. ) ;
#1993 = ORIENTED_EDGE ( 'NONE', *, *, #826, .F. ) ;
#1994 = PLANE ( 'NONE',  #2338 ) ;
#1995 = EDGE_CURVE ( 'NONE', #2061, #2150, #2480, .T. ) ;
#1996 = ADVANCED_FACE ( 'NONE', ( #949 ), #2663, .F. ) ;
#1997 = ORIENTED_EDGE ( 'NONE', *, *, #2584, .F. ) ;
#1998 = CYLINDRICAL_SURFACE ( 'NONE', #918, 0.05000000000000002359 ) ;
#1999 = CARTESIAN_POINT ( 'NONE',  ( 0.1499999999999999667, 0.000000000000000000, -0.5749999999999999556 ) ) ;
#2000 = CARTESIAN_POINT ( 'NONE',  ( 0.6999999999999998446, 0.9499999999999999556, 0.4250000000000000444 ) ) ;
#2001 = VERTEX_POINT ( 'NONE', #551 ) ;
#2002 = LINE ( 'NONE', #1336, #1060 ) ;
#2003 = CARTESIAN_POINT ( 'NONE',  ( -1.000000000000000000, 0.9000000000000000222, 0.6250000000000000000 ) ) ;
#2004 = EDGE_CURVE ( 'NONE', #692, #764, #738, .T. ) ;
#2005 = VERTEX_POINT ( 'NONE', #1396 ) ;
#2006 = ORIENTED_EDGE ( 'NONE', *, *, #1177, .T. ) ;
#2007 = PLANE ( 'NONE',  #1568 ) ;
#2008 = MECHANICAL_DESIGN_GEOMETRIC_PRESENTATION_REPRESENTATION (  '', ( #1554 ), #1927 ) ;
#2009 = DIRECTION ( 'NONE',  ( 0.000000000000000000, 0.000000000000000000, -1.000000000000000000 ) ) ;
#2010 =( GEOMETRIC_REPRESENTATION_CONTEXT ( 3 ) GLOBAL_UNCERTAINTY_ASSIGNED_CONTEXT ( ( #453 ) ) GLOBAL_UNIT_ASSIGNED_CONTEXT ( ( #1436, #358, #157 ) ) REPRESENTATION_CONTEXT ( 'NONE', 'WORKASPACE' ) );
#2011 = EDGE_CURVE ( 'NONE', #886, #2456, #2574, .T. ) ;
#2012 = DIRECTION ( 'NONE',  ( 1.000000000000000000, 0.000000000000000000, -2.168404344971008079E-15 ) ) ;
#2013 = DIRECTION ( 'NONE',  ( 1.000000000000000000, -0.000000000000000000, -0.000000000000000000 ) ) ;
#2014 = LINE ( 'NONE', #966, #933 ) ;
#2015 = AXIS2_PLACEMENT_3D ( 'NONE', #111, #953, #264 ) ;
#2016 = EDGE_LOOP ( 'NONE', ( #1044, #248, #1500, #2747 ) ) ;
#2017 = DIRECTION ( 'NONE',  ( -1.000000000000000000, 0.000000000000000000, -0.000000000000000000 ) ) ;
#2018 = DIRECTION ( 'NONE',  ( -1.000000000000000000, 0.000000000000000000, 0.000000000000000000 ) ) ;
#2019 = ORIENTED_EDGE ( 'NONE', *, *, #683, .F. ) ;
#2020 = MECHANICAL_DESIGN_GEOMETRIC_PRESENTATION_REPRESENTATION (  '', ( #2340 ), #1753 ) ;
#2021 = VERTEX_POINT ( 'NONE', #1626 ) ;
#2022 = CARTESIAN_POINT ( 'NONE',  ( 0.7999999999999999334, 0.9000000000000000222, 0.6250000000000000000 ) ) ;
#2023 = LINE ( 'NONE', #90, #1165 ) ;
#2024 = CARTESIAN_POINT ( 'NONE',  ( 0.9499999999999998446, 0.05000000000000002359, -0.5749999999999999556 ) ) ;
#2025 = LINE ( 'NONE', #1999, #2086 ) ;
#2026 = DIRECTION ( 'NONE',  ( -0.000000000000000000, -1.000000000000000000, -0.000000000000000000 ) ) ;
#2027 = ORIENTED_EDGE ( 'NONE', *, *, #1861, .F. ) ;
#2028 = ADVANCED_FACE ( 'NONE', ( #993 ), #162, .F. ) ;
#2029 = AXIS2_PLACEMENT_3D ( 'NONE', #2206, #2041, #934 ) ;
#2030 = CARTESIAN_POINT ( 'NONE',  ( -0.7999999999999999334, 0.05000000000000000278, 0.5749999999999999556 ) ) ;
#2031 = CARTESIAN_POINT ( 'NONE',  ( 0.000000000000000000, 0.9499999999999999556, 0.000000000000000000 ) ) ;
#2032 = COLOUR_RGB ( '',0.6666666666666666297, 0.6980392156862744724, 0.7686274509803920907 ) ;
#2033 = CARTESIAN_POINT ( 'NONE',  ( 0.000000000000000000, 0.9499999999999999556, -0.5749999999999999556 ) ) ;
#2034 = AXIS2_PLACEMENT_3D ( 'NONE', #2620, #1545, #326 ) ;
#2035 = ADVANCED_FACE ( 'NONE', ( #566 ), #778, .F. ) ;
#2036 = VERTEX_POINT ( 'NONE', #1871 ) ;
#2037 =( GEOMETRIC_REPRESENTATION_CONTEXT ( 3 ) GLOBAL_UNCERTAINTY_ASSIGNED_CONTEXT ( ( #2761 ) ) GLOBAL_UNIT_ASSIGNED_CONTEXT ( ( #434, #65, #921 ) ) REPRESENTATION_CONTEXT ( 'NONE', 'WORKASPACE' ) );
#2038 = ORIENTED_EDGE ( 'NONE', *, *, #293, .T. ) ;
#2039 = CARTESIAN_POINT ( 'NONE',  ( 0.000000000000000000, 0.9499999999999999556, 0.000000000000000000 ) ) ;
#2040 = VECTOR ( 'NONE', #532, 1000.000000000000000 ) ;
#2041 = DIRECTION ( 'NONE',  ( -0.000000000000000000, 1.000000000000000000, -0.000000000000000000 ) ) ;
#2042 = EDGE_CURVE ( 'NONE', #105, #1692, #1857, .T. ) ;
#2043 = AXIS2_PLACEMENT_3D ( 'NONE', #1412, #2703, #1689 ) ;
#2044 = CARTESIAN_POINT ( 'NONE',  ( -0.1500000000000000500, 0.9499999999999999556, 0.4250000000000007661 ) ) ;
#2045 = FACE_OUTER_BOUND ( 'NONE', #1640, .T. ) ;
#2046 = EDGE_LOOP ( 'NONE', ( #1150, #2246, #2259, #2623, #110, #216 ) ) ;
#2047 = DIRECTION ( 'NONE',  ( 0.000000000000000000, 0.000000000000000000, -1.000000000000000000 ) ) ;
#2048 = ORIENTED_EDGE ( 'NONE', *, *, #13, .F. ) ;
#2049 = EDGE_CURVE ( 'NONE', #2226, #144, #1166, .T. ) ;
#2050 = DIRECTION ( 'NONE',  ( 0.000000000000000000, 0.000000000000000000, -1.000000000000000000 ) ) ;
#2051 = VERTEX_POINT ( 'NONE', #2485 ) ;
#2052 = DIRECTION ( 'NONE',  ( 0.000000000000000000, 0.000000000000000000, -1.000000000000000000 ) ) ;
#2053 = CYLINDRICAL_SURFACE ( 'NONE', #630, 0.05000000000000002359 ) ;
#2054 = LINE ( 'NONE', #910, #525 ) ;
#2055 = VERTEX_POINT ( 'NONE', #523 ) ;
#2056 = PRESENTATION_LAYER_ASSIGNMENT (  '', '', ( #2506 ) ) ;
#2057 = PLANE ( 'NONE',  #740 ) ;
#2058 = DIRECTION ( 'NONE',  ( 1.843143693225356591E-14, 0.000000000000000000, -1.000000000000000000 ) ) ;
#2059 = CIRCLE ( 'NONE', #2331, 0.05000000000000002359 ) ;
#2060 = DIRECTION ( 'NONE',  ( -0.000000000000000000, 1.000000000000000000, -0.000000000000000000 ) ) ;
#2061 = VERTEX_POINT ( 'NONE', #1181 ) ;
#2062 = VECTOR ( 'NONE', #572, 1000.000000000000000 ) ;
#2063 = DIRECTION ( 'NONE',  ( -0.000000000000000000, 1.000000000000000000, -0.000000000000000000 ) ) ;
#2064 = AXIS2_PLACEMENT_3D ( 'NONE', #2572, #627, #1501 ) ;
#2065 = VERTEX_POINT ( 'NONE', #2307 ) ;
#2066 = EDGE_CURVE ( 'NONE', #929, #2021, #1223, .T. ) ;
#2067 = PRESENTATION_LAYER_ASSIGNMENT (  '', '', ( #468 ) ) ;
#2068 = LINE ( 'NONE', #1410, #1951 ) ;
#2069 = DIRECTION ( 'NONE',  ( -1.000000000000000000, 0.000000000000000000, 0.000000000000000000 ) ) ;
#2070 = DIRECTION ( 'NONE',  ( -0.000000000000000000, 0.000000000000000000, 1.000000000000000000 ) ) ;
#2071 = EDGE_LOOP ( 'NONE', ( #134, #1271, #2661 ) ) ;
#2072 = ORIENTED_EDGE ( 'NONE', *, *, #1670, .F. ) ;
#2073 = CARTESIAN_POINT ( 'NONE',  ( -0.6999999999999998446, 0.000000000000000000, 0.4250000000000000444 ) ) ;
#2074 = LINE ( 'NONE', #2511, #848 ) ;
#2075 = EDGE_LOOP ( 'NONE', ( #165, #400, #1339, #259, #1264, #2626 ) ) ;
#2076 =( NAMED_UNIT ( * ) SI_UNIT ( $, .STERADIAN. ) SOLID_ANGLE_UNIT ( ) );
#2077 = ORIENTED_EDGE ( 'NONE', *, *, #1504, .T. ) ;
#2078 = PRESENTATION_LAYER_ASSIGNMENT (  '', '', ( #1395 ) ) ;
#2079 = EDGE_CURVE ( 'NONE', #2406, #2005, #2068, .T. ) ;
#2080 = CARTESIAN_POINT ( 'NONE',  ( -0.1499999999999999667, 0.000000000000000000, 0.5749999999999999556 ) ) ;
#2081 = MECHANICAL_DESIGN_GEOMETRIC_PRESENTATION_REPRESENTATION (  '', ( #1448 ), #2308 ) ;
#2082 = ADVANCED_FACE ( 'NONE', ( #963 ), #1641, .F. ) ;
#2083 = LINE ( 'NONE', #1246, #2403 ) ;
#2084 = DIRECTION ( 'NONE',  ( -1.000000000000000000, -0.000000000000000000, -0.000000000000000000 ) ) ;
#2085 = ORIENTED_EDGE ( 'NONE', *, *, #1479, .F. ) ;
#2086 = VECTOR ( 'NONE', #2013, 1000.000000000000000 ) ;
#2087 = LINE ( 'NONE', #986, #874 ) ;
#2088 = CARTESIAN_POINT ( 'NONE',  ( -0.5000000000000000000, 0.05000000000000002359, 0.6250000000000000000 ) ) ;
#2089 = SURFACE_STYLE_FILL_AREA ( #2298 ) ;
#2090 = DIRECTION ( 'NONE',  ( 1.000000000000000000, 0.000000000000000000, -0.000000000000000000 ) ) ;
#2091 = DIRECTION ( 'NONE',  ( -1.000000000000000000, -0.000000000000000000, 0.000000000000000000 ) ) ;
#2092 = EDGE_CURVE ( 'NONE', #424, #633, #979, .T. ) ;
#2093 = ORIENTED_EDGE ( 'NONE', *, *, #361, .T. ) ;
#2094 = VERTEX_POINT ( 'NONE', #2275 ) ;
#2095 = PLANE ( 'NONE',  #801 ) ;
#2096 = DIRECTION ( 'NONE',  ( -1.000000000000000000, 0.000000000000000000, 0.000000000000000000 ) ) ;
#2097 = CARTESIAN_POINT ( 'NONE',  ( 0.7999999999999999334, 0.9499999999999999556, -0.5749999999999999556 ) ) ;
#2098 = ORIENTED_EDGE ( 'NONE', *, *, #1575, .F. ) ;
#2099 = EDGE_CURVE ( 'NONE', #2065, #2452, #2354, .T. ) ;
#2100 = PRESENTATION_STYLE_ASSIGNMENT (( #330 ) ) ;
#2101 = VERTEX_POINT ( 'NONE', #1858 ) ;
#2102 = SPHERICAL_SURFACE ( 'NONE', #1127, 0.05000000000000000278 ) ;
#2103 = PRESENTATION_STYLE_ASSIGNMENT (( #2785 ) ) ;
#2104 = DIRECTION ( 'NONE',  ( 0.000000000000000000, 0.000000000000000000, -1.000000000000000000 ) ) ;
#2105 = CIRCLE ( 'NONE', #870, 0.05000000000000002359 ) ;
#2106 = FILL_AREA_STYLE ('',( #1884 ) ) ;
#2107 = EDGE_LOOP ( 'NONE', ( #686, #2679, #1794, #664 ) ) ;
#2108 = UNCERTAINTY_MEASURE_WITH_UNIT (LENGTH_MEASURE( 1.000000000000000082E-05 ), #387, 'distance_accuracy_value', 'NONE');
#2109 = FACE_OUTER_BOUND ( 'NONE', #1414, .T. ) ;
#2110 = DIRECTION ( 'NONE',  ( 0.000000000000000000, 0.000000000000000000, 1.000000000000000000 ) ) ;
#2111 = PRESENTATION_LAYER_ASSIGNMENT (  '', '', ( #1609 ) ) ;
#2112 = LINE ( 'NONE', #981, #1584 ) ;
#2113 = DIRECTION ( 'NONE',  ( 1.000000000000000000, 0.000000000000000000, 0.000000000000000000 ) ) ;
#2114 = ORIENTED_EDGE ( 'NONE', *, *, #723, .T. ) ;
#2115 = ORIENTED_EDGE ( 'NONE', *, *, #2460, .T. ) ;
#2116 = LINE ( 'NONE', #2555, #629 ) ;
#2117 = ADVANCED_FACE ( 'NONE', ( #796 ), #2095, .F. ) ;
#2118 = CARTESIAN_POINT ( 'NONE',  ( 1.000000000000000000, 0.9000000000000000222, 0.5749999999999999556 ) ) ;
#2119 = EDGE_CURVE ( 'NONE', #1555, #633, #1888, .T. ) ;
#2120 = ORIENTED_EDGE ( 'NONE', *, *, #2601, .F. ) ;
#2121 = SURFACE_SIDE_STYLE ('',( #2689 ) ) ;
#2122 = LINE ( 'NONE', #652, #888 ) ;
#2123 = STYLED_ITEM ( 'NONE', ( #1737 ), #2490 ) ;
#2124 = VECTOR ( 'NONE', #1260, 1000.000000000000000 ) ;
#2125 =( GEOMETRIC_REPRESENTATION_CONTEXT ( 3 ) GLOBAL_UNCERTAINTY_ASSIGNED_CONTEXT ( ( #1686 ) ) GLOBAL_UNIT_ASSIGNED_CONTEXT ( ( #2396, #2578, #878 ) ) REPRESENTATION_CONTEXT ( 'NONE', 'WORKASPACE' ) );
#2126 = DIRECTION ( 'NONE',  ( 0.000000000000000000, 0.000000000000000000, -1.000000000000000000 ) ) ;
#2127 = LINE ( 'NONE', #782, #2758 ) ;
#2128 = ORIENTED_EDGE ( 'NONE', *, *, #29, .T. ) ;
#2129 = PRESENTATION_LAYER_ASSIGNMENT (  '', '', ( #1627 ) ) ;
#2130 = DIRECTION ( 'NONE',  ( 1.000000000000000000, 0.000000000000000000, 0.000000000000000000 ) ) ;
#2131 = LINE ( 'NONE', #881, #1680 ) ;
#2132 = CIRCLE ( 'NONE', #195, 0.05000000000000002359 ) ;
#2133 = SURFACE_STYLE_USAGE ( .BOTH. , #1897 ) ;
#2134 = ORIENTED_EDGE ( 'NONE', *, *, #582, .T. ) ;
#2135 =( NAMED_UNIT ( * ) PLANE_ANGLE_UNIT ( ) SI_UNIT ( $, .RADIAN. ) );
#2136 = CARTESIAN_POINT ( 'NONE',  ( 0.000000000000000000, 0.000000000000000000, 0.000000000000000000 ) ) ;
#2137 = EDGE_CURVE ( 'NONE', #2410, #2609, #1538, .T. ) ;
#2138 = UNCERTAINTY_MEASURE_WITH_UNIT (LENGTH_MEASURE( 1.000000000000000082E-05 ), #2140, 'distance_accuracy_value', 'NONE');
#2139 = CYLINDRICAL_SURFACE ( 'NONE', #2064, 0.05000000000000002359 ) ;
#2140 =( LENGTH_UNIT ( ) NAMED_UNIT ( * ) SI_UNIT ( .MILLI., .METRE. ) );
#2141 =( LENGTH_UNIT ( ) NAMED_UNIT ( * ) SI_UNIT ( .MILLI., .METRE. ) );
#2142 = CARTESIAN_POINT ( 'NONE',  ( -0.5000000000000000000, 0.05000000000000002359, -0.6250000000000000000 ) ) ;
#2143 = EDGE_LOOP ( 'NONE', ( #294, #1712, #2794, #800 ) ) ;
#2144 = DIRECTION ( 'NONE',  ( -1.000000000000000000, 0.000000000000000000, 0.000000000000000000 ) ) ;
#2145 = FACE_OUTER_BOUND ( 'NONE', #1516, .T. ) ;
#2146 =( NAMED_UNIT ( * ) SI_UNIT ( $, .STERADIAN. ) SOLID_ANGLE_UNIT ( ) );
#2147 = AXIS2_PLACEMENT_3D ( 'NONE', #1437, #1916, #2776 ) ;
#2148 = CARTESIAN_POINT ( 'NONE',  ( -0.7999999999999999334, 0.9499999999999999556, 0.1499999999999999944 ) ) ;
#2149 = DIRECTION ( 'NONE',  ( -1.000000000000000000, 0.000000000000000000, 0.000000000000000000 ) ) ;
#2150 = VERTEX_POINT ( 'NONE', #2319 ) ;
#2151 = CIRCLE ( 'NONE', #211, 0.1000000000000000472 ) ;
#2152 =( NAMED_UNIT ( * ) SI_UNIT ( $, .STERADIAN. ) SOLID_ANGLE_UNIT ( ) );
#2153 = PLANE ( 'NONE',  #1307 ) ;
#2154 = EDGE_CURVE ( 'NONE', #771, #578, #178, .T. ) ;
#2155 = VECTOR ( 'NONE', #9, 1000.000000000000000 ) ;
#2156 = LINE ( 'NONE', #2394, #199 ) ;
#2157 =( GEOMETRIC_REPRESENTATION_CONTEXT ( 3 ) GLOBAL_UNCERTAINTY_ASSIGNED_CONTEXT ( ( #2391 ) ) GLOBAL_UNIT_ASSIGNED_CONTEXT ( ( #17, #1756, #1125 ) ) REPRESENTATION_CONTEXT ( 'NONE', 'WORKASPACE' ) );
#2158 = EDGE_LOOP ( 'NONE', ( #325, #1937, #1532, #1505 ) ) ;
#2159 = CARTESIAN_POINT ( 'NONE',  ( -0.5000000000000000000, 0.9499999999999999556, 0.000000000000000000 ) ) ;
#2160 = CARTESIAN_POINT ( 'NONE',  ( -0.6999999999999999556, 0.9499999999999999556, 0.4250000000000000444 ) ) ;
#2161 = FACE_OUTER_BOUND ( 'NONE', #322, .T. ) ;
#2162 =( NAMED_UNIT ( * ) SI_UNIT ( $, .STERADIAN. ) SOLID_ANGLE_UNIT ( ) );
#2163 = DIRECTION ( 'NONE',  ( 0.000000000000000000, 0.000000000000000000, 1.000000000000000000 ) ) ;
#2164 = PLANE ( 'NONE',  #2746 ) ;
#2165 =( NAMED_UNIT ( * ) PLANE_ANGLE_UNIT ( ) SI_UNIT ( $, .RADIAN. ) );
#2166 = EDGE_CURVE ( 'NONE', #392, #2660, #1717, .T. ) ;
#2167 = FACE_OUTER_BOUND ( 'NONE', #2075, .T. ) ;
#2168 = APPLICATION_PROTOCOL_DEFINITION ( 'draft international standard', 'automotive_design', 1998, #1241 ) ;
#2169 = ORIENTED_EDGE ( 'NONE', *, *, #706, .T. ) ;
#2170 = CIRCLE ( 'NONE', #1210, 0.05000000000000002359 ) ;
#2171 = VECTOR ( 'NONE', #2501, 1000.000000000000000 ) ;
#2172 = EDGE_CURVE ( 'NONE', #1886, #1824, #2573, .T. ) ;
#2173 = CARTESIAN_POINT ( 'NONE',  ( 0.000000000000000000, 0.9499999999999999556, -0.3250000000000000666 ) ) ;
#2174 = ORIENTED_EDGE ( 'NONE', *, *, #61, .T. ) ;
#2175 = DIRECTION ( 'NONE',  ( 8.816207631167151055E-31, 1.000000000000000000, 4.065758146820640148E-16 ) ) ;
#2176 = AXIS2_PLACEMENT_3D ( 'NONE', #1332, #1723, #1089 ) ;
#2177 = CARTESIAN_POINT ( 'NONE',  ( -1.000000000000000000, 0.05000000000000002359, 0.5749999999999999556 ) ) ;
#2178 = CIRCLE ( 'NONE', #942, 0.05000000000000002359 ) ;
#2179 = MANIFOLD_SOLID_BREP ( 'Split Line5', #1699 ) ;
#2180 = CARTESIAN_POINT ( 'NONE',  ( -0.9499999999999999556, 0.000000000000000000, -0.5749999999999999556 ) ) ;
#2181 = DIRECTION ( 'NONE',  ( 0.000000000000000000, 0.000000000000000000, -1.000000000000000000 ) ) ;
#2182 = LINE ( 'NONE', #2792, #1502 ) ;
#2183 = CARTESIAN_POINT ( 'NONE',  ( -0.1500000000000001887, 0.000000000000000000, -0.5749999999999999556 ) ) ;
#2184 = EDGE_LOOP ( 'NONE', ( #2274, #333, #2476 ) ) ;
#2185 = FILL_AREA_STYLE_COLOUR ( '', #270 ) ;
#2186 = ORIENTED_EDGE ( 'NONE', *, *, #1300, .F. ) ;
#2187 = EDGE_CURVE ( 'NONE', #2406, #1435, #527, .T. ) ;
#2188 = DIRECTION ( 'NONE',  ( -1.000000000000000000, 0.000000000000000000, 0.000000000000000000 ) ) ;
#2189 = SURFACE_SIDE_STYLE ('',( #15 ) ) ;
#2190 = CARTESIAN_POINT ( 'NONE',  ( 0.000000000000000000, 0.000000000000000000, 0.000000000000000000 ) ) ;
#2191 = AXIS2_PLACEMENT_3D ( 'NONE', #1550, #2175, #214 ) ;
#2192 = SURFACE_STYLE_USAGE ( .BOTH. , #46 ) ;
#2193 = VERTEX_POINT ( 'NONE', #2364 ) ;
#2194 = CARTESIAN_POINT ( 'NONE',  ( -0.7999999999999999334, 0.05000000000000002359, 0.6250000000000000000 ) ) ;
#2195 =( NAMED_UNIT ( * ) SI_UNIT ( $, .STERADIAN. ) SOLID_ANGLE_UNIT ( ) );
#2196 = PRESENTATION_LAYER_ASSIGNMENT (  '', '', ( #301 ) ) ;
#2197 = FILL_AREA_STYLE ('',( #1102 ) ) ;
#2198 = ORIENTED_EDGE ( 'NONE', *, *, #1954, .F. ) ;
#2199 = DIRECTION ( 'NONE',  ( 0.000000000000000000, 0.000000000000000000, 1.000000000000000000 ) ) ;
#2200 = EDGE_CURVE ( 'NONE', #1898, #2523, #193, .T. ) ;
#2201 = DIRECTION ( 'NONE',  ( 0.000000000000000000, 0.000000000000000000, 1.000000000000000000 ) ) ;
#2202 = ORIENTED_EDGE ( 'NONE', *, *, #1875, .F. ) ;
#2203 = ORIENTED_EDGE ( 'NONE', *, *, #1922, .T. ) ;
#2204 = EDGE_CURVE ( 'NONE', #2579, #2061, #2122, .T. ) ;
#2205 = CARTESIAN_POINT ( 'NONE',  ( 0.1499999999999999667, 0.9499999999999999556, -0.4250000000000007105 ) ) ;
#2206 = CARTESIAN_POINT ( 'NONE',  ( 0.04999999999999996808, 0.9499999999999999556, -0.4250000000000000444 ) ) ;
#2207 = ORIENTED_EDGE ( 'NONE', *, *, #2495, .F. ) ;
#2208 = VECTOR ( 'NONE', #155, 1000.000000000000000 ) ;
#2209 = ADVANCED_FACE ( 'NONE', ( #1041 ), #2153, .F. ) ;
#2210 = AXIS2_PLACEMENT_3D ( 'NONE', #855, #1718, #2562 ) ;
#2211 = CARTESIAN_POINT ( 'NONE',  ( -1.000000000000000000, 0.9499999999999999556, 0.6250000000000000000 ) ) ;
#2212 = FACE_OUTER_BOUND ( 'NONE', #2016, .T. ) ;
#2213 = ORIENTED_EDGE ( 'NONE', *, *, #1074, .T. ) ;
#2214 = VECTOR ( 'NONE', #2459, 1000.000000000000000 ) ;
#2215 = FACE_OUTER_BOUND ( 'NONE', #2386, .T. ) ;
#2216 = SURFACE_STYLE_FILL_AREA ( #331 ) ;
#2217 = ORIENTED_EDGE ( 'NONE', *, *, #2294, .T. ) ;
#2218 = CIRCLE ( 'NONE', #2176, 0.05000000000000002359 ) ;
#2219 = ORIENTED_EDGE ( 'NONE', *, *, #2284, .T. ) ;
#2220 = AXIS2_PLACEMENT_3D ( 'NONE', #756, #2069, #781 ) ;
#2221 = ADVANCED_FACE ( 'NONE', ( #3 ), #1528, .T. ) ;
#2222 = CARTESIAN_POINT ( 'NONE',  ( 0.000000000000000000, 0.9499999999999999556, 0.3250000000000000666 ) ) ;
#2223 = CARTESIAN_POINT ( 'NONE',  ( 0.000000000000000000, 0.9499999999999999556, 0.000000000000000000 ) ) ;
#2224 = LINE ( 'NONE', #1779, #989 ) ;
#2225 = PRESENTATION_STYLE_ASSIGNMENT (( #528 ) ) ;
#2226 = VERTEX_POINT ( 'NONE', #1022 ) ;
#2227 = DIRECTION ( 'NONE',  ( -1.000000000000000000, -0.000000000000000000, -0.000000000000000000 ) ) ;
#2228 = CARTESIAN_POINT ( 'NONE',  ( -0.6999999999999999556, 0.9499999999999999556, 0.3250000000000000111 ) ) ;
#2229 = LINE ( 'NONE', #2003, #309 ) ;
#2230 = ORIENTED_EDGE ( 'NONE', *, *, #927, .F. ) ;
#2231 = ORIENTED_EDGE ( 'NONE', *, *, #2325, .F. ) ;
#2232 = DIRECTION ( 'NONE',  ( -1.000000000000000000, 0.000000000000000000, 0.000000000000000000 ) ) ;
#2233 = STYLED_ITEM ( 'NONE', ( #591 ), #1018 ) ;
#2234 = EDGE_CURVE ( 'NONE', #501, #693, #1637, .T. ) ;
#2235 = DIRECTION ( 'NONE',  ( 1.000000000000000000, 0.000000000000000000, -0.000000000000000000 ) ) ;
#2236 = ADVANCED_FACE ( 'NONE', ( #2441 ), #319, .T. ) ;
#2237 =( NAMED_UNIT ( * ) PLANE_ANGLE_UNIT ( ) SI_UNIT ( $, .RADIAN. ) );
#2238 = FILL_AREA_STYLE_COLOUR ( '', #849 ) ;
#2239 = ORIENTED_EDGE ( 'NONE', *, *, #1547, .T. ) ;
#2240 = AXIS2_PLACEMENT_3D ( 'NONE', #1984, #1169, #1806 ) ;
#2241 = CARTESIAN_POINT ( 'NONE',  ( 0.7999999999999999334, 0.000000000000000000, 0.000000000000000000 ) ) ;
#2242 = DIRECTION ( 'NONE',  ( -0.000000000000000000, 1.000000000000000000, -0.000000000000000000 ) ) ;
#2243 = FACE_OUTER_BOUND ( 'NONE', #867, .T. ) ;
#2244 = ORIENTED_EDGE ( 'NONE', *, *, #1376, .T. ) ;
#2245 = CIRCLE ( 'NONE', #1011, 0.1000000000000000472 ) ;
#2246 = ORIENTED_EDGE ( 'NONE', *, *, #267, .F. ) ;
#2247 = CARTESIAN_POINT ( 'NONE',  ( -0.8000000000000000444, 0.9499999999999999556, -0.4250000000000007105 ) ) ;
#2248 = EDGE_CURVE ( 'NONE', #2554, #1800, #977, .T. ) ;
#2249 = CARTESIAN_POINT ( 'NONE',  ( -0.8000000000000001554, 0.000000000000000000, -0.5749999999999999556 ) ) ;
#2250 = DIRECTION ( 'NONE',  ( 0.000000000000000000, -1.000000000000000000, 0.000000000000000000 ) ) ;
#2251 =( NAMED_UNIT ( * ) SI_UNIT ( $, .STERADIAN. ) SOLID_ANGLE_UNIT ( ) );
#2252 = VERTEX_POINT ( 'NONE', #1578 ) ;
#2253 = EDGE_CURVE ( 'NONE', #520, #1435, #1136, .T. ) ;
#2254 = LINE ( 'NONE', #703, #1424 ) ;
#2255 = DIRECTION ( 'NONE',  ( 0.000000000000000000, -0.000000000000000000, -1.000000000000000000 ) ) ;
#2256 = VECTOR ( 'NONE', #1647, 1000.000000000000000 ) ;
#2257 = ORIENTED_EDGE ( 'NONE', *, *, #204, .T. ) ;
#2258 = AXIS2_PLACEMENT_3D ( 'NONE', #1476, #2734, #2550 ) ;
#2259 = ORIENTED_EDGE ( 'NONE', *, *, #61, .F. ) ;
#2260 = CARTESIAN_POINT ( 'NONE',  ( 0.9499999999999999556, 0.9000000000000000222, -0.5749999999999999556 ) ) ;
#2261 = EDGE_LOOP ( 'NONE', ( #314, #446, #2783, #227 ) ) ;
#2262 = VECTOR ( 'NONE', #587, 1000.000000000000000 ) ;
#2263 = CARTESIAN_POINT ( 'NONE',  ( 0.1499999999999999667, 0.9000000000000000222, 0.5749999999999999556 ) ) ;
#2264 = PRESENTATION_LAYER_ASSIGNMENT (  '', '', ( #1775 ) ) ;
#2265 = DIRECTION ( 'NONE',  ( -1.000000000000000000, -0.000000000000000000, -0.000000000000000000 ) ) ;
#2266 = LINE ( 'NONE', #1371, #95 ) ;
#2267 = VERTEX_POINT ( 'NONE', #2479 ) ;
#2268 = LINE ( 'NONE', #1012, #30 ) ;
#2269 = ORIENTED_EDGE ( 'NONE', *, *, #2670, .F. ) ;
#2270 = SURFACE_STYLE_USAGE ( .BOTH. , #1148 ) ;
#2271 = LINE ( 'NONE', #332, #1120 ) ;
#2272 = EDGE_CURVE ( 'NONE', #769, #771, #545, .T. ) ;
#2273 = EDGE_LOOP ( 'NONE', ( #787, #2312, #1400, #2318 ) ) ;
#2274 = ORIENTED_EDGE ( 'NONE', *, *, #1193, .F. ) ;
#2275 = CARTESIAN_POINT ( 'NONE',  ( 0.7999999999999999334, 0.9499999999999999556, 0.4250000000000007105 ) ) ;
#2276 = DIRECTION ( 'NONE',  ( 0.000000000000000000, 0.000000000000000000, 1.000000000000000000 ) ) ;
#2277 = DIRECTION ( 'NONE',  ( 0.000000000000000000, 0.000000000000000000, 1.000000000000000000 ) ) ;
#2278 = ORIENTED_EDGE ( 'NONE', *, *, #2200, .T. ) ;
#2279 = AXIS2_PLACEMENT_3D ( 'NONE', #1016, #972, #1421 ) ;
#2280 = CARTESIAN_POINT ( 'NONE',  ( -0.04999999999999935746, 0.9499999999999999556, -0.3250000000000000666 ) ) ;
#2281 = CARTESIAN_POINT ( 'NONE',  ( -0.5000000000000000000, 0.000000000000000000, -0.5749999999999999556 ) ) ;
#2282 = FACE_OUTER_BOUND ( 'NONE', #2158, .T. ) ;
#2283 =( NAMED_UNIT ( * ) SI_UNIT ( $, .STERADIAN. ) SOLID_ANGLE_UNIT ( ) );
#2284 = EDGE_CURVE ( 'NONE', #2406, #1769, #2229, .T. ) ;
#2285 = LINE ( 'NONE', #1853, #2646 ) ;
#2286 = LINE ( 'NONE', #2300, #1096 ) ;
#2287 = AXIS2_PLACEMENT_3D ( 'NONE', #1358, #919, #1548 ) ;
#2288 = VERTEX_POINT ( 'NONE', #101 ) ;
#2289 = ADVANCED_FACE ( 'NONE', ( #504 ), #1388, .T. ) ;
#2290 = AXIS2_PLACEMENT_3D ( 'NONE', #2483, #2063, #1380 ) ;
#2291 = DIRECTION ( 'NONE',  ( 1.000000000000000000, 0.000000000000000000, -0.000000000000000000 ) ) ;
#2292 = DIRECTION ( 'NONE',  ( -1.000000000000000000, 0.000000000000000000, 0.000000000000000000 ) ) ;
#2293 = VERTEX_POINT ( 'NONE', #2671 ) ;
#2294 = EDGE_CURVE ( 'NONE', #2150, #2699, #2696, .T. ) ;
#2295 = ORIENTED_EDGE ( 'NONE', *, *, #1954, .T. ) ;
#2296 = LINE ( 'NONE', #2739, #2580 ) ;
#2297 =( NAMED_UNIT ( * ) PLANE_ANGLE_UNIT ( ) SI_UNIT ( $, .RADIAN. ) );
#2298 = FILL_AREA_STYLE ('',( #547 ) ) ;
#2299 = AXIS2_PLACEMENT_3D ( 'NONE', #1296, #674, #1333 ) ;
#2300 = CARTESIAN_POINT ( 'NONE',  ( -0.9499999999999999556, 0.9499999999999999556, 0.6250000000000000000 ) ) ;
#2301 = CIRCLE ( 'NONE', #1209, 0.05000000000000002359 ) ;
#2302 = MECHANICAL_DESIGN_GEOMETRIC_PRESENTATION_REPRESENTATION (  '', ( #1675 ), #668 ) ;
#2303 = EDGE_LOOP ( 'NONE', ( #1542, #1205, #1238, #1178 ) ) ;
#2304 = VECTOR ( 'NONE', #825, 1000.000000000000000 ) ;
#2305 = UNCERTAINTY_MEASURE_WITH_UNIT (LENGTH_MEASURE( 1.000000000000000082E-05 ), #1320, 'distance_accuracy_value', 'NONE');
#2306 = FILL_AREA_STYLE ('',( #1053 ) ) ;
#2307 = CARTESIAN_POINT ( 'NONE',  ( -0.9499999999999999556, 0.9499999999999999556, -0.5749999999999999556 ) ) ;
#2308 =( GEOMETRIC_REPRESENTATION_CONTEXT ( 3 ) GLOBAL_UNCERTAINTY_ASSIGNED_CONTEXT ( ( #851 ) ) GLOBAL_UNIT_ASSIGNED_CONTEXT ( ( #1175, #304, #1839 ) ) REPRESENTATION_CONTEXT ( 'NONE', 'WORKASPACE' ) );
#2309 = EDGE_CURVE ( 'NONE', #692, #1465, #2350, .T. ) ;
#2310 = AXIS2_PLACEMENT_3D ( 'NONE', #618, #1761, #858 ) ;
#2311 = DIRECTION ( 'NONE',  ( 0.000000000000000000, 0.000000000000000000, 1.000000000000000000 ) ) ;
#2312 = ORIENTED_EDGE ( 'NONE', *, *, #1918, .T. ) ;
#2313 = SURFACE_STYLE_FILL_AREA ( #2737 ) ;
#2314 = DIRECTION ( 'NONE',  ( 0.000000000000000000, 0.000000000000000000, 1.000000000000000000 ) ) ;
#2315 = CARTESIAN_POINT ( 'NONE',  ( 0.000000000000000000, 0.000000000000000000, 0.3250000000000000666 ) ) ;
#2316 = CYLINDRICAL_SURFACE ( 'NONE', #2279, 0.05000000000000002359 ) ;
#2317 = CARTESIAN_POINT ( 'NONE',  ( -1.000000000000000000, 0.9499999999999999556, 0.6250000000000000000 ) ) ;
#2318 = ORIENTED_EDGE ( 'NONE', *, *, #1660, .T. ) ;
#2319 = CARTESIAN_POINT ( 'NONE',  ( 0.9499999999999999556, 0.9499999999999999556, -0.5749999999999999556 ) ) ;
#2320 = EDGE_CURVE ( 'NONE', #1655, #1877, #2271, .T. ) ;
#2321 = CARTESIAN_POINT ( 'NONE',  ( 0.9499999999999999556, 0.9499999999999999556, 0.5749999999999999556 ) ) ;
#2322 = CIRCLE ( 'NONE', #2147, 0.1000000000000000472 ) ;
#2323 = CARTESIAN_POINT ( 'NONE',  ( 0.9499999999999999556, 0.9000000000000000222, 0.000000000000000000 ) ) ;
#2324 = VERTEX_POINT ( 'NONE', #1799 ) ;
#2325 = EDGE_CURVE ( 'NONE', #2521, #1697, #1619, .T. ) ;
#2326 =( NAMED_UNIT ( * ) SI_UNIT ( $, .STERADIAN. ) SOLID_ANGLE_UNIT ( ) );
#2327 = ORIENTED_EDGE ( 'NONE', *, *, #204, .F. ) ;
#2328 = CARTESIAN_POINT ( 'NONE',  ( -0.9499999999999999556, 0.9000000000000000222, -0.5749999999999999556 ) ) ;
#2329 = SURFACE_STYLE_FILL_AREA ( #383 ) ;
#2330 = ORIENTED_EDGE ( 'NONE', *, *, #2417, .T. ) ;
#2331 = AXIS2_PLACEMENT_3D ( 'NONE', #1161, #718, #2199 ) ;
#2332 = DIRECTION ( 'NONE',  ( 1.000000000000000000, -0.000000000000000000, -0.000000000000000000 ) ) ;
#2333 = PRESENTATION_LAYER_ASSIGNMENT (  '', '', ( #1933 ) ) ;
#2334 = EDGE_LOOP ( 'NONE', ( #660, #1784, #2390, #2219 ) ) ;
#2335 = FACE_OUTER_BOUND ( 'NONE', #554, .T. ) ;
#2336 = UNCERTAINTY_MEASURE_WITH_UNIT (LENGTH_MEASURE( 1.000000000000000082E-05 ), #467, 'distance_accuracy_value', 'NONE');
#2337 = PLANE ( 'NONE',  #1064 ) ;
#2338 = AXIS2_PLACEMENT_3D ( 'NONE', #1111, #246, #667 ) ;
#2339 =( LENGTH_UNIT ( ) NAMED_UNIT ( * ) SI_UNIT ( .MILLI., .METRE. ) );
#2340 = STYLED_ITEM ( 'NONE', ( #404 ), #755 ) ;
#2341 = CARTESIAN_POINT ( 'NONE',  ( -0.6000000000000007550, 0.9499999999999999556, 0.3250000000000000666 ) ) ;
#2342 = VERTEX_POINT ( 'NONE', #1375 ) ;
#2343 = SURFACE_SIDE_STYLE ('',( #1517 ) ) ;
#2344 = ORIENTED_EDGE ( 'NONE', *, *, #320, .F. ) ;
#2345 = CARTESIAN_POINT ( 'NONE',  ( -0.5000000000000000000, 0.9000000000000000222, 0.5749999999999999556 ) ) ;
#2346 = SURFACE_STYLE_FILL_AREA ( #201 ) ;
#2347 = ADVANCED_FACE ( 'NONE', ( #2243 ), #305, .F. ) ;
#2348 = DIRECTION ( 'NONE',  ( 0.000000000000000000, -1.000000000000000000, 0.000000000000000000 ) ) ;
#2349 = LINE ( 'NONE', #1220, #2549 ) ;
#2350 = CIRCLE ( 'NONE', #440, 0.05000000000000002359 ) ;
#2351 = CARTESIAN_POINT ( 'NONE',  ( 1.000000000000000000, 0.9000000000000000222, 0.6250000000000000000 ) ) ;
#2352 = SURFACE_STYLE_USAGE ( .BOTH. , #614 ) ;
#2353 = PRESENTATION_LAYER_ASSIGNMENT (  '', '', ( #2123 ) ) ;
#2354 = CIRCLE ( 'NONE', #713, 0.05000000000000002359 ) ;
#2355 = VECTOR ( 'NONE', #2563, 1000.000000000000000 ) ;
#2356 = SURFACE_SIDE_STYLE ('',( #221 ) ) ;
#2357 = LINE ( 'NONE', #2183, #890 ) ;
#2358 = ORIENTED_EDGE ( 'NONE', *, *, #1439, .T. ) ;
#2359 = VECTOR ( 'NONE', #846, 1000.000000000000000 ) ;
#2360 = DIRECTION ( 'NONE',  ( 1.000000000000000000, 0.000000000000000000, 0.000000000000000000 ) ) ;
#2361 = CARTESIAN_POINT ( 'NONE',  ( -1.000000000000000000, 0.05000000000000002359, 0.5749999999999999556 ) ) ;
#2362 = EDGE_CURVE ( 'NONE', #1252, #2288, #1232, .T. ) ;
#2363 = CARTESIAN_POINT ( 'NONE',  ( 0.04999999999999925338, 0.9499999999999999556, -0.3250000000000000666 ) ) ;
#2364 = CARTESIAN_POINT ( 'NONE',  ( -0.5000000000000000000, 0.000000000000000000, -0.5749999999999999556 ) ) ;
#2365 = DIRECTION ( 'NONE',  ( 0.000000000000000000, -0.000000000000000000, -1.000000000000000000 ) ) ;
#2366 = CARTESIAN_POINT ( 'NONE',  ( 0.000000000000000000, 0.000000000000000000, 0.000000000000000000 ) ) ;
#2367 = ORIENTED_EDGE ( 'NONE', *, *, #378, .F. ) ;
#2368 = PLANE ( 'NONE',  #1701 ) ;
#2369 = FACE_OUTER_BOUND ( 'NONE', #2261, .T. ) ;
#2370 = CARTESIAN_POINT ( 'NONE',  ( -0.6999999999999992895, 0.000000000000000000, -0.3249999999999999001 ) ) ;
#2371 = FILL_AREA_STYLE ('',( #861 ) ) ;
#2372 = PRESENTATION_STYLE_ASSIGNMENT (( #215 ) ) ;
#2373 = CIRCLE ( 'NONE', #2732, 0.05000000000000002359 ) ;
#2374 = VERTEX_POINT ( 'NONE', #1681 ) ;
#2375 = EDGE_CURVE ( 'NONE', #2649, #2065, #184, .T. ) ;
#2376 = VECTOR ( 'NONE', #2348, 1000.000000000000000 ) ;
#2377 = DIRECTION ( 'NONE',  ( -1.000000000000000000, 0.000000000000000000, 0.000000000000000000 ) ) ;
#2378 = AXIS2_PLACEMENT_3D ( 'NONE', #1782, #2047, #2017 ) ;
#2379 = EDGE_CURVE ( 'NONE', #2667, #263, #1202, .T. ) ;
#2380 = CIRCLE ( 'NONE', #1335, 0.1000000000000000472 ) ;
#2381 = CARTESIAN_POINT ( 'NONE',  ( -0.7999999999999999334, 0.000000000000000000, 0.5749999999999999556 ) ) ;
#2382 = VERTEX_POINT ( 'NONE', #2568 ) ;
#2383 = CARTESIAN_POINT ( 'NONE',  ( -0.6999999999999999556, 0.9499999999999999556, -0.4250000000000000444 ) ) ;
#2384 = CARTESIAN_POINT ( 'NONE',  ( 0.000000000000000000, 0.000000000000000000, 0.000000000000000000 ) ) ;
#2385 = FACE_OUTER_BOUND ( 'NONE', #81, .T. ) ;
#2386 = EDGE_LOOP ( 'NONE', ( #2077, #1566, #380 ) ) ;
#2387 = EDGE_CURVE ( 'NONE', #520, #1090, #2074, .T. ) ;
#2388 = FACE_OUTER_BOUND ( 'NONE', #1870, .T. ) ;
#2389 = DIRECTION ( 'NONE',  ( 0.000000000000000000, 0.000000000000000000, -1.000000000000000000 ) ) ;
#2390 = ORIENTED_EDGE ( 'NONE', *, *, #2079, .F. ) ;
#2391 = UNCERTAINTY_MEASURE_WITH_UNIT (LENGTH_MEASURE( 1.000000000000000082E-05 ), #17, 'distance_accuracy_value', 'NONE');
#2392 = CARTESIAN_POINT ( 'NONE',  ( -1.000000000000000000, 0.05000000000000002359, -0.5749999999999999556 ) ) ;
#2393 = ADVANCED_FACE ( 'NONE', ( #138 ), #1913, .T. ) ;
#2394 = CARTESIAN_POINT ( 'NONE',  ( 0.8000000000000001554, 0.05000000000000002359, -0.6250000000000000000 ) ) ;
#2395 = VECTOR ( 'NONE', #1206, 1000.000000000000000 ) ;
#2396 =( LENGTH_UNIT ( ) NAMED_UNIT ( * ) SI_UNIT ( .MILLI., .METRE. ) );
#2397 = ORIENTED_EDGE ( 'NONE', *, *, #1670, .T. ) ;
#2398 = CARTESIAN_POINT ( 'NONE',  ( -0.1499999999999999667, 0.9499999999999999556, -0.5749999999999999556 ) ) ;
#2399 = DIRECTION ( 'NONE',  ( 0.000000000000000000, -1.000000000000000000, 0.000000000000000000 ) ) ;
#2400 = VERTEX_POINT ( 'NONE', #819 ) ;
#2401 = CARTESIAN_POINT ( 'NONE',  ( 0.000000000000000000, 0.9499999999999999556, -0.5749999999999999556 ) ) ;
#2402 = ORIENTED_EDGE ( 'NONE', *, *, #2154, .T. ) ;
#2403 = VECTOR ( 'NONE', #2276, 1000.000000000000000 ) ;
#2404 = LINE ( 'NONE', #1803, #606 ) ;
#2405 = FACE_OUTER_BOUND ( 'NONE', #1432, .T. ) ;
#2406 = VERTEX_POINT ( 'NONE', #789 ) ;
#2407 = EDGE_CURVE ( 'NONE', #2267, #2523, #1047, .T. ) ;
#2408 = LINE ( 'NONE', #2637, #176 ) ;
#2409 =( LENGTH_UNIT ( ) NAMED_UNIT ( * ) SI_UNIT ( .MILLI., .METRE. ) );
#2410 = VERTEX_POINT ( 'NONE', #559 ) ;
#2411 = ADVANCED_FACE ( 'NONE', ( #2282 ), #645, .F. ) ;
#2412 = DIRECTION ( 'NONE',  ( 0.000000000000000000, 0.000000000000000000, 1.000000000000000000 ) ) ;
#2413 = VERTEX_POINT ( 'NONE', #2625 ) ;
#2414 = ORIENTED_EDGE ( 'NONE', *, *, #1653, .T. ) ;
#2415 = PRODUCT_DEFINITION_CONTEXT ( 'detailed design', #1241, 'design' ) ;
#2416 = CARTESIAN_POINT ( 'NONE',  ( 0.9499999999999999556, 0.9000000000000000222, 0.5749999999999999556 ) ) ;
#2417 = EDGE_CURVE ( 'NONE', #2496, #458, #354, .T. ) ;
#2418 = MECHANICAL_DESIGN_GEOMETRIC_PRESENTATION_REPRESENTATION (  '', ( #1968 ), #1932 ) ;
#2419 = LINE ( 'NONE', #2675, #2214 ) ;
#2420 = VERTEX_POINT ( 'NONE', #210 ) ;
#2421 = COLOUR_RGB ( '',0.6666666666666666297, 0.6980392156862744724, 0.7686274509803920907 ) ;
#2422 = FILL_AREA_STYLE ('',( #457 ) ) ;
#2423 = CARTESIAN_POINT ( 'NONE',  ( -0.8000000000000001554, 0.05000000000000002359, -0.6250000000000000000 ) ) ;
#2424 = AXIS2_PLACEMENT_3D ( 'NONE', #485, #1589, #1384 ) ;
#2425 = ORIENTED_EDGE ( 'NONE', *, *, #2473, .T. ) ;
#2426 = AXIS2_PLACEMENT_3D ( 'NONE', #2136, #202, #1204 ) ;
#2427 = CYLINDRICAL_SURFACE ( 'NONE', #2647, 0.05000000000000002359 ) ;
#2428 = DIRECTION ( 'NONE',  ( -1.000000000000000000, 0.000000000000000000, 0.000000000000000000 ) ) ;
#2429 = ADVANCED_FACE ( 'NONE', ( #2161 ), #1535, .T. ) ;
#2430 = ORIENTED_EDGE ( 'NONE', *, *, #2166, .T. ) ;
#2431 = VERTEX_POINT ( 'NONE', #2370 ) ;
#2432 = DIRECTION ( 'NONE',  ( 0.000000000000000000, 0.000000000000000000, -1.000000000000000000 ) ) ;
#2433 = CARTESIAN_POINT ( 'NONE',  ( 0.4999999999999997780, 0.05000000000000002359, -0.6250000000000000000 ) ) ;
#2434 = ORIENTED_EDGE ( 'NONE', *, *, #33, .F. ) ;
#2435 = AXIS2_PLACEMENT_3D ( 'NONE', #2726, #1925, #2774 ) ;
#2436 = FILL_AREA_STYLE_COLOUR ( '', #2742 ) ;
#2437 = DIRECTION ( 'NONE',  ( 1.000000000000000000, -0.000000000000000000, -0.000000000000000000 ) ) ;
#2438 = EDGE_LOOP ( 'NONE', ( #1983, #688, #2546, #2231, #543, #871 ) ) ;
#2439 = AXIS2_PLACEMENT_3D ( 'NONE', #298, #1569, #1805 ) ;
#2440 = CARTESIAN_POINT ( 'NONE',  ( -1.000000000000000000, 0.05000000000000002359, 0.6250000000000000000 ) ) ;
#2441 = FACE_OUTER_BOUND ( 'NONE', #2107, .T. ) ;
#2442 = ORIENTED_EDGE ( 'NONE', *, *, #2379, .T. ) ;
#2443 = COLOUR_RGB ( '',0.6666666666666666297, 0.6980392156862744724, 0.7686274509803920907 ) ;
#2444 = ORIENTED_EDGE ( 'NONE', *, *, #1038, .T. ) ;
#2445 = EDGE_CURVE ( 'NONE', #2061, #2464, #1975, .T. ) ;
#2446 = DIRECTION ( 'NONE',  ( -0.000000000000000000, -0.000000000000000000, 1.000000000000000000 ) ) ;
#2447 = COLOUR_RGB ( '',0.6666666666666666297, 0.6980392156862744724, 0.7686274509803920907 ) ;
#2448 = ADVANCED_FACE ( 'NONE', ( #2385 ), #262, .T. ) ;
#2449 = DIRECTION ( 'NONE',  ( 0.000000000000000000, 1.000000000000000000, 0.000000000000000000 ) ) ;
#2450 = SURFACE_SIDE_STYLE ('',( #908 ) ) ;
#2451 = LINE ( 'NONE', #80, #1443 ) ;
#2452 = VERTEX_POINT ( 'NONE', #1076 ) ;
#2453 = CARTESIAN_POINT ( 'NONE',  ( -0.1499999999999999667, 0.9000000000000000222, -0.5749999999999999556 ) ) ;
#2454 = DIRECTION ( 'NONE',  ( -1.000000000000000000, 0.000000000000000000, 0.000000000000000000 ) ) ;
#2455 = ORIENTED_EDGE ( 'NONE', *, *, #361, .F. ) ;
#2456 = VERTEX_POINT ( 'NONE', #636 ) ;
#2457 = SURFACE_SIDE_STYLE ('',( #930 ) ) ;
#2458 = VECTOR ( 'NONE', #1298, 1000.000000000000000 ) ;
#2459 = DIRECTION ( 'NONE',  ( 1.000000000000000000, -0.000000000000000000, -0.000000000000000000 ) ) ;
#2460 = EDGE_CURVE ( 'NONE', #2226, #2715, #1520, .T. ) ;
#2461 = CIRCLE ( 'NONE', #691, 0.05000000000000002359 ) ;
#2462 = CARTESIAN_POINT ( 'NONE',  ( -1.000000000000000000, 0.05000000000000002359, -0.5749999999999999556 ) ) ;
#2463 = DIRECTION ( 'NONE',  ( -1.000000000000000000, 0.000000000000000000, 0.000000000000000000 ) ) ;
#2464 = VERTEX_POINT ( 'NONE', #1063 ) ;
#2465 = DIRECTION ( 'NONE',  ( -0.000000000000000000, 1.000000000000000000, -0.000000000000000000 ) ) ;
#2466 = DIRECTION ( 'NONE',  ( 0.000000000000000000, 0.000000000000000000, -1.000000000000000000 ) ) ;
#2467 = CARTESIAN_POINT ( 'NONE',  ( 0.000000000000000000, 0.9499999999999999556, 0.5749999999999999556 ) ) ;
#2468 = ORIENTED_EDGE ( 'NONE', *, *, #621, .T. ) ;
#2469 = VECTOR ( 'NONE', #2377, 1000.000000000000000 ) ;
#2470 = EDGE_LOOP ( 'NONE', ( #203, #494, #1188, #2735, #1777, #2244 ) ) ;
#2471 = FACE_OUTER_BOUND ( 'NONE', #2046, .T. ) ;
#2472 = CARTESIAN_POINT ( 'NONE',  ( 0.9499999999999999556, 0.05000000000000002359, 0.5749999999999999556 ) ) ;
#2473 = EDGE_CURVE ( 'NONE', #198, #2036, #1962, .T. ) ;
#2474 =( NAMED_UNIT ( * ) SI_UNIT ( $, .STERADIAN. ) SOLID_ANGLE_UNIT ( ) );
#2475 = DIRECTION ( 'NONE',  ( -1.000000000000000000, -0.000000000000000000, 0.000000000000000000 ) ) ;
#2476 = ORIENTED_EDGE ( 'NONE', *, *, #936, .F. ) ;
#2477 = AXIS2_PLACEMENT_3D ( 'NONE', #762, #2018, #492 ) ;
#2478 = FACE_OUTER_BOUND ( 'NONE', #957, .T. ) ;
#2479 = CARTESIAN_POINT ( 'NONE',  ( 0.1499999999999999667, 0.9000000000000000222, -0.6250000000000000000 ) ) ;
#2480 = CIRCLE ( 'NONE', #2439, 0.05000000000000002359 ) ;
#2481 = ORIENTED_EDGE ( 'NONE', *, *, #2723, .T. ) ;
#2482 = VECTOR ( 'NONE', #1277, 1000.000000000000000 ) ;
#2483 = CARTESIAN_POINT ( 'NONE',  ( -0.6999999999999999556, 0.000000000000000000, -0.4249999999999998224 ) ) ;
#2484 = VERTEX_POINT ( 'NONE', #1762 ) ;
#2485 = CARTESIAN_POINT ( 'NONE',  ( -0.05000000000000002359, 0.9499999999999999556, 0.3250000000000000666 ) ) ;
#2486 = PRESENTATION_LAYER_ASSIGNMENT (  '', '', ( #281 ) ) ;
#2487 = CARTESIAN_POINT ( 'NONE',  ( -0.8000000000000001554, 0.9000000000000000222, -0.6250000000000000000 ) ) ;
#2488 = CARTESIAN_POINT ( 'NONE',  ( -0.5000000000000000000, 0.9000000000000000222, -0.5749999999999999556 ) ) ;
#2489 = EDGE_LOOP ( 'NONE', ( #1449, #1682, #1347, #2759 ) ) ;
#2490 = ADVANCED_FACE ( 'NONE', ( #1953 ), #1780, .T. ) ;
#2491 = DIRECTION ( 'NONE',  ( 0.000000000000000000, 1.000000000000000000, 0.000000000000000000 ) ) ;
#2492 = ORIENTED_EDGE ( 'NONE', *, *, #82, .T. ) ;
#2493 = DIRECTION ( 'NONE',  ( 1.000000000000000000, 0.000000000000000000, 0.000000000000000000 ) ) ;
#2494 = DIRECTION ( 'NONE',  ( 0.000000000000000000, -1.000000000000000000, 0.000000000000000000 ) ) ;
#2495 = EDGE_CURVE ( 'NONE', #2094, #418, #2529, .T. ) ;
#2496 = VERTEX_POINT ( 'NONE', #1807 ) ;
#2497 = CARTESIAN_POINT ( 'NONE',  ( -1.000000000000000000, 0.9000000000000000222, -0.6250000000000000000 ) ) ;
#2498 = CARTESIAN_POINT ( 'NONE',  ( -0.9499999999999999556, 0.05000000000000000278, 0.5749999999999999556 ) ) ;
#2499 = ORIENTED_EDGE ( 'NONE', *, *, #1338, .T. ) ;
#2500 = UNCERTAINTY_MEASURE_WITH_UNIT (LENGTH_MEASURE( 1.000000000000000082E-05 ), #2409, 'distance_accuracy_value', 'NONE');
#2501 = DIRECTION ( 'NONE',  ( -1.000000000000000000, 0.000000000000000000, 0.000000000000000000 ) ) ;
#2502 = ADVANCED_FACE ( 'NONE', ( #2212 ), #2691, .T. ) ;
#2503 = LINE ( 'NONE', #1846, #1631 ) ;
#2504 = CYLINDRICAL_SURFACE ( 'NONE', #711, 0.05000000000000002359 ) ;
#2505 = ORIENTED_EDGE ( 'NONE', *, *, #2407, .T. ) ;
#2506 = STYLED_ITEM ( 'NONE', ( #971 ), #25 ) ;
#2507 = PLANE ( 'NONE',  #1248 ) ;
#2508 = ORIENTED_EDGE ( 'NONE', *, *, #2417, .F. ) ;
#2509 = DIRECTION ( 'NONE',  ( 0.000000000000000000, 1.000000000000000000, 0.000000000000000000 ) ) ;
#2510 = CIRCLE ( 'NONE', #1292, 0.05000000000000002359 ) ;
#2511 = CARTESIAN_POINT ( 'NONE',  ( -0.5000000000000000000, 0.9499999999999999556, 0.000000000000000000 ) ) ;
#2512 = CARTESIAN_POINT ( 'NONE',  ( -0.05000000000000002359, 0.9499999999999999556, 0.4250000000000000444 ) ) ;
#2513 = DIRECTION ( 'NONE',  ( 1.000000000000000000, -0.000000000000000000, -0.000000000000000000 ) ) ;
#2514 = EDGE_CURVE ( 'NONE', #1691, #2452, #1393, .T. ) ;
#2515 = CARTESIAN_POINT ( 'NONE',  ( -0.9499999999999999556, 0.9000000000000000222, -0.5749999999999998446 ) ) ;
#2516 = STYLED_ITEM ( 'NONE', ( #1156 ), #739 ) ;
#2517 = VERTEX_POINT ( 'NONE', #1360 ) ;
#2518 = DIRECTION ( 'NONE',  ( 0.000000000000000000, 0.000000000000000000, 1.000000000000000000 ) ) ;
#2519 = FILL_AREA_STYLE_COLOUR ( '', #2632 ) ;
#2520 = CARTESIAN_POINT ( 'NONE',  ( -0.1500000000000002165, 0.9499999999999999556, 6.098637220230990791E-17 ) ) ;
#2521 = VERTEX_POINT ( 'NONE', #744 ) ;
#2522 = CARTESIAN_POINT ( 'NONE',  ( -1.000000000000000000, 0.05000000000000002359, -0.5749999999999999556 ) ) ;
#2523 = VERTEX_POINT ( 'NONE', #94 ) ;
#2524 = DIRECTION ( 'NONE',  ( -1.000000000000000000, 0.000000000000000000, 0.000000000000000000 ) ) ;
#2525 =( NAMED_UNIT ( * ) PLANE_ANGLE_UNIT ( ) SI_UNIT ( $, .RADIAN. ) );
#2526 = CARTESIAN_POINT ( 'NONE',  ( 0.000000000000000000, 0.000000000000000000, 0.000000000000000000 ) ) ;
#2527 = CARTESIAN_POINT ( 'NONE',  ( 0.000000000000000000, 0.9499999999999999556, 0.000000000000000000 ) ) ;
#2528 = CARTESIAN_POINT ( 'NONE',  ( 1.000000000000000000, 0.05000000000000002359, 0.6250000000000000000 ) ) ;
#2529 = CIRCLE ( 'NONE', #754, 0.1000000000000000472 ) ;
#2530 = ORIENTED_EDGE ( 'NONE', *, *, #448, .F. ) ;
#2531 = EDGE_CURVE ( 'NONE', #359, #2094, #2054, .T. ) ;
#2532 = MECHANICAL_DESIGN_GEOMETRIC_PRESENTATION_REPRESENTATION (  '', ( #1266 ), #97 ) ;
#2533 = DIRECTION ( 'NONE',  ( 0.000000000000000000, 0.000000000000000000, -1.000000000000000000 ) ) ;
#2534 = EDGE_CURVE ( 'NONE', #2001, #904, #2266, .T. ) ;
#2535 = AXIS2_PLACEMENT_3D ( 'NONE', #2754, #1013, #803 ) ;
#2536 = CARTESIAN_POINT ( 'NONE',  ( -0.04999999999999925338, 0.000000000000000000, -0.3249999999999999556 ) ) ;
#2537 = CARTESIAN_POINT ( 'NONE',  ( -0.5000000000000000000, 0.9499999999999999556, -0.4250000000000007105 ) ) ;
#2538 = ORIENTED_EDGE ( 'NONE', *, *, #1319, .T. ) ;
#2539 =( GEOMETRIC_REPRESENTATION_CONTEXT ( 3 ) GLOBAL_UNCERTAINTY_ASSIGNED_CONTEXT ( ( #765 ) ) GLOBAL_UNIT_ASSIGNED_CONTEXT ( ( #920, #2237, #2251 ) ) REPRESENTATION_CONTEXT ( 'NONE', 'WORKASPACE' ) );
#2540 = FILL_AREA_STYLE_COLOUR ( '', #1744 ) ;
#2541 = CARTESIAN_POINT ( 'NONE',  ( 0.000000000000000000, 0.9000000000000000222, -0.5749999999999999556 ) ) ;
#2542 = ORIENTED_EDGE ( 'NONE', *, *, #2565, .T. ) ;
#2543 = ADVANCED_FACE ( 'NONE', ( #1819 ), #1183, .T. ) ;
#2544 = CARTESIAN_POINT ( 'NONE',  ( 0.4999999999999997780, 0.000000000000000000, -0.5749999999999999556 ) ) ;
#2545 =( NAMED_UNIT ( * ) PLANE_ANGLE_UNIT ( ) SI_UNIT ( $, .RADIAN. ) );
#2546 = ORIENTED_EDGE ( 'NONE', *, *, #1422, .F. ) ;
#2547 = EDGE_CURVE ( 'NONE', #2484, #2288, #2170, .T. ) ;
#2548 = FACE_OUTER_BOUND ( 'NONE', #557, .T. ) ;
#2549 = VECTOR ( 'NONE', #2091, 1000.000000000000000 ) ;
#2550 = DIRECTION ( 'NONE',  ( 0.000000000000000000, 0.000000000000000000, -1.000000000000000000 ) ) ;
#2551 = ORIENTED_EDGE ( 'NONE', *, *, #612, .F. ) ;
#2552 = DIRECTION ( 'NONE',  ( 0.000000000000000000, 0.000000000000000000, -1.000000000000000000 ) ) ;
#2553 = PRODUCT ( 'HFCG-880+', 'HFCG-880+', '', ( #2607 ) ) ;
#2554 = VERTEX_POINT ( 'NONE', #1590 ) ;
#2555 = CARTESIAN_POINT ( 'NONE',  ( 0.000000000000000000, 0.9499999999999999556, 0.5749999999999999556 ) ) ;
#2556 = VECTOR ( 'NONE', #172, 1000.000000000000000 ) ;
#2557 = ORIENTED_EDGE ( 'NONE', *, *, #893, .T. ) ;
#2558 = ORIENTED_EDGE ( 'NONE', *, *, #907, .T. ) ;
#2559 =( NAMED_UNIT ( * ) PLANE_ANGLE_UNIT ( ) SI_UNIT ( $, .RADIAN. ) );
#2560 = VECTOR ( 'NONE', #1620, 1000.000000000000000 ) ;
#2561 = COLOUR_RGB ( '',0.6666666666666666297, 0.6980392156862744724, 0.7686274509803920907 ) ;
#2562 = DIRECTION ( 'NONE',  ( 2.134523027080837170E-14, 0.000000000000000000, -1.000000000000000000 ) ) ;
#2563 = DIRECTION ( 'NONE',  ( 0.000000000000000000, 0.000000000000000000, -1.000000000000000000 ) ) ;
#2564 = ORIENTED_EDGE ( 'NONE', *, *, #2592, .T. ) ;
#2565 = EDGE_CURVE ( 'NONE', #1163, #2660, #2014, .T. ) ;
#2566 = LINE ( 'NONE', #1045, #465 ) ;
#2567 = CARTESIAN_POINT ( 'NONE',  ( -0.9499999999999999556, 0.9000000000000000222, 0.5749999999999999556 ) ) ;
#2568 = CARTESIAN_POINT ( 'NONE',  ( 0.7999999999999999334, 0.000000000000000000, 0.4250000000000007105 ) ) ;
#2569 =( NAMED_UNIT ( * ) SI_UNIT ( $, .STERADIAN. ) SOLID_ANGLE_UNIT ( ) );
#2570 = EDGE_LOOP ( 'NONE', ( #276, #721, #1051, #2098 ) ) ;
#2571 = AXIS2_PLACEMENT_3D ( 'NONE', #1959, #429, #1935 ) ;
#2572 = CARTESIAN_POINT ( 'NONE',  ( 0.000000000000000000, 0.9000000000000000222, 0.5749999999999999556 ) ) ;
#2573 = LINE ( 'NONE', #812, #1080 ) ;
#2574 = CIRCLE ( 'NONE', #47, 0.05000000000000002359 ) ;
#2575 = VECTOR ( 'NONE', #632, 1000.000000000000000 ) ;
#2576 = CIRCLE ( 'NONE', #142, 0.1000000000000000472 ) ;
#2577 = DIRECTION ( 'NONE',  ( 5.421010862427540905E-16, 0.000000000000000000, 1.000000000000000000 ) ) ;
#2578 =( NAMED_UNIT ( * ) PLANE_ANGLE_UNIT ( ) SI_UNIT ( $, .RADIAN. ) );
#2579 = VERTEX_POINT ( 'NONE', #1847 ) ;
#2580 = VECTOR ( 'NONE', #573, 1000.000000000000000 ) ;
#2581 = CARTESIAN_POINT ( 'NONE',  ( 0.9499999999999999556, 0.000000000000000000, 0.5749999999999999556 ) ) ;
#2582 = CARTESIAN_POINT ( 'NONE',  ( 0.5000000000000000000, 0.05000000000000002359, 0.6250000000000000000 ) ) ;
#2583 = SURFACE_STYLE_USAGE ( .BOTH. , #1941 ) ;
#2584 = EDGE_CURVE ( 'NONE', #1230, #604, #2451, .T. ) ;
#2585 =( GEOMETRIC_REPRESENTATION_CONTEXT ( 3 ) GLOBAL_UNCERTAINTY_ASSIGNED_CONTEXT ( ( #876 ) ) GLOBAL_UNIT_ASSIGNED_CONTEXT ( ( #2141, #1276, #1289 ) ) REPRESENTATION_CONTEXT ( 'NONE', 'WORKASPACE' ) );
#2586 = SURFACE_STYLE_USAGE ( .BOTH. , #14 ) ;
#2587 = FACE_OUTER_BOUND ( 'NONE', #1537, .T. ) ;
#2588 = EDGE_CURVE ( 'NONE', #2021, #904, #180, .T. ) ;
#2589 = PRESENTATION_STYLE_ASSIGNMENT (( #1527 ) ) ;
#2590 = CARTESIAN_POINT ( 'NONE',  ( 0.4999999999999997780, 0.9499999999999999556, -0.6250000000000000000 ) ) ;
#2591 = CARTESIAN_POINT ( 'NONE',  ( 0.4999999999999996669, 0.9499999999999999556, -2.710505431213768974E-16 ) ) ;
#2592 = EDGE_CURVE ( 'NONE', #693, #1291, #2127, .T. ) ;
#2593 = CARTESIAN_POINT ( 'NONE',  ( 0.6999999999999992895, 0.9499999999999999556, -0.3250000000000000111 ) ) ;
#2594 = ORIENTED_EDGE ( 'NONE', *, *, #1367, .T. ) ;
#2595 = FILL_AREA_STYLE ('',( #857 ) ) ;
#2596 = FILL_AREA_STYLE_COLOUR ( '', #1035 ) ;
#2597 = VERTEX_POINT ( 'NONE', #768 ) ;
#2598 = VECTOR ( 'NONE', #143, 1000.000000000000000 ) ;
#2599 = SURFACE_SIDE_STYLE ('',( #1738 ) ) ;
#2600 = DIRECTION ( 'NONE',  ( 1.000000000000000000, 0.000000000000000000, 0.000000000000000000 ) ) ;
#2601 = EDGE_CURVE ( 'NONE', #2597, #1252, #1661, .T. ) ;
#2602 = SURFACE_STYLE_FILL_AREA ( #268 ) ;
#2603 = PRESENTATION_STYLE_ASSIGNMENT (( #2352 ) ) ;
#2604 = PRESENTATION_LAYER_ASSIGNMENT (  '', '', ( #1245 ) ) ;
#2605 = VECTOR ( 'NONE', #2465, 1000.000000000000000 ) ;
#2606 = CARTESIAN_POINT ( 'NONE',  ( 0.000000000000000000, 0.9499999999999999556, 0.000000000000000000 ) ) ;
#2607 = PRODUCT_CONTEXT ( 'NONE', #1939, 'mechanical' ) ;
#2608 = AXIS2_PLACEMENT_3D ( 'NONE', #2260, #2446, #335 ) ;
#2609 = VERTEX_POINT ( 'NONE', #2537 ) ;
#2610 = DIRECTION ( 'NONE',  ( 0.000000000000000000, 0.000000000000000000, -1.000000000000000000 ) ) ;
#2611 = PRESENTATION_STYLE_ASSIGNMENT (( #1749 ) ) ;
#2612 =( NAMED_UNIT ( * ) PLANE_ANGLE_UNIT ( ) SI_UNIT ( $, .RADIAN. ) );
#2613 = ORIENTED_EDGE ( 'NONE', *, *, #1160, .T. ) ;
#2614 = ORIENTED_EDGE ( 'NONE', *, *, #893, .F. ) ;
#2615 = LINE ( 'NONE', #1729, #2458 ) ;
#2616 = ORIENTED_EDGE ( 'NONE', *, *, #582, .F. ) ;
#2617 = CARTESIAN_POINT ( 'NONE',  ( 0.1499999999999999667, 0.9000000000000000222, 0.6250000000000000000 ) ) ;
#2618 = EDGE_CURVE ( 'NONE', #1549, #2055, #1413, .T. ) ;
#2619 = MECHANICAL_DESIGN_GEOMETRIC_PRESENTATION_REPRESENTATION (  '', ( #1441 ), #524 ) ;
#2620 = CARTESIAN_POINT ( 'NONE',  ( -1.000000000000000000, 0.9499999999999999556, -0.6250000000000000000 ) ) ;
#2621 = CIRCLE ( 'NONE', #311, 0.1000000000000000472 ) ;
#2622 = ADVANCED_FACE ( 'NONE', ( #133 ), #1247, .T. ) ;
#2623 = ORIENTED_EDGE ( 'NONE', *, *, #600, .F. ) ;
#2624 = CARTESIAN_POINT ( 'NONE',  ( -0.5000000000000000000, 0.9499999999999999556, 0.6250000000000000000 ) ) ;
#2625 = CARTESIAN_POINT ( 'NONE',  ( -0.7999999999999999334, 0.9499999999999999556, 0.5749999999999999556 ) ) ;
#2626 = ORIENTED_EDGE ( 'NONE', *, *, #1747, .T. ) ;
#2627 = STYLED_ITEM ( 'NONE', ( #2611 ), #1531 ) ;
#2628 =( LENGTH_UNIT ( ) NAMED_UNIT ( * ) SI_UNIT ( .MILLI., .METRE. ) );
#2629 = SPHERICAL_SURFACE ( 'NONE', #866, 0.05000000000000000278 ) ;
#2630 = ADVANCED_FACE ( 'NONE', ( #1643 ), #2504, .T. ) ;
#2631 = EDGE_LOOP ( 'NONE', ( #1180, #344, #471, #1107 ) ) ;
#2632 = COLOUR_RGB ( '',0.6666666666666666297, 0.6980392156862744724, 0.7686274509803920907 ) ;
#2633 = EDGE_LOOP ( 'NONE', ( #1172, #763, #1993 ) ) ;
#2634 = DIRECTION ( 'NONE',  ( 1.000000000000000000, -0.000000000000000000, 0.000000000000000000 ) ) ;
#2635 = EDGE_LOOP ( 'NONE', ( #282, #2530, #729, #113 ) ) ;
#2636 = EDGE_CURVE ( 'NONE', #1926, #2517, #1078, .T. ) ;
#2637 = CARTESIAN_POINT ( 'NONE',  ( 0.7999999999999999334, 0.9499999999999999556, -0.6250000000000000000 ) ) ;
#2638 = CARTESIAN_POINT ( 'NONE',  ( -1.000000000000000000, 0.9499999999999999556, -0.5749999999999998446 ) ) ;
#2639 = SURFACE_SIDE_STYLE ('',( #12 ) ) ;
#2640 = ORIENTED_EDGE ( 'NONE', *, *, #300, .T. ) ;
#2641 = DIRECTION ( 'NONE',  ( 0.000000000000000000, -1.000000000000000000, 0.000000000000000000 ) ) ;
#2642 = PLANE ( 'NONE',  #234 ) ;
#2643 = VERTEX_POINT ( 'NONE', #2341 ) ;
#2644 = ORIENTED_EDGE ( 'NONE', *, *, #1810, .F. ) ;
#2645 = SURFACE_STYLE_FILL_AREA ( #1981 ) ;
#2646 = VECTOR ( 'NONE', #2332, 1000.000000000000000 ) ;
#2647 = AXIS2_PLACEMENT_3D ( 'NONE', #1797, #518, #1387 ) ;
#2648 = FILL_AREA_STYLE_COLOUR ( '', #1674 ) ;
#2649 = VERTEX_POINT ( 'NONE', #2704 ) ;
#2650 = VECTOR ( 'NONE', #896, 1000.000000000000000 ) ;
#2651 = DIRECTION ( 'NONE',  ( -2.168404344971007685E-15, 0.000000000000000000, -1.000000000000000000 ) ) ;
#2652 = SURFACE_SIDE_STYLE ('',( #288 ) ) ;
#2653 = ORIENTED_EDGE ( 'NONE', *, *, #844, .T. ) ;
#2654 = EDGE_CURVE ( 'NONE', #1364, #2517, #233, .T. ) ;
#2655 = CIRCLE ( 'NONE', #2290, 0.09999999999999993616 ) ;
#2656 = CARTESIAN_POINT ( 'NONE',  ( 0.6999999999999992895, 0.000000000000000000, -0.3250000000000000111 ) ) ;
#2657 = SURFACE_SIDE_STYLE ('',( #1135 ) ) ;
#2658 = SURFACE_SIDE_STYLE ('',( #1823 ) ) ;
#2659 = EDGE_CURVE ( 'NONE', #1555, #1886, #622, .T. ) ;
#2660 = VERTEX_POINT ( 'NONE', #1907 ) ;
#2661 = ORIENTED_EDGE ( 'NONE', *, *, #2514, .F. ) ;
#2662 = FACE_OUTER_BOUND ( 'NONE', #1146, .T. ) ;
#2663 = PLANE ( 'NONE',  #2034 ) ;
#2664 = VECTOR ( 'NONE', #1176, 1000.000000000000000 ) ;
#2665 = SURFACE_SIDE_STYLE ('',( #1599 ) ) ;
#2666 = SURFACE_SIDE_STYLE ('',( #2678 ) ) ;
#2667 = VERTEX_POINT ( 'NONE', #568 ) ;
#2668 = STYLED_ITEM ( 'NONE', ( #595 ), #2179 ) ;
#2669 = DIRECTION ( 'NONE',  ( 0.000000000000000000, 0.000000000000000000, -1.000000000000000000 ) ) ;
#2670 = EDGE_CURVE ( 'NONE', #679, #1435, #1863, .T. ) ;
#2671 = CARTESIAN_POINT ( 'NONE',  ( 0.7999999999999999334, 0.000000000000000000, -0.5749999999999999556 ) ) ;
#2672 = ORIENTED_EDGE ( 'NONE', *, *, #1376, .F. ) ;
#2673 = ORIENTED_EDGE ( 'NONE', *, *, #1621, .T. ) ;
#2674 = ADVANCED_FACE ( 'NONE', ( #1677 ), #1263, .F. ) ;
#2675 = CARTESIAN_POINT ( 'NONE',  ( 0.8000000000000001554, 0.000000000000000000, -0.5749999999999999556 ) ) ;
#2676 = DIRECTION ( 'NONE',  ( 0.000000000000000000, -1.000000000000000000, 0.000000000000000000 ) ) ;
#2677 = SURFACE_STYLE_USAGE ( .BOTH. , #2652 ) ;
#2678 = SURFACE_STYLE_FILL_AREA ( #728 ) ;
#2679 = ORIENTED_EDGE ( 'NONE', *, *, #2362, .F. ) ;
#2680 = CARTESIAN_POINT ( 'NONE',  ( -0.9499999999999999556, 0.9000000000000000222, 0.5749999999999999556 ) ) ;
#2681 = FACE_OUTER_BOUND ( 'NONE', #1595, .T. ) ;
#2682 = SURFACE_STYLE_USAGE ( .BOTH. , #2658 ) ;
#2683 = ORIENTED_EDGE ( 'NONE', *, *, #2004, .F. ) ;
#2684 = EDGE_LOOP ( 'NONE', ( #2673, #2768, #2344, #1214 ) ) ;
#2685 = CARTESIAN_POINT ( 'NONE',  ( 0.1499999999999999667, 0.05000000000000002359, -0.6250000000000000000 ) ) ;
#2686 = EDGE_CURVE ( 'NONE', #769, #2101, #1431, .T. ) ;
#2687 = CARTESIAN_POINT ( 'NONE',  ( 0.9499999999999999556, 0.9000000000000000222, 0.5749999999999999556 ) ) ;
#2688 = AXIS2_PLACEMENT_3D ( 'NONE', #83, #1592, #924 ) ;
#2689 = SURFACE_STYLE_FILL_AREA ( #2306 ) ;
#2690 = DIRECTION ( 'NONE',  ( -1.000000000000000000, 0.000000000000000000, 0.000000000000000000 ) ) ;
#2691 = CYLINDRICAL_SURFACE ( 'NONE', #4, 0.05000000000000002359 ) ;
#2692 = AXIS2_PLACEMENT_3D ( 'NONE', #644, #1972, #2552 ) ;
#2693 = VERTEX_POINT ( 'NONE', #757 ) ;
#2694 = DIRECTION ( 'NONE',  ( 4.336808689942015369E-15, 0.000000000000000000, 1.000000000000000000 ) ) ;
#2695 = DIRECTION ( 'NONE',  ( -1.000000000000000000, 0.000000000000000000, 0.000000000000000000 ) ) ;
#2696 = LINE ( 'NONE', #748, #885 ) ;
#2697 = LINE ( 'NONE', #749, #2786 ) ;
#2698 = FACE_OUTER_BOUND ( 'NONE', #2633, .T. ) ;
#2699 = VERTEX_POINT ( 'NONE', #2097 ) ;
#2700 = ADVANCED_FACE ( 'NONE', ( #2767 ), #1043, .T. ) ;
#2701 = DIRECTION ( 'NONE',  ( 0.000000000000000000, 0.000000000000000000, -1.000000000000000000 ) ) ;
#2702 = EDGE_CURVE ( 'NONE', #2772, #2001, #1949, .T. ) ;
#2703 = DIRECTION ( 'NONE',  ( -1.000000000000000000, -0.000000000000000000, -0.000000000000000000 ) ) ;
#2704 = CARTESIAN_POINT ( 'NONE',  ( -0.7999999999999999334, 0.9499999999999999556, -0.5749999999999999556 ) ) ;
#2705 = ORIENTED_EDGE ( 'NONE', *, *, #2309, .T. ) ;
#2706 = STYLED_ITEM ( 'NONE', ( #2103 ), #2347 ) ;
#2707 = CARTESIAN_POINT ( 'NONE',  ( -1.000000000000000000, 0.9000000000000000222, 0.6250000000000000000 ) ) ;
#2708 = LINE ( 'NONE', #169, #1273 ) ;
#2709 = AXIS2_PLACEMENT_3D ( 'NONE', #2361, #1116, #421 ) ;
#2710 = DIRECTION ( 'NONE',  ( 0.000000000000000000, 0.000000000000000000, -1.000000000000000000 ) ) ;
#2711 = AXIS2_PLACEMENT_3D ( 'NONE', #2748, #1844, #2291 ) ;
#2712 = DIRECTION ( 'NONE',  ( 1.000000000000000000, 0.000000000000000000, 0.000000000000000000 ) ) ;
#2713 = DIRECTION ( 'NONE',  ( -0.000000000000000000, 1.000000000000000000, -0.000000000000000000 ) ) ;
#2714 = EDGE_CURVE ( 'NONE', #928, #886, #352, .T. ) ;
#2715 = VERTEX_POINT ( 'NONE', #1873 ) ;
#2716 = AXIS2_PLACEMENT_3D ( 'NONE', #2345, #393, #1269 ) ;
#2717 = VECTOR ( 'NONE', #1007, 1000.000000000000000 ) ;
#2718 = CARTESIAN_POINT ( 'NONE',  ( -1.000000000000000000, 0.9499999999999999556, 0.6250000000000000000 ) ) ;
#2719 = CIRCLE ( 'NONE', #402, 0.1000000000000000472 ) ;
#2720 = PRESENTATION_STYLE_ASSIGNMENT (( #767 ) ) ;
#2721 = CARTESIAN_POINT ( 'NONE',  ( -0.8000000000000001554, 0.05000000000000002359, -0.5749999999999999556 ) ) ;
#2722 = EDGE_LOOP ( 'NONE', ( #1579, #1536, #954, #506 ) ) ;
#2723 = EDGE_CURVE ( 'NONE', #945, #1252, #2750, .T. ) ;
#2724 = FACE_OUTER_BOUND ( 'NONE', #960, .T. ) ;
#2725 = DIRECTION ( 'NONE',  ( 0.000000000000000000, 0.000000000000000000, -1.000000000000000000 ) ) ;
#2726 = CARTESIAN_POINT ( 'NONE',  ( -1.000000000000000000, 0.05000000000000002359, 0.5749999999999999556 ) ) ;
#2727 =( NAMED_UNIT ( * ) PLANE_ANGLE_UNIT ( ) SI_UNIT ( $, .RADIAN. ) );
#2728 = LINE ( 'NONE', #1899, #1420 ) ;
#2729 = PLANE ( 'NONE',  #1468 ) ;
#2730 = EDGE_LOOP ( 'NONE', ( #1306, #2564, #894, #39 ) ) ;
#2731 = DIRECTION ( 'NONE',  ( 1.000000000000000000, 0.000000000000000000, -0.000000000000000000 ) ) ;
#2732 = AXIS2_PLACEMENT_3D ( 'NONE', #1768, #1119, #850 ) ;
#2733 = LINE ( 'NONE', #1024, #2765 ) ;
#2734 = DIRECTION ( 'NONE',  ( 1.000000000000000000, 0.000000000000000000, 0.000000000000000000 ) ) ;
#2735 = ORIENTED_EDGE ( 'NONE', *, *, #975, .F. ) ;
#2736 =( GEOMETRIC_REPRESENTATION_CONTEXT ( 3 ) GLOBAL_UNCERTAINTY_ASSIGNED_CONTEXT ( ( #161 ) ) GLOBAL_UNIT_ASSIGNED_CONTEXT ( ( #1419, #2727, #2283 ) ) REPRESENTATION_CONTEXT ( 'NONE', 'WORKASPACE' ) );
#2737 = FILL_AREA_STYLE ('',( #153 ) ) ;
#2738 = ORIENTED_EDGE ( 'NONE', *, *, #2659, .T. ) ;
#2739 = CARTESIAN_POINT ( 'NONE',  ( 0.000000000000000000, 0.9499999999999999556, -0.3250000000000000666 ) ) ;
#2740 = ADVANCED_FACE ( 'NONE', ( #1704 ), #1490, .T. ) ;
#2741 = PLANE ( 'NONE',  #958 ) ;
#2742 = COLOUR_RGB ( '',0.6666666666666666297, 0.6980392156862744724, 0.7686274509803920907 ) ;
#2743 = CARTESIAN_POINT ( 'NONE',  ( 0.7999999999999999334, 0.000000000000000000, -0.4250000000000007105 ) ) ;
#2744 = CARTESIAN_POINT ( 'NONE',  ( -1.000000000000000000, 0.05000000000000002359, 0.5749999999999999556 ) ) ;
#2745 = EDGE_CURVE ( 'NONE', #2193, #2420, #2357, .T. ) ;
#2746 = AXIS2_PLACEMENT_3D ( 'NONE', #2190, #478, #1544 ) ;
#2747 = ORIENTED_EDGE ( 'NONE', *, *, #1757, .F. ) ;
#2748 = CARTESIAN_POINT ( 'NONE',  ( -1.000000000000000000, 0.9499999999999999556, -0.6250000000000000000 ) ) ;
#2749 = CARTESIAN_POINT ( 'NONE',  ( 0.6999999999999998446, 0.9499999999999999556, -0.4250000000000000444 ) ) ;
#2750 = LINE ( 'NONE', #2381, #2575 ) ;
#2751 = ORIENTED_EDGE ( 'NONE', *, *, #860, .F. ) ;
#2752 = SURFACE_STYLE_FILL_AREA ( #1415 ) ;
#2753 = VERTEX_POINT ( 'NONE', #2593 ) ;
#2754 = CARTESIAN_POINT ( 'NONE',  ( 0.9499999999999999556, 0.05000000000000002359, 0.5749999999999999556 ) ) ;
#2755 = DIRECTION ( 'NONE',  ( 0.000000000000000000, 0.000000000000000000, 1.000000000000000000 ) ) ;
#2756 = DIRECTION ( 'NONE',  ( -0.000000000000000000, 0.000000000000000000, 1.000000000000000000 ) ) ;
#2757 = LINE ( 'NONE', #2528, #864 ) ;
#2758 = VECTOR ( 'NONE', #150, 1000.000000000000000 ) ;
#2759 = ORIENTED_EDGE ( 'NONE', *, *, #1789, .T. ) ;
#2760 = EDGE_CURVE ( 'NONE', #843, #771, #1329, .T. ) ;
#2761 = UNCERTAINTY_MEASURE_WITH_UNIT (LENGTH_MEASURE( 1.000000000000000082E-05 ), #434, 'distance_accuracy_value', 'NONE');
#2762 =( NAMED_UNIT ( * ) PLANE_ANGLE_UNIT ( ) SI_UNIT ( $, .RADIAN. ) );
#2763 =( NAMED_UNIT ( * ) PLANE_ANGLE_UNIT ( ) SI_UNIT ( $, .RADIAN. ) );
#2764 = STYLED_ITEM ( 'NONE', ( #2784 ), #1453 ) ;
#2765 = VECTOR ( 'NONE', #1891, 1000.000000000000000 ) ;
#2766 = DIRECTION ( 'NONE',  ( 0.000000000000000000, 0.000000000000000000, -1.000000000000000000 ) ) ;
#2767 = FACE_OUTER_BOUND ( 'NONE', #1970, .T. ) ;
#2768 = ORIENTED_EDGE ( 'NONE', *, *, #117, .F. ) ;
#2769 = VECTOR ( 'NONE', #1862, 1000.000000000000000 ) ;
#2770 = SURFACE_STYLE_FILL_AREA ( #1029 ) ;
#2771 =( LENGTH_UNIT ( ) NAMED_UNIT ( * ) SI_UNIT ( .MILLI., .METRE. ) );
#2772 = VERTEX_POINT ( 'NONE', #236 ) ;
#2773 = CARTESIAN_POINT ( 'NONE',  ( 0.000000000000000000, 0.000000000000000000, -0.3249999999999999556 ) ) ;
#2774 = DIRECTION ( 'NONE',  ( 0.000000000000000000, 0.000000000000000000, 1.000000000000000000 ) ) ;
#2775 = DIRECTION ( 'NONE',  ( 0.000000000000000000, 0.000000000000000000, 1.000000000000000000 ) ) ;
#2776 = DIRECTION ( 'NONE',  ( 0.000000000000000000, 0.000000000000000000, -1.000000000000000000 ) ) ;
#2777 = ORIENTED_EDGE ( 'NONE', *, *, #1274, .T. ) ;
#2778 = DIRECTION ( 'NONE',  ( 1.000000000000000000, 0.000000000000000000, -0.000000000000000000 ) ) ;
#2779 = SURFACE_STYLE_FILL_AREA ( #1069 ) ;
#2780 = EDGE_CURVE ( 'NONE', #144, #2787, #642, .T. ) ;
#2781 = CIRCLE ( 'NONE', #1234, 0.05000000000000002359 ) ;
#2782 = DIRECTION ( 'NONE',  ( 1.000000000000000000, -0.000000000000000000, -0.000000000000000000 ) ) ;
#2783 = ORIENTED_EDGE ( 'NONE', *, *, #148, .F. ) ;
#2784 = PRESENTATION_STYLE_ASSIGNMENT (( #1973 ) ) ;
#2785 = SURFACE_STYLE_USAGE ( .BOTH. , #773 ) ;
#2786 = VECTOR ( 'NONE', #2712, 1000.000000000000000 ) ;
#2787 = VERTEX_POINT ( 'NONE', #1317 ) ;
#2788 = MECHANICAL_DESIGN_GEOMETRIC_PRESENTATION_REPRESENTATION (  '', ( #1750 ), #603 ) ;
#2789 = CARTESIAN_POINT ( 'NONE',  ( -0.8000000000000001554, 0.9499999999999999556, -0.6250000000000000000 ) ) ;
#2790 = MECHANICAL_DESIGN_GEOMETRIC_PRESENTATION_REPRESENTATION (  '', ( #1609 ), #385 ) ;
#2791 = EDGE_CURVE ( 'NONE', #2288, #879, #222, .T. ) ;
#2792 = CARTESIAN_POINT ( 'NONE',  ( -1.000000000000000000, 0.9499999999999999556, 0.5749999999999999556 ) ) ;
#2793 = DIRECTION ( 'NONE',  ( -0.000000000000000000, 1.000000000000000000, -0.000000000000000000 ) ) ;
#2794 = ORIENTED_EDGE ( 'NONE', *, *, #1741, .T. ) ;
#2795 = EDGE_CURVE ( 'NONE', #2021, #2374, #1072, .T. ) ;
#2796 = CARTESIAN_POINT ( 'NONE',  ( 0.000000000000000000, 0.000000000000000000, 0.3250000000000000666 ) ) ;
#2797 = CARTESIAN_POINT ( 'NONE',  ( -0.04999999999999996808, 0.000000000000000000, 0.4250000000000000444 ) ) ;
#2798 = CARTESIAN_POINT ( 'NONE',  ( -0.1499999999999999667, 0.000000000000000000, 0.4250000000000007105 ) ) ;
ENDSEC;
END-ISO-10303-21;
