ISO-10303-21;
HEADER;
FILE_DESCRIPTION (( 'STEP AP214' ),
    '1' );
FILE_NAME ('LFCV-1552+.STEP',
    '2025-06-11T14:25:37',
    ( '' ),
    ( '' ),
    'SwSTEP 2.0',
    'SolidWorks 2020',
    '' );
FILE_SCHEMA (( 'AUTOMOTIVE_DESIGN' ));
ENDSEC;

DATA;
#1 = EDGE_CURVE ( 'NONE', #1221, #1281, #514, .T. ) ;
#2 = ORIENTED_EDGE ( 'NONE', *, *, #1199, .F. ) ;
#3 = PLANE ( 'NONE',  #1256 ) ;
#4 = DIRECTION ( 'NONE',  ( 1.000000000000000000, 0.000000000000000000, 0.000000000000000000 ) ) ;
#5 = VECTOR ( 'NONE', #1271, 1000.000000000000000 ) ;
#6 = ORIENTED_EDGE ( 'NONE', *, *, #944, .F. ) ;
#7 = EDGE_CURVE ( 'NONE', #1303, #59, #1116, .T. ) ;
#8 = AXIS2_PLACEMENT_3D ( 'NONE', #82, #824, #549 ) ;
#9 = EDGE_CURVE ( 'NONE', #1323, #1018, #866, .T. ) ;
#10 = APPLICATION_PROTOCOL_DEFINITION ( 'draft international standard', 'automotive_design', 1998, #179 ) ;
#11 = ORIENTED_EDGE ( 'NONE', *, *, #1424, .F. ) ;
#12 = CARTESIAN_POINT ( 'NONE',  ( 1.600000000000000089, -0.3824999999999999512, -1.250000000000000000 ) ) ;
#13 = ORIENTED_EDGE ( 'NONE', *, *, #451, .T. ) ;
#14 = VECTOR ( 'NONE', #1571, 1000.000000000000000 ) ;
#15 = LINE ( 'NONE', #1002, #491 ) ;
#16 = CARTESIAN_POINT ( 'NONE',  ( -1.600000000000000089, -0.3875000000000000111, -0.07500000000000001110 ) ) ;
#17 = EDGE_CURVE ( 'NONE', #59, #963, #1486, .T. ) ;
#18 = DIRECTION ( 'NONE',  ( 0.000000000000000000, 1.000000000000000000, 0.000000000000000000 ) ) ;
#19 = LINE ( 'NONE', #884, #1561 ) ;
#20 = CARTESIAN_POINT ( 'NONE',  ( 1.100000000000000089, -0.3875000000000000111, -1.250000000000000000 ) ) ;
#21 =( LENGTH_UNIT ( ) NAMED_UNIT ( * ) SI_UNIT ( .MILLI., .METRE. ) );
#22 = ORIENTED_EDGE ( 'NONE', *, *, #761, .F. ) ;
#23 = DIRECTION ( 'NONE',  ( -1.000000000000000000, 0.000000000000000000, -5.132317976262739820E-16 ) ) ;
#24 = VECTOR ( 'NONE', #1179, 1000.000000000000000 ) ;
#25 = CARTESIAN_POINT ( 'NONE',  ( 1.600000000000000089, -0.3775000000000000022, 1.250000000000000000 ) ) ;
#26 = EDGE_CURVE ( 'NONE', #729, #1223, #1369, .T. ) ;
#27 = CARTESIAN_POINT ( 'NONE',  ( -1.467782756821125911, 0.5624999999999998890, 0.05055308782400650541 ) ) ;
#28 = CIRCLE ( 'NONE', #533, 0.09999999999999999167 ) ;
#29 = VECTOR ( 'NONE', #1137, 1000.000000000000000 ) ;
#30 = ORIENTED_EDGE ( 'NONE', *, *, #119, .F. ) ;
#31 = STYLED_ITEM ( 'NONE', ( #822 ), #396 ) ;
#32 = PLANE ( 'NONE',  #204 ) ;
#33 = CARTESIAN_POINT ( 'NONE',  ( 0.000000000000000000, 0.5374999999999999778, 0.000000000000000000 ) ) ;
#34 = ORIENTED_EDGE ( 'NONE', *, *, #667, .F. ) ;
#35 = DIRECTION ( 'NONE',  ( 0.000000000000000000, 0.000000000000000000, 1.000000000000000000 ) ) ;
#36 = CARTESIAN_POINT ( 'NONE',  ( -1.000000000000000000, -0.3775000000000000022, -0.3049999999999999933 ) ) ;
#37 = ADVANCED_FACE ( 'NONE', ( #1408 ), #421, .F. ) ;
#38 = SURFACE_SIDE_STYLE ('',( #163 ) ) ;
#39 = CARTESIAN_POINT ( 'NONE',  ( 1.600000000000000089, 0.5624999999999998890, -1.250000000000000000 ) ) ;
#40 = ORIENTED_EDGE ( 'NONE', *, *, #410, .F. ) ;
#41 = CARTESIAN_POINT ( 'NONE',  ( 0.000000000000000000, -0.3575000000000000400, 0.000000000000000000 ) ) ;
#42 = CARTESIAN_POINT ( 'NONE',  ( 1.600000000000000089, 0.5624999999999998890, -1.250000000000000000 ) ) ;
#43 = ORIENTED_EDGE ( 'NONE', *, *, #7, .T. ) ;
#44 = ADVANCED_FACE ( 'NONE', ( #552, #297 ), #660, .T. ) ;
#45 = CARTESIAN_POINT ( 'NONE',  ( 0.000000000000000000, -0.3775000000000000022, -0.07500000000000001110 ) ) ;
#46 = ORIENTED_EDGE ( 'NONE', *, *, #1142, .T. ) ;
#47 = DIRECTION ( 'NONE',  ( 1.000000000000000000, 0.000000000000000000, -3.252606517456514781E-16 ) ) ;
#48 = CARTESIAN_POINT ( 'NONE',  ( 1.100000000000000089, -0.3875000000000000111, 0.4049999999999999711 ) ) ;
#49 = STYLED_ITEM ( 'NONE', ( #971 ), #969 ) ;
#50 = MECHANICAL_DESIGN_GEOMETRIC_PRESENTATION_REPRESENTATION (  '', ( #1353 ), #261 ) ;
#51 = ORIENTED_EDGE ( 'NONE', *, *, #1, .T. ) ;
#52 = ADVANCED_FACE ( 'NONE', ( #320 ), #929, .F. ) ;
#53 = CARTESIAN_POINT ( 'NONE',  ( 1.600000000000000089, -0.3875000000000000111, -0.3049999999999999933 ) ) ;
#54 = ORIENTED_EDGE ( 'NONE', *, *, #991, .F. ) ;
#55 = EDGE_CURVE ( 'NONE', #1018, #916, #693, .T. ) ;
#56 = CARTESIAN_POINT ( 'NONE',  ( 1.600000000000000089, -0.3875000000000000111, -1.250000000000000000 ) ) ;
#57 = AXIS2_PLACEMENT_3D ( 'NONE', #1194, #93, #1324 ) ;
#58 = FILL_AREA_STYLE ('',( #1428 ) ) ;
#59 = VERTEX_POINT ( 'NONE', #176 ) ;
#60 = CARTESIAN_POINT ( 'NONE',  ( -1.600000000000000089, 0.5374999999999999778, -1.250000000000000000 ) ) ;
#61 = EDGE_LOOP ( 'NONE', ( #225, #702, #792, #1387 ) ) ;
#62 =( LENGTH_UNIT ( ) NAMED_UNIT ( * ) SI_UNIT ( .MILLI., .METRE. ) );
#63 = ORIENTED_EDGE ( 'NONE', *, *, #1017, .T. ) ;
#64 = SURFACE_STYLE_USAGE ( .BOTH. , #138 ) ;
#65 = VECTOR ( 'NONE', #600, 1000.000000000000000 ) ;
#66 = SURFACE_STYLE_FILL_AREA ( #1039 ) ;
#67 = SURFACE_SIDE_STYLE ('',( #1311 ) ) ;
#68 = ORIENTED_EDGE ( 'NONE', *, *, #140, .T. ) ;
#69 = DIRECTION ( 'NONE',  ( -5.132317976262739820E-16, 0.000000000000000000, 1.000000000000000000 ) ) ;
#70 =( NAMED_UNIT ( * ) PLANE_ANGLE_UNIT ( ) SI_UNIT ( $, .RADIAN. ) );
#71 = ORIENTED_EDGE ( 'NONE', *, *, #162, .T. ) ;
#72 = DIRECTION ( 'NONE',  ( 3.252606517456514781E-16, 0.000000000000000000, -1.000000000000000000 ) ) ;
#73 = UNCERTAINTY_MEASURE_WITH_UNIT (LENGTH_MEASURE( 1.000000000000000082E-05 ), #62, 'distance_accuracy_value', 'NONE');
#74 = EDGE_CURVE ( 'NONE', #1171, #1221, #189, .T. ) ;
#75 =( LENGTH_UNIT ( ) NAMED_UNIT ( * ) SI_UNIT ( .MILLI., .METRE. ) );
#76 = VERTEX_POINT ( 'NONE', #671 ) ;
#77 = VECTOR ( 'NONE', #1203, 1000.000000000000000 ) ;
#78 = CARTESIAN_POINT ( 'NONE',  ( 1.350000000000000089, -0.3875000000000000111, 0.1000000000000000056 ) ) ;
#79 = ORIENTED_EDGE ( 'NONE', *, *, #513, .F. ) ;
#80 = AXIS2_PLACEMENT_3D ( 'NONE', #111, #975, #361 ) ;
#81 = VERTEX_POINT ( 'NONE', #570 ) ;
#82 = CARTESIAN_POINT ( 'NONE',  ( -1.100000000000000089, -0.3775000000000000022, 0.3049999999999999933 ) ) ;
#83 = VECTOR ( 'NONE', #1056, 1000.000000000000000 ) ;
#84 = DIRECTION ( 'NONE',  ( 0.000000000000000000, 1.000000000000000000, 0.000000000000000000 ) ) ;
#85 = FACE_OUTER_BOUND ( 'NONE', #1011, .T. ) ;
#86 = ADVANCED_FACE ( 'NONE', ( #1509 ), #1158, .F. ) ;
#87 = ORIENTED_EDGE ( 'NONE', *, *, #1233, .T. ) ;
#88 = SURFACE_STYLE_FILL_AREA ( #1334 ) ;
#89 = CARTESIAN_POINT ( 'NONE',  ( -1.600000000000000089, -0.3824999999999999512, 1.250000000000000000 ) ) ;
#90 = ORIENTED_EDGE ( 'NONE', *, *, #667, .T. ) ;
#91 =( LENGTH_UNIT ( ) NAMED_UNIT ( * ) SI_UNIT ( .MILLI., .METRE. ) );
#92 = ORIENTED_EDGE ( 'NONE', *, *, #573, .T. ) ;
#93 = DIRECTION ( 'NONE',  ( 1.000000000000000000, 0.000000000000000000, 0.000000000000000000 ) ) ;
#94 = PLANE ( 'NONE',  #1477 ) ;
#95 = VECTOR ( 'NONE', #1488, 1000.000000000000000 ) ;
#96 = SURFACE_STYLE_USAGE ( .BOTH. , #67 ) ;
#97 = ORIENTED_EDGE ( 'NONE', *, *, #905, .F. ) ;
#98 = EDGE_CURVE ( 'NONE', #936, #1435, #1226, .T. ) ;
#99 = DIRECTION ( 'NONE',  ( 1.000000000000000000, 0.000000000000000000, 0.000000000000000000 ) ) ;
#100 = LINE ( 'NONE', #953, #567 ) ;
#101 = VERTEX_POINT ( 'NONE', #987 ) ;
#102 =( NAMED_UNIT ( * ) SI_UNIT ( $, .STERADIAN. ) SOLID_ANGLE_UNIT ( ) );
#103 = PRESENTATION_STYLE_ASSIGNMENT (( #1211 ) ) ;
#104 = EDGE_LOOP ( 'NONE', ( #1362, #301, #816, #668 ) ) ;
#105 = COLOUR_RGB ( '',0.9019607843137255054, 0.7098039215686274828, 0.4392156862745097978 ) ;
#106 = CARTESIAN_POINT ( 'NONE',  ( 1.600000000000000089, -0.3824999999999999512, 1.250000000000000000 ) ) ;
#107 = ADVANCED_FACE ( 'NONE', ( #211 ), #366, .F. ) ;
#108 = ORIENTED_EDGE ( 'NONE', *, *, #1110, .F. ) ;
#109 = VECTOR ( 'NONE', #622, 1000.000000000000000 ) ;
#110 = FACE_OUTER_BOUND ( 'NONE', #1178, .T. ) ;
#111 = CARTESIAN_POINT ( 'NONE',  ( -1.000000000000000000, -0.3875000000000000111, 0.3049999999999999933 ) ) ;
#112 = VECTOR ( 'NONE', #429, 1000.000000000000000 ) ;
#113 = EDGE_CURVE ( 'NONE', #1548, #959, #1244, .T. ) ;
#114 = VERTEX_POINT ( 'NONE', #1467 ) ;
#115 = CARTESIAN_POINT ( 'NONE',  ( 1.600000000000000089, 0.5624999999999998890, 1.250000000000000000 ) ) ;
#116 = DIRECTION ( 'NONE',  ( 0.000000000000000000, 0.000000000000000000, 1.000000000000000000 ) ) ;
#117 = CARTESIAN_POINT ( 'NONE',  ( 1.100000000000000089, -0.3875000000000000111, -0.3049999999999999933 ) ) ;
#118 = CARTESIAN_POINT ( 'NONE',  ( -1.600000000000000089, -0.3875000000000000111, -0.4049999999999999711 ) ) ;
#119 = EDGE_CURVE ( 'NONE', #279, #364, #1230, .T. ) ;
#120 = ORIENTED_EDGE ( 'NONE', *, *, #98, .F. ) ;
#121 = AXIS2_PLACEMENT_3D ( 'NONE', #1139, #23, #272 ) ;
#122 = DIRECTION ( 'NONE',  ( 1.000000000000000000, 0.000000000000000000, 0.000000000000000000 ) ) ;
#123 = DIRECTION ( 'NONE',  ( 0.000000000000000000, 0.000000000000000000, 1.000000000000000000 ) ) ;
#124 = CARTESIAN_POINT ( 'NONE',  ( 1.100000000000000089, -0.3875000000000000111, -0.3049999999999999933 ) ) ;
#125 = ADVANCED_FACE ( 'NONE', ( #1475 ), #1344, .F. ) ;
#126 = EDGE_CURVE ( 'NONE', #343, #1425, #1545, .T. ) ;
#127 = VERTEX_POINT ( 'NONE', #266 ) ;
#128 =( NAMED_UNIT ( * ) PLANE_ANGLE_UNIT ( ) SI_UNIT ( $, .RADIAN. ) );
#129 = ORIENTED_EDGE ( 'NONE', *, *, #839, .F. ) ;
#130 = CARTESIAN_POINT ( 'NONE',  ( -1.600000000000000089, -0.3875000000000000111, 0.4049999999999999711 ) ) ;
#131 = FACE_OUTER_BOUND ( 'NONE', #1414, .T. ) ;
#132 = ADVANCED_FACE ( 'NONE', ( #376 ), #1236, .T. ) ;
#133 = ORIENTED_EDGE ( 'NONE', *, *, #1119, .T. ) ;
#134 = CIRCLE ( 'NONE', #285, 0.09999999999999999167 ) ;
#135 = CARTESIAN_POINT ( 'NONE',  ( -1.350000000000000089, -0.3875000000000000111, 0.07499999999999992784 ) ) ;
#136 = DIRECTION ( 'NONE',  ( 0.000000000000000000, 0.000000000000000000, -1.000000000000000000 ) ) ;
#137 = CARTESIAN_POINT ( 'NONE',  ( 1.600000000000000089, -0.3875000000000000111, -0.4049999999999999711 ) ) ;
#138 = SURFACE_SIDE_STYLE ('',( #1286 ) ) ;
#139 = ORIENTED_EDGE ( 'NONE', *, *, #280, .F. ) ;
#140 = EDGE_CURVE ( 'NONE', #739, #530, #1220, .T. ) ;
#141 = VECTOR ( 'NONE', #1398, 1000.000000000000000 ) ;
#142 = DIRECTION ( 'NONE',  ( 5.132317976262739820E-16, 0.000000000000000000, 1.000000000000000000 ) ) ;
#143 = CARTESIAN_POINT ( 'NONE',  ( 0.000000000000000000, 0.5374999999999999778, 0.000000000000000000 ) ) ;
#144 = CARTESIAN_POINT ( 'NONE',  ( 0.000000000000000000, -0.3824999999999999512, -1.250000000000000000 ) ) ;
#145 = PRESENTATION_STYLE_ASSIGNMENT (( #1117 ) ) ;
#146 = PRODUCT_DEFINITION_SHAPE ( 'NONE', 'NONE',  #1207 ) ;
#147 = FILL_AREA_STYLE_COLOUR ( '', #635 ) ;
#148 = FILL_AREA_STYLE ('',( #1251 ) ) ;
#149 = FACE_OUTER_BOUND ( 'NONE', #61, .T. ) ;
#150 = LINE ( 'NONE', #1013, #1061 ) ;
#151 = PRESENTATION_LAYER_ASSIGNMENT (  '', '', ( #1182 ) ) ;
#152 = ADVANCED_FACE ( 'NONE', ( #497 ), #337, .F. ) ;
#153 = VECTOR ( 'NONE', #1330, 1000.000000000000000 ) ;
#154 = ORIENTED_EDGE ( 'NONE', *, *, #1123, .T. ) ;
#155 = MECHANICAL_DESIGN_GEOMETRIC_PRESENTATION_REPRESENTATION (  '', ( #394 ), #993 ) ;
#156 = VECTOR ( 'NONE', #520, 1000.000000000000000 ) ;
#157 = FACE_OUTER_BOUND ( 'NONE', #580, .T. ) ;
#158 = ORIENTED_EDGE ( 'NONE', *, *, #1492, .T. ) ;
#159 = CARTESIAN_POINT ( 'NONE',  ( -1.600000000000000089, 0.5374999999999999778, 1.250000000000000000 ) ) ;
#160 = VECTOR ( 'NONE', #683, 1000.000000000000000 ) ;
#161 = FACE_OUTER_BOUND ( 'NONE', #284, .T. ) ;
#162 = EDGE_CURVE ( 'NONE', #697, #1404, #980, .T. ) ;
#163 = SURFACE_STYLE_FILL_AREA ( #1469 ) ;
#164 = CARTESIAN_POINT ( 'NONE',  ( -1.600000000000000089, -0.3575000000000000400, 1.250000000000000000 ) ) ;
#165 = EDGE_LOOP ( 'NONE', ( #1033, #830, #287, #293 ) ) ;
#166 = LINE ( 'NONE', #648, #1516 ) ;
#167 = LINE ( 'NONE', #1498, #1189 ) ;
#168 = ADVANCED_FACE ( 'NONE', ( #131 ), #611, .F. ) ;
#169 = PRESENTATION_STYLE_ASSIGNMENT (( #1269 ) ) ;
#170 = ORIENTED_EDGE ( 'NONE', *, *, #113, .T. ) ;
#171 = DIRECTION ( 'NONE',  ( 1.000000000000000000, 0.000000000000000000, 0.000000000000000000 ) ) ;
#172 = ORIENTED_EDGE ( 'NONE', *, *, #1345, .F. ) ;
#173 = DIRECTION ( 'NONE',  ( -1.000000000000000000, 0.000000000000000000, 3.252606517456514781E-16 ) ) ;
#174 = PLANE ( 'NONE',  #188 ) ;
#175 = SURFACE_SIDE_STYLE ('',( #619 ) ) ;
#176 = CARTESIAN_POINT ( 'NONE',  ( 1.350000000000000089, -0.3875000000000000111, -0.07500000000000001110 ) ) ;
#177 = LINE ( 'NONE', #672, #797 ) ;
#178 = AXIS2_PLACEMENT_3D ( 'NONE', #629, #517, #1010 ) ;
#179 = APPLICATION_CONTEXT ( 'automotive_design' ) ;
#180 = ORIENTED_EDGE ( 'NONE', *, *, #126, .T. ) ;
#181 = EDGE_CURVE ( 'NONE', #813, #1548, #734, .T. ) ;
#182 = CARTESIAN_POINT ( 'NONE',  ( 1.600000000000000089, -0.3875000000000000111, -0.07500000000000001110 ) ) ;
#183 = CARTESIAN_POINT ( 'NONE',  ( 1.600000000000000089, -0.3775000000000000022, 0.1000000000000000056 ) ) ;
#184 = ORIENTED_EDGE ( 'NONE', *, *, #9, .F. ) ;
#185 = UNCERTAINTY_MEASURE_WITH_UNIT (LENGTH_MEASURE( 1.000000000000000082E-05 ), #700, 'distance_accuracy_value', 'NONE');
#186 = VERTEX_POINT ( 'NONE', #741 ) ;
#187 = PLANE ( 'NONE',  #751 ) ;
#188 = AXIS2_PLACEMENT_3D ( 'NONE', #1174, #72, #657 ) ;
#189 = LINE ( 'NONE', #808, #160 ) ;
#190 = ORIENTED_EDGE ( 'NONE', *, *, #55, .F. ) ;
#191 = DIRECTION ( 'NONE',  ( -0.000000000000000000, 1.000000000000000000, 0.000000000000000000 ) ) ;
#192 = ORIENTED_EDGE ( 'NONE', *, *, #7, .F. ) ;
#193 = ADVANCED_FACE ( 'NONE', ( #1113 ), #501, .F. ) ;
#194 = ORIENTED_EDGE ( 'NONE', *, *, #601, .T. ) ;
#195 = ORIENTED_EDGE ( 'NONE', *, *, #1319, .T. ) ;
#196 = LINE ( 'NONE', #961, #1210 ) ;
#197 = VERTEX_POINT ( 'NONE', #494 ) ;
#198 = CARTESIAN_POINT ( 'NONE',  ( -1.600000000000000089, -0.3775000000000000022, -0.4049999999999999711 ) ) ;
#199 =( NAMED_UNIT ( * ) PLANE_ANGLE_UNIT ( ) SI_UNIT ( $, .RADIAN. ) );
#200 = UNCERTAINTY_MEASURE_WITH_UNIT (LENGTH_MEASURE( 1.000000000000000082E-05 ), #1394, 'distance_accuracy_value', 'NONE');
#201 = EDGE_CURVE ( 'NONE', #445, #678, #273, .T. ) ;
#202 = DIRECTION ( 'NONE',  ( 0.000000000000000000, 1.000000000000000000, 0.000000000000000000 ) ) ;
#203 = ORIENTED_EDGE ( 'NONE', *, *, #1175, .T. ) ;
#204 = AXIS2_PLACEMENT_3D ( 'NONE', #888, #901, #811 ) ;
#205 = CARTESIAN_POINT ( 'NONE',  ( -1.600000000000000089, -0.3775000000000000022, -0.4049999999999999711 ) ) ;
#206 = DIRECTION ( 'NONE',  ( 0.000000000000000000, 0.000000000000000000, 1.000000000000000000 ) ) ;
#207 = ORIENTED_EDGE ( 'NONE', *, *, #1390, .F. ) ;
#208 = DIRECTION ( 'NONE',  ( -1.000000000000000000, 0.000000000000000000, 0.000000000000000000 ) ) ;
#209 = VECTOR ( 'NONE', #899, 1000.000000000000000 ) ;
#210 = ADVANCED_FACE ( 'NONE', ( #1020 ), #294, .F. ) ;
#211 = FACE_OUTER_BOUND ( 'NONE', #1446, .T. ) ;
#212 = AXIS2_PLACEMENT_3D ( 'NONE', #1500, #1302, #1392 ) ;
#213 = ORIENTED_EDGE ( 'NONE', *, *, #1252, .F. ) ;
#214 = DIRECTION ( 'NONE',  ( -1.000000000000000000, 0.000000000000000000, 0.000000000000000000 ) ) ;
#215 = DIRECTION ( 'NONE',  ( 0.000000000000000000, -1.000000000000000000, 0.000000000000000000 ) ) ;
#216 = LINE ( 'NONE', #705, #1335 ) ;
#217 = ORIENTED_EDGE ( 'NONE', *, *, #801, .F. ) ;
#218 = DIRECTION ( 'NONE',  ( -1.000000000000000000, 0.000000000000000000, 0.000000000000000000 ) ) ;
#219 = FILL_AREA_STYLE_COLOUR ( '', #588 ) ;
#220 = VECTOR ( 'NONE', #1260, 1000.000000000000000 ) ;
#221 = ADVANCED_FACE ( 'NONE', ( #1131 ), #411, .F. ) ;
#222 = ORIENTED_EDGE ( 'NONE', *, *, #1219, .F. ) ;
#223 = EDGE_CURVE ( 'NONE', #1164, #524, #898, .T. ) ;
#224 = CARTESIAN_POINT ( 'NONE',  ( 1.350000000000000089, -0.3875000000000000111, 0.07499999999999992784 ) ) ;
#225 = ORIENTED_EDGE ( 'NONE', *, *, #289, .T. ) ;
#226 = ORIENTED_EDGE ( 'NONE', *, *, #1439, .T. ) ;
#227 = CARTESIAN_POINT ( 'NONE',  ( 1.100000000000000089, -0.3875000000000000111, 0.4049999999999999711 ) ) ;
#228 = CARTESIAN_POINT ( 'NONE',  ( -1.100000000000000089, -0.3775000000000000022, 0.4049999999999999711 ) ) ;
#229 = VECTOR ( 'NONE', #310, 1000.000000000000000 ) ;
#230 = ORIENTED_EDGE ( 'NONE', *, *, #503, .T. ) ;
#231 = DIRECTION ( 'NONE',  ( 0.000000000000000000, 0.000000000000000000, 1.000000000000000000 ) ) ;
#232 = ORIENTED_EDGE ( 'NONE', *, *, #539, .T. ) ;
#233 = EDGE_CURVE ( 'NONE', #450, #1303, #632, .T. ) ;
#234 = LINE ( 'NONE', #1091, #608 ) ;
#235 = AXIS2_PLACEMENT_3D ( 'NONE', #550, #336, #1077 ) ;
#236 = CARTESIAN_POINT ( 'NONE',  ( -0.8820642220326490035, 0.5627499999999998614, -0.1516592634720195232 ) ) ;
#237 = VECTOR ( 'NONE', #493, 1000.000000000000000 ) ;
#238 = MECHANICAL_DESIGN_GEOMETRIC_PRESENTATION_REPRESENTATION (  '', ( #1508 ), #746 ) ;
#239 = VECTOR ( 'NONE', #202, 1000.000000000000000 ) ;
#240 = EDGE_LOOP ( 'NONE', ( #962, #778, #1357, #1420 ) ) ;
#241 = CARTESIAN_POINT ( 'NONE',  ( -1.600000000000000089, 0.5624999999999998890, -1.250000000000000000 ) ) ;
#242 =( NAMED_UNIT ( * ) SI_UNIT ( $, .STERADIAN. ) SOLID_ANGLE_UNIT ( ) );
#243 = EDGE_LOOP ( 'NONE', ( #71, #768, #945, #312 ) ) ;
#244 = EDGE_CURVE ( 'NONE', #1323, #101, #1506, .T. ) ;
#245 = DIRECTION ( 'NONE',  ( 0.000000000000000000, 0.000000000000000000, 1.000000000000000000 ) ) ;
#246 = DIRECTION ( 'NONE',  ( 1.000000000000000000, 0.000000000000000000, 0.000000000000000000 ) ) ;
#247 = ORIENTED_EDGE ( 'NONE', *, *, #513, .T. ) ;
#248 = AXIS2_PLACEMENT_3D ( 'NONE', #828, #1068, #701 ) ;
#249 = CARTESIAN_POINT ( 'NONE',  ( 1.100000000000000089, -0.3775000000000000022, -0.3049999999999999933 ) ) ;
#250 = ORIENTED_EDGE ( 'NONE', *, *, #633, .T. ) ;
#251 = DIRECTION ( 'NONE',  ( 0.000000000000000000, -1.000000000000000000, 0.000000000000000000 ) ) ;
#252 = DIRECTION ( 'NONE',  ( 0.000000000000000000, 1.000000000000000000, 0.000000000000000000 ) ) ;
#253 = ADVANCED_FACE ( 'NONE', ( #402 ), #1381, .F. ) ;
#254 = PRESENTATION_LAYER_ASSIGNMENT (  '', '', ( #848 ) ) ;
#255 = VECTOR ( 'NONE', #360, 1000.000000000000000 ) ;
#256 =( NAMED_UNIT ( * ) SI_UNIT ( $, .STERADIAN. ) SOLID_ANGLE_UNIT ( ) );
#257 = CARTESIAN_POINT ( 'NONE',  ( -1.600000000000000089, -0.3775000000000000022, 1.250000000000000000 ) ) ;
#258 = DIRECTION ( 'NONE',  ( -1.000000000000000000, 0.000000000000000000, 0.000000000000000000 ) ) ;
#259 = VECTOR ( 'NONE', #481, 1000.000000000000000 ) ;
#260 = DIRECTION ( 'NONE',  ( -1.000000000000000000, 0.000000000000000000, 5.132317976262739820E-16 ) ) ;
#261 =( GEOMETRIC_REPRESENTATION_CONTEXT ( 3 ) GLOBAL_UNCERTAINTY_ASSIGNED_CONTEXT ( ( #200 ) ) GLOBAL_UNIT_ASSIGNED_CONTEXT ( ( #1394, #639, #523 ) ) REPRESENTATION_CONTEXT ( 'NONE', 'WORKASPACE' ) );
#262 = EDGE_CURVE ( 'NONE', #1031, #1548, #1035, .T. ) ;
#263 = VERTEX_POINT ( 'NONE', #288 ) ;
#264 = CARTESIAN_POINT ( 'NONE',  ( 1.600000000000000089, -0.3775000000000000022, -0.4049999999999999711 ) ) ;
#265 = ORIENTED_EDGE ( 'NONE', *, *, #1439, .F. ) ;
#266 = CARTESIAN_POINT ( 'NONE',  ( 1.600000000000000089, -0.3824999999999999512, -1.250000000000000000 ) ) ;
#267 = CARTESIAN_POINT ( 'NONE',  ( 1.600000000000000089, -0.3575000000000000400, 1.250000000000000000 ) ) ;
#268 = PRESENTATION_STYLE_ASSIGNMENT (( #1389 ) ) ;
#269 = VERTEX_POINT ( 'NONE', #783 ) ;
#270 = AXIS2_PLACEMENT_3D ( 'NONE', #143, #859, #1310 ) ;
#271 = CARTESIAN_POINT ( 'NONE',  ( -1.000000000000000000, -0.3775000000000000022, 0.3049999999999999933 ) ) ;
#272 = DIRECTION ( 'NONE',  ( -5.132317976262739820E-16, 0.000000000000000000, 1.000000000000000000 ) ) ;
#273 = LINE ( 'NONE', #509, #1143 ) ;
#274 = LINE ( 'NONE', #1254, #156 ) ;
#275 = PRESENTATION_LAYER_ASSIGNMENT (  '', '', ( #394 ) ) ;
#276 = ORIENTED_EDGE ( 'NONE', *, *, #410, .T. ) ;
#277 = CARTESIAN_POINT ( 'NONE',  ( -1.600000000000000089, -0.3775000000000000022, -1.250000000000000000 ) ) ;
#278 = DIRECTION ( 'NONE',  ( 1.000000000000000000, 0.000000000000000000, 0.000000000000000000 ) ) ;
#279 = VERTEX_POINT ( 'NONE', #1147 ) ;
#280 = EDGE_CURVE ( 'NONE', #1435, #186, #303, .T. ) ;
#281 = LINE ( 'NONE', #412, #858 ) ;
#282 = MECHANICAL_DESIGN_GEOMETRIC_PRESENTATION_REPRESENTATION (  '', ( #1213 ), #981 ) ;
#283 = PRESENTATION_LAYER_ASSIGNMENT (  '', '', ( #982 ) ) ;
#284 = EDGE_LOOP ( 'NONE', ( #1239, #1042, #194, #1053 ) ) ;
#285 = AXIS2_PLACEMENT_3D ( 'NONE', #249, #473, #844 ) ;
#286 = DIRECTION ( 'NONE',  ( 0.000000000000000000, 0.000000000000000000, 1.000000000000000000 ) ) ;
#287 = ORIENTED_EDGE ( 'NONE', *, *, #244, .T. ) ;
#288 = CARTESIAN_POINT ( 'NONE',  ( -1.600000000000000089, -0.3824999999999999512, -1.250000000000000000 ) ) ;
#289 = EDGE_CURVE ( 'NONE', #1031, #909, #795, .T. ) ;
#290 = PLANE ( 'NONE',  #879 ) ;
#291 =( NAMED_UNIT ( * ) PLANE_ANGLE_UNIT ( ) SI_UNIT ( $, .RADIAN. ) );
#292 = CARTESIAN_POINT ( 'NONE',  ( -1.600000000000000089, -0.3775000000000000022, -1.250000000000000000 ) ) ;
#293 = ORIENTED_EDGE ( 'NONE', *, *, #1261, .F. ) ;
#294 = CYLINDRICAL_SURFACE ( 'NONE', #1201, 0.09999999999999999167 ) ;
#295 = FILL_AREA_STYLE ('',( #1168 ) ) ;
#296 = EDGE_CURVE ( 'NONE', #1221, #1173, #166, .T. ) ;
#297 = FACE_BOUND ( 'NONE', #1316, .T. ) ;
#298 = ORIENTED_EDGE ( 'NONE', *, *, #601, .F. ) ;
#299 = LINE ( 'NONE', #790, #308 ) ;
#300 = CARTESIAN_POINT ( 'NONE',  ( -1.600000000000000089, 0.5374999999999999778, 0.000000000000000000 ) ) ;
#301 = ORIENTED_EDGE ( 'NONE', *, *, #1187, .F. ) ;
#302 = CARTESIAN_POINT ( 'NONE',  ( -1.100000000000000089, -0.3775000000000000022, -0.3049999999999999933 ) ) ;
#303 = LINE ( 'NONE', #25, #220 ) ;
#304 = DIRECTION ( 'NONE',  ( -1.000000000000000000, 0.000000000000000000, 0.000000000000000000 ) ) ;
#305 = LINE ( 'NONE', #1544, #689 ) ;
#306 = MECHANICAL_DESIGN_GEOMETRIC_PRESENTATION_REPRESENTATION (  '', ( #1499 ), #559 ) ;
#307 = SURFACE_SIDE_STYLE ('',( #66 ) ) ;
#308 = VECTOR ( 'NONE', #1043, 1000.000000000000000 ) ;
#309 = EDGE_CURVE ( 'NONE', #959, #903, #525, .T. ) ;
#310 = DIRECTION ( 'NONE',  ( 0.000000000000000000, 0.000000000000000000, 1.000000000000000000 ) ) ;
#311 = VECTOR ( 'NONE', #1192, 1000.000000000000000 ) ;
#312 = ORIENTED_EDGE ( 'NONE', *, *, #1319, .F. ) ;
#313 = CARTESIAN_POINT ( 'NONE',  ( 1.600000000000000089, -0.3575000000000000400, -1.250000000000000000 ) ) ;
#314 = EDGE_LOOP ( 'NONE', ( #1292, #1453, #890, #1468 ) ) ;
#315 = FILL_AREA_STYLE ('',( #434 ) ) ;
#316 = ORIENTED_EDGE ( 'NONE', *, *, #941, .T. ) ;
#317 = LINE ( 'NONE', #1399, #698 ) ;
#318 = CLOSED_SHELL ( 'NONE', ( #735, #712, #870, #125, #1268, #253 ) ) ;
#319 = UNCERTAINTY_MEASURE_WITH_UNIT (LENGTH_MEASURE( 1.000000000000000082E-05 ), #91, 'distance_accuracy_value', 'NONE');
#320 = FACE_OUTER_BOUND ( 'NONE', #645, .T. ) ;
#321 = ORIENTED_EDGE ( 'NONE', *, *, #490, .F. ) ;
#322 = LINE ( 'NONE', #205, #24 ) ;
#323 = ORIENTED_EDGE ( 'NONE', *, *, #560, .F. ) ;
#324 = ADVANCED_FACE ( 'NONE', ( #393 ), #531, .F. ) ;
#325 = ORIENTED_EDGE ( 'NONE', *, *, #26, .T. ) ;
#326 = DIRECTION ( 'NONE',  ( 0.000000000000000000, 1.000000000000000000, 0.000000000000000000 ) ) ;
#327 = CARTESIAN_POINT ( 'NONE',  ( 1.000000000000000000, -0.3875000000000000111, -0.3049999999999999933 ) ) ;
#328 = AXIS2_PLACEMENT_3D ( 'NONE', #996, #1359, #136 ) ;
#329 = ORIENTED_EDGE ( 'NONE', *, *, #941, .F. ) ;
#330 = CARTESIAN_POINT ( 'NONE',  ( -1.100000000000000089, -0.3875000000000000111, 0.4049999999999999711 ) ) ;
#331 = ORIENTED_EDGE ( 'NONE', *, *, #1390, .T. ) ;
#332 = SURFACE_STYLE_FILL_AREA ( #315 ) ;
#333 = ORIENTED_EDGE ( 'NONE', *, *, #1048, .T. ) ;
#334 = DIRECTION ( 'NONE',  ( 0.000000000000000000, 1.000000000000000000, 0.000000000000000000 ) ) ;
#335 = ADVANCED_FACE ( 'NONE', ( #149 ), #1121, .F. ) ;
#336 = DIRECTION ( 'NONE',  ( -0.000000000000000000, 1.000000000000000000, 0.000000000000000000 ) ) ;
#337 = PLANE ( 'NONE',  #270 ) ;
#338 = EDGE_LOOP ( 'NONE', ( #11, #1379, #1320, #1543 ) ) ;
#339 = AXIS2_PLACEMENT_3D ( 'NONE', #479, #609, #985 ) ;
#340 = FACE_OUTER_BOUND ( 'NONE', #547, .T. ) ;
#341 = ORIENTED_EDGE ( 'NONE', *, *, #521, .F. ) ;
#342 = DIRECTION ( 'NONE',  ( 1.000000000000000000, 0.000000000000000000, 0.000000000000000000 ) ) ;
#343 = VERTEX_POINT ( 'NONE', #159 ) ;
#344 = LINE ( 'NONE', #974, #255 ) ;
#345 = EDGE_CURVE ( 'NONE', #916, #697, #1366, .T. ) ;
#346 = VECTOR ( 'NONE', #502, 1000.000000000000000 ) ;
#347 = EDGE_CURVE ( 'NONE', #197, #488, #427, .T. ) ;
#348 = EDGE_LOOP ( 'NONE', ( #1393, #1422, #22, #46 ) ) ;
#349 = PLANE ( 'NONE',  #1216 ) ;
#350 = ORIENTED_EDGE ( 'NONE', *, *, #223, .T. ) ;
#351 = ORIENTED_EDGE ( 'NONE', *, *, #377, .F. ) ;
#352 = CARTESIAN_POINT ( 'NONE',  ( 1.600000000000000089, 0.5624999999999998890, 1.250000000000000000 ) ) ;
#353 = SURFACE_SIDE_STYLE ('',( #1308 ) ) ;
#354 = COLOUR_RGB ( '',0.1098039215686274495, 0.1098039215686274495, 0.1098039215686274495 ) ;
#355 = ADVANCED_FACE ( 'NONE', ( #1120 ), #500, .F. ) ;
#356 = ORIENTED_EDGE ( 'NONE', *, *, #1123, .F. ) ;
#357 = PLANE ( 'NONE',  #440 ) ;
#358 = EDGE_LOOP ( 'NONE', ( #265, #484, #782, #54 ) ) ;
#359 = CARTESIAN_POINT ( 'NONE',  ( 1.600000000000000089, -0.3775000000000000022, -0.07500000000000002498 ) ) ;
#360 = DIRECTION ( 'NONE',  ( 0.000000000000000000, 0.000000000000000000, 1.000000000000000000 ) ) ;
#361 = DIRECTION ( 'NONE',  ( 0.000000000000000000, 1.000000000000000000, 0.000000000000000000 ) ) ;
#362 = ADVANCED_FACE ( 'NONE', ( #1003 ), #409, .F. ) ;
#363 = DIRECTION ( 'NONE',  ( 0.000000000000000000, 1.000000000000000000, 0.000000000000000000 ) ) ;
#364 = VERTEX_POINT ( 'NONE', #257 ) ;
#365 = AXIS2_PLACEMENT_3D ( 'NONE', #33, #791, #171 ) ;
#366 = CYLINDRICAL_SURFACE ( 'NONE', #248, 0.09999999999999999167 ) ;
#367 = VECTOR ( 'NONE', #1245, 1000.000000000000000 ) ;
#368 = ORIENTED_EDGE ( 'NONE', *, *, #26, .F. ) ;
#369 = FILL_AREA_STYLE_COLOUR ( '', #1312 ) ;
#370 = CARTESIAN_POINT ( 'NONE',  ( 0.000000000000000000, 0.000000000000000000, 0.000000000000000000 ) ) ;
#371 = CARTESIAN_POINT ( 'NONE',  ( 1.600000000000000089, -0.3875000000000000111, -0.4049999999999999711 ) ) ;
#372 = CARTESIAN_POINT ( 'NONE',  ( 1.600000000000000089, 0.5624999999999998890, -1.250000000000000000 ) ) ;
#373 = EDGE_LOOP ( 'NONE', ( #688, #665, #213, #108 ) ) ;
#374 =( NAMED_UNIT ( * ) PLANE_ANGLE_UNIT ( ) SI_UNIT ( $, .RADIAN. ) );
#375 = PRESENTATION_STYLE_ASSIGNMENT (( #755 ) ) ;
#376 = FACE_OUTER_BOUND ( 'NONE', #1529, .T. ) ;
#377 = EDGE_CURVE ( 'NONE', #81, #903, #616, .T. ) ;
#378 = EDGE_LOOP ( 'NONE', ( #923, #1520, #1342, #333 ) ) ;
#379 =( GEOMETRIC_REPRESENTATION_CONTEXT ( 3 ) GLOBAL_UNCERTAINTY_ASSIGNED_CONTEXT ( ( #546 ) ) GLOBAL_UNIT_ASSIGNED_CONTEXT ( ( #731, #1338, #242 ) ) REPRESENTATION_CONTEXT ( 'NONE', 'WORKASPACE' ) );
#380 = DIRECTION ( 'NONE',  ( 0.000000000000000000, -1.000000000000000000, 0.000000000000000000 ) ) ;
#381 = PRODUCT_CONTEXT ( 'NONE', #179, 'mechanical' ) ;
#382 = MANIFOLD_SOLID_BREP ( 'NONE', #1336 ) ;
#383 = DIRECTION ( 'NONE',  ( 4.336808689942017736E-15, 0.000000000000000000, 1.000000000000000000 ) ) ;
#384 = DIRECTION ( 'NONE',  ( 0.000000000000000000, 0.000000000000000000, -1.000000000000000000 ) ) ;
#385 = VECTOR ( 'NONE', #122, 1000.000000000000000 ) ;
#386 = DIRECTION ( 'NONE',  ( 1.000000000000000000, 0.000000000000000000, -5.132317976262739820E-16 ) ) ;
#387 = VECTOR ( 'NONE', #278, 1000.000000000000000 ) ;
#388 = EDGE_CURVE ( 'NONE', #1173, #127, #555, .T. ) ;
#389 = ADVANCED_FACE ( 'NONE', ( #392 ), #920, .F. ) ;
#390 = VECTOR ( 'NONE', #1000, 1000.000000000000000 ) ;
#391 = CARTESIAN_POINT ( 'NONE',  ( -1.600000000000000089, -0.3575000000000000400, -1.250000000000000000 ) ) ;
#392 = FACE_OUTER_BOUND ( 'NONE', #373, .T. ) ;
#393 = FACE_OUTER_BOUND ( 'NONE', #243, .T. ) ;
#394 = STYLED_ITEM ( 'NONE', ( #1029 ), #86 ) ;
#395 = CARTESIAN_POINT ( 'NONE',  ( -1.100000000000000089, -0.3875000000000000111, 0.4049999999999999711 ) ) ;
#396 = MANIFOLD_SOLID_BREP ( 'NONE', #1538 ) ;
#397 = DIRECTION ( 'NONE',  ( 1.000000000000000000, 0.000000000000000000, -0.000000000000000000 ) ) ;
#398 = ADVANCED_FACE ( 'NONE', ( #1413 ), #462, .F. ) ;
#399 = B_SPLINE_CURVE_WITH_KNOTS ( 'NONE', 3,
 ( #561, #1060, #459, #1069 ),
 .UNSPECIFIED., .F., .F.,
 ( 4, 4 ),
 ( 0.000000000000000000, 1.000000000000000000 ),
 .UNSPECIFIED. ) ;
#400 = LINE ( 'NONE', #1079, #311 ) ;
#401 = EDGE_LOOP ( 'NONE', ( #887, #745, #652, #1206 ) ) ;
#402 = FACE_OUTER_BOUND ( 'NONE', #1372, .T. ) ;
#403 = DIRECTION ( 'NONE',  ( 0.000000000000000000, 1.000000000000000000, -0.000000000000000000 ) ) ;
#404 = ORIENTED_EDGE ( 'NONE', *, *, #1233, .F. ) ;
#405 = EDGE_CURVE ( 'NONE', #1223, #1125, #475, .T. ) ;
#406 = DIRECTION ( 'NONE',  ( 0.000000000000000000, 0.000000000000000000, -1.000000000000000000 ) ) ;
#407 = LINE ( 'NONE', #536, #1332 ) ;
#408 = EDGE_LOOP ( 'NONE', ( #1190, #350, #92, #1255 ) ) ;
#409 = PLANE ( 'NONE',  #1368 ) ;
#410 = EDGE_CURVE ( 'NONE', #76, #1171, #1293, .T. ) ;
#411 = PLANE ( 'NONE',  #886 ) ;
#412 = CARTESIAN_POINT ( 'NONE',  ( 0.000000000000000000, -0.3824999999999999512, 1.250000000000000000 ) ) ;
#413 = MECHANICAL_DESIGN_GEOMETRIC_PRESENTATION_REPRESENTATION (  '', ( #49 ), #721 ) ;
#414 = SURFACE_STYLE_USAGE ( .BOTH. , #307 ) ;
#415 = VECTOR ( 'NONE', #1507, 1000.000000000000000 ) ;
#416 = SURFACE_STYLE_FILL_AREA ( #918 ) ;
#417 = ORIENTED_EDGE ( 'NONE', *, *, #17, .T. ) ;
#418 = EDGE_CURVE ( 'NONE', #853, #453, #1464, .T. ) ;
#419 = CARTESIAN_POINT ( 'NONE',  ( -1.600000000000000089, -0.3875000000000000111, 0.07500000000000001110 ) ) ;
#420 = CARTESIAN_POINT ( 'NONE',  ( -1.600000000000000089, -0.3824999999999999512, -1.250000000000000000 ) ) ;
#421 = CYLINDRICAL_SURFACE ( 'NONE', #742, 0.09999999999999999167 ) ;
#422 = ORIENTED_EDGE ( 'NONE', *, *, #233, .T. ) ;
#423 = LINE ( 'NONE', #183, #873 ) ;
#424 = ORIENTED_EDGE ( 'NONE', *, *, #539, .F. ) ;
#425 = CARTESIAN_POINT ( 'NONE',  ( -1.350000000000000089, -0.3875000000000000111, -0.07500000000000001110 ) ) ;
#426 = CARTESIAN_POINT ( 'NONE',  ( -1.600000000000000089, -0.3775000000000000022, 0.07500000000000001110 ) ) ;
#427 = CIRCLE ( 'NONE', #679, 0.09999999999999999167 ) ;
#428 = EDGE_CURVE ( 'NONE', #186, #1223, #1045, .T. ) ;
#429 = DIRECTION ( 'NONE',  ( 0.000000000000000000, 1.000000000000000000, 0.000000000000000000 ) ) ;
#430 = EDGE_LOOP ( 'NONE', ( #217, #893, #1273, #1403 ) ) ;
#431 = CARTESIAN_POINT ( 'NONE',  ( -1.350000000000000089, -0.3775000000000000022, -0.07500000000000002498 ) ) ;
#432 = DIRECTION ( 'NONE',  ( 0.000000000000000000, 0.000000000000000000, -1.000000000000000000 ) ) ;
#433 = ORIENTED_EDGE ( 'NONE', *, *, #345, .F. ) ;
#434 = FILL_AREA_STYLE_COLOUR ( '', #1015 ) ;
#435 = VERTEX_POINT ( 'NONE', #1080 ) ;
#436 = CARTESIAN_POINT ( 'NONE',  ( -1.077303733628808047, 0.5624999999999998890, -0.1516592634720195232 ) ) ;
#437 = CARTESIAN_POINT ( 'NONE',  ( -0.8820642220326490035, 0.5627499999999998614, 0.1516592634720195232 ) ) ;
#438 = MECHANICAL_DESIGN_GEOMETRIC_PRESENTATION_REPRESENTATION (  '', ( #1182 ), #1349 ) ;
#439 =( LENGTH_UNIT ( ) NAMED_UNIT ( * ) SI_UNIT ( .MILLI., .METRE. ) );
#440 = AXIS2_PLACEMENT_3D ( 'NONE', #723, #1328, #231 ) ;
#441 = EDGE_CURVE ( 'NONE', #364, #1435, #100, .T. ) ;
#442 = VERTEX_POINT ( 'NONE', #583 ) ;
#443 = FACE_OUTER_BOUND ( 'NONE', #695, .T. ) ;
#444 = DIRECTION ( 'NONE',  ( 1.000000000000000000, 0.000000000000000000, 3.252606517456514781E-16 ) ) ;
#445 = VERTEX_POINT ( 'NONE', #834 ) ;
#446 = DIRECTION ( 'NONE',  ( 1.000000000000000000, 0.000000000000000000, 0.000000000000000000 ) ) ;
#447 = DIRECTION ( 'NONE',  ( 0.000000000000000000, -1.000000000000000000, 0.000000000000000000 ) ) ;
#448 = AXIS2_PLACEMENT_3D ( 'NONE', #541, #650, #939 ) ;
#449 = DIRECTION ( 'NONE',  ( 1.000000000000000000, 0.000000000000000000, 0.000000000000000000 ) ) ;
#450 = VERTEX_POINT ( 'NONE', #1315 ) ;
#451 = EDGE_CURVE ( 'NONE', #963, #450, #216, .T. ) ;
#452 = CARTESIAN_POINT ( 'NONE',  ( -1.600000000000000089, -0.3824999999999999512, -1.250000000000000000 ) ) ;
#453 = VERTEX_POINT ( 'NONE', #36 ) ;
#454 = DIRECTION ( 'NONE',  ( 0.000000000000000000, 0.000000000000000000, 1.000000000000000000 ) ) ;
#455 = ORIENTED_EDGE ( 'NONE', *, *, #296, .T. ) ;
#456 = DIRECTION ( 'NONE',  ( 0.000000000000000000, 1.000000000000000000, 0.000000000000000000 ) ) ;
#457 =( NAMED_UNIT ( * ) SI_UNIT ( $, .STERADIAN. ) SOLID_ANGLE_UNIT ( ) );
#458 = DIRECTION ( 'NONE',  ( 0.000000000000000000, 1.000000000000000000, 0.000000000000000000 ) ) ;
#459 = CARTESIAN_POINT ( 'NONE',  ( -1.272543245224966979, 0.5624999999999998890, 0.1516592634720195232 ) ) ;
#460 = ORIENTED_EDGE ( 'NONE', *, *, #1411, .T. ) ;
#461 = CARTESIAN_POINT ( 'NONE',  ( -1.600000000000000089, -0.3775000000000000022, 0.4049999999999999711 ) ) ;
#462 = PLANE ( 'NONE',  #663 ) ;
#463 = ADVANCED_FACE ( 'NONE', ( #1485 ), #1021, .F. ) ;
#464 = ORIENTED_EDGE ( 'NONE', *, *, #1094, .F. ) ;
#465 = PLANE ( 'NONE',  #1384 ) ;
#466 = CARTESIAN_POINT ( 'NONE',  ( -1.350000000000000089, -0.3775000000000000022, 0.07499999999999992784 ) ) ;
#467 = ADVANCED_FACE ( 'NONE', ( #161 ), #643, .F. ) ;
#468 = ORIENTED_EDGE ( 'NONE', *, *, #615, .F. ) ;
#469 = AXIS2_PLACEMENT_3D ( 'NONE', #724, #218, #116 ) ;
#470 = VECTOR ( 'NONE', #471, 1000.000000000000000 ) ;
#471 = DIRECTION ( 'NONE',  ( 0.000000000000000000, -1.000000000000000000, 0.000000000000000000 ) ) ;
#472 = ORIENTED_EDGE ( 'NONE', *, *, #595, .T. ) ;
#473 = DIRECTION ( 'NONE',  ( 0.000000000000000000, -1.000000000000000000, 0.000000000000000000 ) ) ;
#474 = CARTESIAN_POINT ( 'NONE',  ( -1.600000000000000089, -0.3875000000000000111, -1.250000000000000000 ) ) ;
#475 = CIRCLE ( 'NONE', #1537, 0.09999999999999999167 ) ;
#476 = ORIENTED_EDGE ( 'NONE', *, *, #1048, .F. ) ;
#477 = CARTESIAN_POINT ( 'NONE',  ( 1.600000000000000089, -0.3775000000000000022, -0.4049999999999999711 ) ) ;
#478 = ORIENTED_EDGE ( 'NONE', *, *, #1411, .F. ) ;
#479 = CARTESIAN_POINT ( 'NONE',  ( -1.600000000000000089, -0.3875000000000000111, 0.4049999999999999711 ) ) ;
#480 = DIRECTION ( 'NONE',  ( 0.000000000000000000, 0.000000000000000000, 1.000000000000000000 ) ) ;
#481 = DIRECTION ( 'NONE',  ( 0.000000000000000000, 0.000000000000000000, 1.000000000000000000 ) ) ;
#482 = EDGE_CURVE ( 'NONE', #1164, #835, #167, .T. ) ;
#483 = AXIS2_PLACEMENT_3D ( 'NONE', #419, #1284, #173 ) ;
#484 = ORIENTED_EDGE ( 'NONE', *, *, #1364, .F. ) ;
#485 = SURFACE_STYLE_USAGE ( .BOTH. , #1317 ) ;
#486 = CARTESIAN_POINT ( 'NONE',  ( 0.000000000000000000, 0.5629999999999999449, 0.000000000000000000 ) ) ;
#487 = COLOUR_RGB ( '',0.9019607843137255054, 0.7098039215686274828, 0.4392156862745097978 ) ;
#488 = VERTEX_POINT ( 'NONE', #395 ) ;
#489 = COLOUR_RGB ( '',0.5411764705882352589, 0.01176470588235294101, 0.000000000000000000 ) ;
#490 = EDGE_CURVE ( 'NONE', #1171, #1294, #649, .T. ) ;
#491 = VECTOR ( 'NONE', #499, 1000.000000000000000 ) ;
#492 = DIRECTION ( 'NONE',  ( 0.000000000000000000, -1.000000000000000000, 0.000000000000000000 ) ) ;
#493 = DIRECTION ( 'NONE',  ( -1.000000000000000000, 0.000000000000000000, 0.000000000000000000 ) ) ;
#494 = CARTESIAN_POINT ( 'NONE',  ( -1.000000000000000000, -0.3875000000000000111, 0.3049999999999999933 ) ) ;
#495 = ORIENTED_EDGE ( 'NONE', *, *, #1006, .T. ) ;
#496 = LINE ( 'NONE', #1346, #796 ) ;
#497 = FACE_OUTER_BOUND ( 'NONE', #104, .T. ) ;
#498 = VECTOR ( 'NONE', #18, 1000.000000000000000 ) ;
#499 = DIRECTION ( 'NONE',  ( 0.000000000000000000, 1.000000000000000000, 0.000000000000000000 ) ) ;
#500 = PLANE ( 'NONE',  #121 ) ;
#501 = PLANE ( 'NONE',  #1419 ) ;
#502 = DIRECTION ( 'NONE',  ( 0.000000000000000000, 1.000000000000000000, 0.000000000000000000 ) ) ;
#503 = EDGE_CURVE ( 'NONE', #1482, #1150, #19, .T. ) ;
#504 =( NAMED_UNIT ( * ) PLANE_ANGLE_UNIT ( ) SI_UNIT ( $, .RADIAN. ) );
#505 = ORIENTED_EDGE ( 'NONE', *, *, #418, .T. ) ;
#506 = VECTOR ( 'NONE', #334, 1000.000000000000000 ) ;
#507 = DIRECTION ( 'NONE',  ( 0.000000000000000000, 0.000000000000000000, -1.000000000000000000 ) ) ;
#508 = ORIENTED_EDGE ( 'NONE', *, *, #1219, .T. ) ;
#509 = CARTESIAN_POINT ( 'NONE',  ( 1.350000000000000089, -0.3775000000000000022, 0.1000000000000000056 ) ) ;
#510 = COLOUR_RGB ( '',0.6941176470588235059, 0.09803921568627450844, 0.09803921568627450844 ) ;
#511 = CARTESIAN_POINT ( 'NONE',  ( -1.600000000000000089, -0.3875000000000000111, -0.3049999999999999933 ) ) ;
#512 = AXIS2_PLACEMENT_3D ( 'NONE', #452, #1291, #1412 ) ;
#513 = EDGE_CURVE ( 'NONE', #488, #1109, #627, .T. ) ;
#514 = LINE ( 'NONE', #527, #860 ) ;
#515 = CLOSED_SHELL ( 'NONE', ( #193, #1301, #651, #571, #1098, #37, #1566, #107, #52, #355, #463, #584, #744, #1196, #1071, #210, #324, #1240 ) ) ;
#516 = FILL_AREA_STYLE_COLOUR ( '', #1376 ) ;
#517 = DIRECTION ( 'NONE',  ( 0.000000000000000000, 1.000000000000000000, 0.000000000000000000 ) ) ;
#518 = ORIENTED_EDGE ( 'NONE', *, *, #1383, .F. ) ;
#519 = CARTESIAN_POINT ( 'NONE',  ( 1.600000000000000089, -0.3875000000000000111, 0.07500000000000001110 ) ) ;
#520 = DIRECTION ( 'NONE',  ( -1.000000000000000000, 0.000000000000000000, 0.000000000000000000 ) ) ;
#521 = EDGE_CURVE ( 'NONE', #1281, #1294, #281, .T. ) ;
#522 = AXIS2_PLACEMENT_3D ( 'NONE', #12, #258, #605 ) ;
#523 =( NAMED_UNIT ( * ) SI_UNIT ( $, .STERADIAN. ) SOLID_ANGLE_UNIT ( ) );
#524 = VERTEX_POINT ( 'NONE', #1122 ) ;
#525 = LINE ( 'NONE', #1483, #95 ) ;
#526 = DIRECTION ( 'NONE',  ( 0.000000000000000000, 0.000000000000000000, 1.000000000000000000 ) ) ;
#527 = CARTESIAN_POINT ( 'NONE',  ( 1.600000000000000089, -0.3824999999999999512, 1.250000000000000000 ) ) ;
#528 = EDGE_CURVE ( 'NONE', #789, #954, #1351, .T. ) ;
#529 = DIRECTION ( 'NONE',  ( 0.000000000000000000, 1.000000000000000000, 0.000000000000000000 ) ) ;
#530 = VERTEX_POINT ( 'NONE', #42 ) ;
#531 = PLANE ( 'NONE',  #1452 ) ;
#532 = CARTESIAN_POINT ( 'NONE',  ( -1.467782756821125911, 0.5624999999999998890, -0.05055308782400650541 ) ) ;
#533 = AXIS2_PLACEMENT_3D ( 'NONE', #1339, #1101, #967 ) ;
#534 = ORIENTED_EDGE ( 'NONE', *, *, #428, .F. ) ;
#535 = VECTOR ( 'NONE', #456, 1000.000000000000000 ) ;
#536 = CARTESIAN_POINT ( 'NONE',  ( -1.600000000000000089, 0.5374999999999999778, 1.250000000000000000 ) ) ;
#537 = ORIENTED_EDGE ( 'NONE', *, *, #98, .T. ) ;
#538 = CARTESIAN_POINT ( 'NONE',  ( 1.600000000000000089, -0.3824999999999999512, -1.250000000000000000 ) ) ;
#539 = EDGE_CURVE ( 'NONE', #739, #1425, #750, .T. ) ;
#540 = CARTESIAN_POINT ( 'NONE',  ( -0.8820642220326490035, 0.5624999999999998890, -0.05055308782400650541 ) ) ;
#541 = CARTESIAN_POINT ( 'NONE',  ( 1.600000000000000089, -0.3875000000000000111, 0.4049999999999999711 ) ) ;
#542 = LINE ( 'NONE', #1288, #229 ) ;
#543 = ORIENTED_EDGE ( 'NONE', *, *, #1017, .F. ) ;
#544 = FACE_OUTER_BOUND ( 'NONE', #240, .T. ) ;
#545 = ORIENTED_EDGE ( 'NONE', *, *, #280, .T. ) ;
#546 = UNCERTAINTY_MEASURE_WITH_UNIT (LENGTH_MEASURE( 1.000000000000000082E-05 ), #731, 'distance_accuracy_value', 'NONE');
#547 = EDGE_LOOP ( 'NONE', ( #190, #1512, #1549, #433 ) ) ;
#548 = VECTOR ( 'NONE', #1542, 1000.000000000000000 ) ;
#549 = DIRECTION ( 'NONE',  ( 4.336808689942017736E-15, 0.000000000000000000, 1.000000000000000000 ) ) ;
#550 = CARTESIAN_POINT ( 'NONE',  ( 0.000000000000000000, -0.3875000000000000111, 0.000000000000000000 ) ) ;
#551 = EDGE_CURVE ( 'NONE', #1018, #1404, #1028, .T. ) ;
#552 = FACE_OUTER_BOUND ( 'NONE', #1074, .T. ) ;
#553 = ORIENTED_EDGE ( 'NONE', *, *, #595, .F. ) ;
#554 = LINE ( 'NONE', #713, #1560 ) ;
#555 = LINE ( 'NONE', #538, #548 ) ;
#556 = ORIENTED_EDGE ( 'NONE', *, *, #428, .T. ) ;
#557 = LINE ( 'NONE', #947, #1440 ) ;
#558 =( NAMED_UNIT ( * ) PLANE_ANGLE_UNIT ( ) SI_UNIT ( $, .RADIAN. ) );
#559 =( GEOMETRIC_REPRESENTATION_CONTEXT ( 3 ) GLOBAL_UNCERTAINTY_ASSIGNED_CONTEXT ( ( #1034 ) ) GLOBAL_UNIT_ASSIGNED_CONTEXT ( ( #784, #504, #457 ) ) REPRESENTATION_CONTEXT ( 'NONE', 'WORKASPACE' ) );
#560 = EDGE_CURVE ( 'NONE', #263, #127, #1382, .T. ) ;
#561 = CARTESIAN_POINT ( 'NONE',  ( -0.8820642220326490035, 0.5627499999999998614, 0.1516592634720195232 ) ) ;
#562 = VECTOR ( 'NONE', #1321, 1000.000000000000000 ) ;
#563 = ORIENTED_EDGE ( 'NONE', *, *, #551, .F. ) ;
#564 = CARTESIAN_POINT ( 'NONE',  ( -1.600000000000000089, 0.5624999999999998890, 1.250000000000000000 ) ) ;
#565 = EDGE_LOOP ( 'NONE', ( #250, #624, #937, #613 ) ) ;
#566 = ORIENTED_EDGE ( 'NONE', *, *, #1309, .T. ) ;
#567 = VECTOR ( 'NONE', #342, 1000.000000000000000 ) ;
#568 = LINE ( 'NONE', #818, #836 ) ;
#569 = COLOUR_RGB ( '',0.6941176470588235059, 0.09803921568627450844, 0.09803921568627450844 ) ;
#570 = CARTESIAN_POINT ( 'NONE',  ( -1.600000000000000089, -0.3875000000000000111, -0.07500000000000001110 ) ) ;
#571 = ADVANCED_FACE ( 'NONE', ( #1005 ), #290, .F. ) ;
#572 = ORIENTED_EDGE ( 'NONE', *, *, #74, .F. ) ;
#573 = EDGE_CURVE ( 'NONE', #524, #872, #1237, .T. ) ;
#574 = CARTESIAN_POINT ( 'NONE',  ( -1.600000000000000089, -0.3875000000000000111, -0.4049999999999999711 ) ) ;
#575 = ORIENTED_EDGE ( 'NONE', *, *, #1340, .F. ) ;
#576 = SURFACE_SIDE_STYLE ('',( #332 ) ) ;
#577 = EDGE_LOOP ( 'NONE', ( #706, #192, #404, #1305 ) ) ;
#578 = LINE ( 'NONE', #938, #932 ) ;
#579 = CARTESIAN_POINT ( 'NONE',  ( -1.600000000000000089, 0.5624999999999998890, 1.250000000000000000 ) ) ;
#580 = EDGE_LOOP ( 'NONE', ( #1278, #341, #676, #572 ) ) ;
#581 =( NAMED_UNIT ( * ) PLANE_ANGLE_UNIT ( ) SI_UNIT ( $, .RADIAN. ) );
#582 = CARTESIAN_POINT ( 'NONE',  ( 1.350000000000000089, -0.3875000000000000111, -0.07500000000000002498 ) ) ;
#583 = CARTESIAN_POINT ( 'NONE',  ( 1.600000000000000089, -0.3875000000000000111, 0.4049999999999999711 ) ) ;
#584 = ADVANCED_FACE ( 'NONE', ( #998 ), #1367, .F. ) ;
#585 = ORIENTED_EDGE ( 'NONE', *, *, #991, .T. ) ;
#586 = DIRECTION ( 'NONE',  ( 0.000000000000000000, 0.000000000000000000, -1.000000000000000000 ) ) ;
#587 = CARTESIAN_POINT ( 'NONE',  ( 1.100000000000000089, -0.3875000000000000111, 0.4049999999999999711 ) ) ;
#588 = COLOUR_RGB ( '',0.6941176470588235059, 0.09803921568627450844, 0.09803921568627450844 ) ;
#589 = ORIENTED_EDGE ( 'NONE', *, *, #864, .F. ) ;
#590 = VECTOR ( 'NONE', #507, 1000.000000000000000 ) ;
#591 = VECTOR ( 'NONE', #821, 1000.000000000000000 ) ;
#592 = LINE ( 'NONE', #564, #1087 ) ;
#593 = VERTEX_POINT ( 'NONE', #267 ) ;
#594 = CARTESIAN_POINT ( 'NONE',  ( 1.000000000000000000, -0.3875000000000000111, 0.3049999999999999933 ) ) ;
#595 = EDGE_CURVE ( 'NONE', #1173, #76, #274, .T. ) ;
#596 = CARTESIAN_POINT ( 'NONE',  ( -1.600000000000000089, -0.3775000000000000022, 0.07500000000000001110 ) ) ;
#597 = CLOSED_SHELL ( 'NONE', ( #1354, #221, #362, #930, #152, #132 ) ) ;
#598 = ORIENTED_EDGE ( 'NONE', *, *, #441, .F. ) ;
#599 = FACE_OUTER_BOUND ( 'NONE', #630, .T. ) ;
#600 = DIRECTION ( 'NONE',  ( 0.000000000000000000, 0.000000000000000000, -1.000000000000000000 ) ) ;
#601 = EDGE_CURVE ( 'NONE', #640, #959, #150, .T. ) ;
#602 = VECTOR ( 'NONE', #47, 1000.000000000000000 ) ;
#603 = CARTESIAN_POINT ( 'NONE',  ( 1.000000000000000000, -0.3875000000000000111, -0.3049999999999999933 ) ) ;
#604 = APPLICATION_PROTOCOL_DEFINITION ( 'draft international standard', 'automotive_design', 1998, #775 ) ;
#605 = DIRECTION ( 'NONE',  ( 0.000000000000000000, 0.000000000000000000, 1.000000000000000000 ) ) ;
#606 = EDGE_CURVE ( 'NONE', #263, #76, #892, .T. ) ;
#607 = ORIENTED_EDGE ( 'NONE', *, *, #1449, .T. ) ;
#608 = VECTOR ( 'NONE', #1565, 1000.000000000000000 ) ;
#609 = DIRECTION ( 'NONE',  ( -2.168404344971010101E-16, 0.000000000000000000, 1.000000000000000000 ) ) ;
#610 = CARTESIAN_POINT ( 'NONE',  ( 1.600000000000000089, -0.3775000000000000022, 0.07500000000000001110 ) ) ;
#611 = PLANE ( 'NONE',  #736 ) ;
#612 = VECTOR ( 'NONE', #814, 1000.000000000000000 ) ;
#613 = ORIENTED_EDGE ( 'NONE', *, *, #1380, .T. ) ;
#614 = EDGE_CURVE ( 'NONE', #1450, #453, #317, .T. ) ;
#615 = EDGE_CURVE ( 'NONE', #593, #1146, #680, .T. ) ;
#616 = LINE ( 'NONE', #16, #1115 ) ;
#617 = DIRECTION ( 'NONE',  ( 0.000000000000000000, 0.000000000000000000, -1.000000000000000000 ) ) ;
#618 = DIRECTION ( 'NONE',  ( 0.000000000000000000, 0.000000000000000000, 1.000000000000000000 ) ) ;
#619 = SURFACE_STYLE_FILL_AREA ( #1036 ) ;
#620 = AXIS2_PLACEMENT_3D ( 'NONE', #372, #949, #246 ) ;
#621 = DIRECTION ( 'NONE',  ( 0.000000000000000000, -1.000000000000000000, 0.000000000000000000 ) ) ;
#622 = DIRECTION ( 'NONE',  ( 0.000000000000000000, 1.000000000000000000, 0.000000000000000000 ) ) ;
#623 = FILL_AREA_STYLE ('',( #990 ) ) ;
#624 = ORIENTED_EDGE ( 'NONE', *, *, #968, .F. ) ;
#625 = ADVANCED_FACE ( 'NONE', ( #1047 ), #174, .F. ) ;
#626 = DIRECTION ( 'NONE',  ( -1.000000000000000000, 0.000000000000000000, 2.168404344971010101E-16 ) ) ;
#627 = LINE ( 'NONE', #48, #637 ) ;
#628 = ORIENTED_EDGE ( 'NONE', *, *, #388, .T. ) ;
#629 = CARTESIAN_POINT ( 'NONE',  ( -1.100000000000000089, -0.3875000000000000111, 0.3049999999999999933 ) ) ;
#630 = EDGE_LOOP ( 'NONE', ( #1395, #1118, #1491, #508 ) ) ;
#631 = SURFACE_STYLE_FILL_AREA ( #148 ) ;
#632 = LINE ( 'NONE', #519, #141 ) ;
#633 = EDGE_CURVE ( 'NONE', #343, #881, #557, .T. ) ;
#634 = DIRECTION ( 'NONE',  ( 0.000000000000000000, -1.000000000000000000, 0.000000000000000000 ) ) ;
#635 = COLOUR_RGB ( '',0.6941176470588235059, 0.09803921568627450844, 0.09803921568627450844 ) ;
#636 = ORIENTED_EDGE ( 'NONE', *, *, #606, .F. ) ;
#637 = VECTOR ( 'NONE', #1262, 1000.000000000000000 ) ;
#638 = CARTESIAN_POINT ( 'NONE',  ( 1.100000000000000089, -0.3775000000000000022, -0.4049999999999999711 ) ) ;
#639 =( NAMED_UNIT ( * ) PLANE_ANGLE_UNIT ( ) SI_UNIT ( $, .RADIAN. ) );
#640 = VERTEX_POINT ( 'NONE', #1157 ) ;
#641 = CARTESIAN_POINT ( 'NONE',  ( -1.100000000000000089, -0.3875000000000000111, 0.3049999999999999933 ) ) ;
#642 = CARTESIAN_POINT ( 'NONE',  ( -1.100000000000000089, -0.3875000000000000111, -0.3049999999999999933 ) ) ;
#643 = PLANE ( 'NONE',  #964 ) ;
#644 = EDGE_CURVE ( 'NONE', #835, #872, #1285, .T. ) ;
#645 = EDGE_LOOP ( 'NONE', ( #207, #495, #325, #534 ) ) ;
#646 = FACE_OUTER_BOUND ( 'NONE', #1564, .T. ) ;
#647 = EDGE_LOOP ( 'NONE', ( #184, #1523, #1503, #464, #1546, #1540, #1532, #1510, #2, #1270, #79, #1463, #543, #172, #6, #563 ) ) ;
#648 = CARTESIAN_POINT ( 'NONE',  ( 1.600000000000000089, -0.3575000000000000400, -1.250000000000000000 ) ) ;
#649 = LINE ( 'NONE', #1373, #1358 ) ;
#650 = DIRECTION ( 'NONE',  ( 2.168404344971010101E-16, 0.000000000000000000, 1.000000000000000000 ) ) ;
#651 = ADVANCED_FACE ( 'NONE', ( #1535 ), #187, .F. ) ;
#652 = ORIENTED_EDGE ( 'NONE', *, *, #957, .F. ) ;
#653 = CARTESIAN_POINT ( 'NONE',  ( -1.600000000000000089, -0.3575000000000000400, 1.250000000000000000 ) ) ;
#654 = ORIENTED_EDGE ( 'NONE', *, *, #681, .T. ) ;
#655 =( NAMED_UNIT ( * ) SI_UNIT ( $, .STERADIAN. ) SOLID_ANGLE_UNIT ( ) );
#656 = AXIS2_PLACEMENT_3D ( 'NONE', #594, #725, #480 ) ;
#657 = DIRECTION ( 'NONE',  ( 0.000000000000000000, -1.000000000000000000, 0.000000000000000000 ) ) ;
#658 = VECTOR ( 'NONE', #664, 1000.000000000000000 ) ;
#659 = VECTOR ( 'NONE', #1378, 1000.000000000000000 ) ;
#660 = PLANE ( 'NONE',  #212 ) ;
#661 = ORIENTED_EDGE ( 'NONE', *, *, #1276, .T. ) ;
#662 = EDGE_CURVE ( 'NONE', #875, #1044, #728, .T. ) ;
#663 = AXIS2_PLACEMENT_3D ( 'NONE', #425, #454, #912 ) ;
#664 = DIRECTION ( 'NONE',  ( 0.000000000000000000, -1.000000000000000000, 0.000000000000000000 ) ) ;
#665 = ORIENTED_EDGE ( 'NONE', *, *, #17, .F. ) ;
#666 = DIRECTION ( 'NONE',  ( 0.000000000000000000, 0.000000000000000000, 1.000000000000000000 ) ) ;
#667 = EDGE_CURVE ( 'NONE', #954, #1090, #1214, .T. ) ;
#668 = ORIENTED_EDGE ( 'NONE', *, *, #1085, .F. ) ;
#669 = DIRECTION ( 'NONE',  ( 0.000000000000000000, 0.000000000000000000, 1.000000000000000000 ) ) ;
#670 = DIRECTION ( 'NONE',  ( -1.000000000000000000, 0.000000000000000000, 0.000000000000000000 ) ) ;
#671 = CARTESIAN_POINT ( 'NONE',  ( -1.600000000000000089, -0.3575000000000000400, -1.250000000000000000 ) ) ;
#672 = CARTESIAN_POINT ( 'NONE',  ( 1.600000000000000089, -0.3875000000000000111, 0.4049999999999999711 ) ) ;
#673 = EDGE_LOOP ( 'NONE', ( #919, #1144, #356, #833 ) ) ;
#674 = CARTESIAN_POINT ( 'NONE',  ( -1.600000000000000089, 0.5624999999999998890, -1.250000000000000000 ) ) ;
#675 = LINE ( 'NONE', #686, #1058 ) ;
#676 = ORIENTED_EDGE ( 'NONE', *, *, #1, .F. ) ;
#677 = DIRECTION ( 'NONE',  ( 0.000000000000000000, 0.000000000000000000, 1.000000000000000000 ) ) ;
#678 = VERTEX_POINT ( 'NONE', #1306 ) ;
#679 = AXIS2_PLACEMENT_3D ( 'NONE', #641, #1504, #383 ) ;
#680 = LINE ( 'NONE', #806, #1108 ) ;
#681 = EDGE_CURVE ( 'NONE', #197, #875, #578, .T. ) ;
#682 = UNCERTAINTY_MEASURE_WITH_UNIT (LENGTH_MEASURE( 1.000000000000000082E-05 ), #21, 'distance_accuracy_value', 'NONE');
#683 = DIRECTION ( 'NONE',  ( 1.000000000000000000, 0.000000000000000000, 0.000000000000000000 ) ) ;
#684 = ORIENTED_EDGE ( 'NONE', *, *, #1383, .T. ) ;
#685 = MECHANICAL_DESIGN_GEOMETRIC_PRESENTATION_REPRESENTATION (  '', ( #848 ), #1049 ) ;
#686 = CARTESIAN_POINT ( 'NONE',  ( -1.600000000000000089, -0.3875000000000000111, -0.3049999999999999933 ) ) ;
#687 = SURFACE_STYLE_USAGE ( .BOTH. , #576 ) ;
#688 = ORIENTED_EDGE ( 'NONE', *, *, #957, .T. ) ;
#689 = VECTOR ( 'NONE', #1536, 1000.000000000000000 ) ;
#690 = EDGE_CURVE ( 'NONE', #530, #800, #568, .T. ) ;
#691 =( GEOMETRIC_REPRESENTATION_CONTEXT ( 3 ) GLOBAL_UNCERTAINTY_ASSIGNED_CONTEXT ( ( #921 ) ) GLOBAL_UNIT_ASSIGNED_CONTEXT ( ( #850, #558, #1460 ) ) REPRESENTATION_CONTEXT ( 'NONE', 'WORKASPACE' ) );
#692 = AXIS2_PLACEMENT_3D ( 'NONE', #115, #214, #960 ) ;
#693 = LINE ( 'NONE', #1400, #861 ) ;
#694 = DIRECTION ( 'NONE',  ( 0.000000000000000000, 0.000000000000000000, -1.000000000000000000 ) ) ;
#695 = EDGE_LOOP ( 'NONE', ( #133, #1138, #232, #566 ) ) ;
#696 = DIRECTION ( 'NONE',  ( 0.000000000000000000, 1.000000000000000000, 0.000000000000000000 ) ) ;
#697 = VERTEX_POINT ( 'NONE', #198 ) ;
#698 = VECTOR ( 'NONE', #906, 1000.000000000000000 ) ;
#699 = PLANE ( 'NONE',  #57 ) ;
#700 =( LENGTH_UNIT ( ) NAMED_UNIT ( * ) SI_UNIT ( .MILLI., .METRE. ) );
#701 = DIRECTION ( 'NONE',  ( 0.000000000000000000, 0.000000000000000000, 1.000000000000000000 ) ) ;
#702 = ORIENTED_EDGE ( 'NONE', *, *, #1037, .T. ) ;
#703 = SURFACE_STYLE_USAGE ( .BOTH. , #1431 ) ;
#704 = CARTESIAN_POINT ( 'NONE',  ( 1.000000000000000000, -0.3875000000000000111, -0.3049999999999999933 ) ) ;
#705 = CARTESIAN_POINT ( 'NONE',  ( 1.600000000000000089, -0.3875000000000000111, 0.000000000000000000 ) ) ;
#706 = ORIENTED_EDGE ( 'NONE', *, *, #1252, .T. ) ;
#707 = ADVANCED_BREP_SHAPE_REPRESENTATION ( 'LFCV-1552+', ( #1445, #1454, #396, #1434, #928, #382, #1402 ), #691 ) ;
#708 = DIRECTION ( 'NONE',  ( 0.000000000000000000, -1.000000000000000000, 0.000000000000000000 ) ) ;
#709 = CARTESIAN_POINT ( 'NONE',  ( 1.600000000000000089, 0.5374999999999999778, -1.250000000000000000 ) ) ;
#710 = VECTOR ( 'NONE', #35, 1000.000000000000000 ) ;
#711 = ORIENTED_EDGE ( 'NONE', *, *, #615, .T. ) ;
#712 = ADVANCED_FACE ( 'NONE', ( #1184 ), #699, .F. ) ;
#713 = CARTESIAN_POINT ( 'NONE',  ( 1.600000000000000089, 0.5374999999999999778, 0.000000000000000000 ) ) ;
#714 = VERTEX_POINT ( 'NONE', #359 ) ;
#715 = ORIENTED_EDGE ( 'NONE', *, *, #606, .T. ) ;
#716 = DIRECTION ( 'NONE',  ( 0.000000000000000000, 1.000000000000000000, 0.000000000000000000 ) ) ;
#717 = LINE ( 'NONE', #733, #237 ) ;
#718 = AXIS2_PLACEMENT_3D ( 'NONE', #574, #832, #69 ) ;
#719 = PRODUCT_DEFINITION_FORMATION_WITH_SPECIFIED_SOURCE ( 'ANY', '', #1363, .NOT_KNOWN. ) ;
#720 = ORIENTED_EDGE ( 'NONE', *, *, #528, .T. ) ;
#721 =( GEOMETRIC_REPRESENTATION_CONTEXT ( 3 ) GLOBAL_UNCERTAINTY_ASSIGNED_CONTEXT ( ( #1417 ) ) GLOBAL_UNIT_ASSIGNED_CONTEXT ( ( #1442, #581, #831 ) ) REPRESENTATION_CONTEXT ( 'NONE', 'WORKASPACE' ) );
#722 = AXIS2_PLACEMENT_3D ( 'NONE', #1314, #215, #942 ) ;
#723 = CARTESIAN_POINT ( 'NONE',  ( 1.600000000000000089, 0.5374999999999999778, 1.250000000000000000 ) ) ;
#724 = CARTESIAN_POINT ( 'NONE',  ( 1.600000000000000089, -0.3875000000000000111, 0.1000000000000000056 ) ) ;
#725 = DIRECTION ( 'NONE',  ( -1.000000000000000000, 0.000000000000000000, 0.000000000000000000 ) ) ;
#726 = LINE ( 'NONE', #851, #153 ) ;
#727 = EDGE_CURVE ( 'NONE', #1099, #835, #134, .T. ) ;
#728 = CIRCLE ( 'NONE', #8, 0.09999999999999999167 ) ;
#729 = VERTEX_POINT ( 'NONE', #227 ) ;
#730 = LINE ( 'NONE', #863, #77 ) ;
#731 =( LENGTH_UNIT ( ) NAMED_UNIT ( * ) SI_UNIT ( .MILLI., .METRE. ) );
#732 = EDGE_LOOP ( 'NONE', ( #628, #323, #715, #553 ) ) ;
#733 = CARTESIAN_POINT ( 'NONE',  ( 0.000000000000000000, 0.5374999999999999778, -1.250000000000000000 ) ) ;
#734 = LINE ( 'NONE', #992, #946 ) ;
#735 = ADVANCED_FACE ( 'NONE', ( #738 ), #465, .T. ) ;
#736 = AXIS2_PLACEMENT_3D ( 'NONE', #486, #1341, #617 ) ;
#737 = ORIENTED_EDGE ( 'NONE', *, *, #309, .T. ) ;
#738 = FACE_OUTER_BOUND ( 'NONE', #1555, .T. ) ;
#739 = VERTEX_POINT ( 'NONE', #352 ) ;
#740 = LINE ( 'NONE', #1347, #1557 ) ;
#741 = CARTESIAN_POINT ( 'NONE',  ( 1.600000000000000089, -0.3775000000000000022, 0.4049999999999999711 ) ) ;
#742 = AXIS2_PLACEMENT_3D ( 'NONE', #1385, #1287, #1418 ) ;
#743 = ADVANCED_FACE ( 'NONE', ( #955 ), #973, .F. ) ;
#744 = ADVANCED_FACE ( 'NONE', ( #1218 ), #1556, .F. ) ;
#745 = ORIENTED_EDGE ( 'NONE', *, *, #451, .F. ) ;
#746 =( GEOMETRIC_REPRESENTATION_CONTEXT ( 3 ) GLOBAL_UNCERTAINTY_ASSIGNED_CONTEXT ( ( #819 ) ) GLOBAL_UNIT_ASSIGNED_CONTEXT ( ( #1436, #128, #102 ) ) REPRESENTATION_CONTEXT ( 'NONE', 'WORKASPACE' ) );
#747 = AXIS2_PLACEMENT_3D ( 'NONE', #117, #1224, #123 ) ;
#748 = LINE ( 'NONE', #271, #1185 ) ;
#749 = CARTESIAN_POINT ( 'NONE',  ( 0.000000000000000000, 0.5374999999999999778, 1.250000000000000000 ) ) ;
#750 = LINE ( 'NONE', #1132, #367 ) ;
#751 = AXIS2_PLACEMENT_3D ( 'NONE', #1407, #669, #446 ) ;
#752 = CARTESIAN_POINT ( 'NONE',  ( -1.000000000000000000, -0.3875000000000000111, -0.3049999999999999933 ) ) ;
#753 = EDGE_CURVE ( 'NONE', #820, #1135, #849, .T. ) ;
#754 = CARTESIAN_POINT ( 'NONE',  ( -1.600000000000000089, 0.5624999999999998890, 1.250000000000000000 ) ) ;
#755 = SURFACE_STYLE_USAGE ( .BOTH. , #1473 ) ;
#756 = ORIENTED_EDGE ( 'NONE', *, *, #1539, .T. ) ;
#757 = CARTESIAN_POINT ( 'NONE',  ( 1.600000000000000089, -0.3875000000000000111, 1.250000000000000000 ) ) ;
#758 = CARTESIAN_POINT ( 'NONE',  ( -1.467782756821125911, 0.5627499999999998614, 0.1516592634720195232 ) ) ;
#759 =( LENGTH_UNIT ( ) NAMED_UNIT ( * ) SI_UNIT ( .MILLI., .METRE. ) );
#760 = ORIENTED_EDGE ( 'NONE', *, *, #880, .F. ) ;
#761 = EDGE_CURVE ( 'NONE', #269, #820, #234, .T. ) ;
#762 = DIRECTION ( 'NONE',  ( 0.000000000000000000, -1.000000000000000000, 0.000000000000000000 ) ) ;
#763 = CARTESIAN_POINT ( 'NONE',  ( 1.100000000000000089, -0.3875000000000000111, -0.4049999999999999711 ) ) ;
#764 = DIRECTION ( 'NONE',  ( 0.000000000000000000, -1.000000000000000000, 0.000000000000000000 ) ) ;
#765 = ORIENTED_EDGE ( 'NONE', *, *, #690, .T. ) ;
#766 = LINE ( 'NONE', #882, #1282 ) ;
#767 = CARTESIAN_POINT ( 'NONE',  ( 1.100000000000000089, -0.3875000000000000111, -0.4049999999999999711 ) ) ;
#768 = ORIENTED_EDGE ( 'NONE', *, *, #944, .T. ) ;
#769 = VECTOR ( 'NONE', #979, 1000.000000000000000 ) ;
#770 = DIRECTION ( 'NONE',  ( 0.000000000000000000, -1.000000000000000000, 0.000000000000000000 ) ) ;
#771 = DIRECTION ( 'NONE',  ( 0.000000000000000000, 0.000000000000000000, -1.000000000000000000 ) ) ;
#772 = VECTOR ( 'NONE', #529, 1000.000000000000000 ) ;
#773 = EDGE_CURVE ( 'NONE', #1259, #1099, #837, .T. ) ;
#774 = AXIS2_PLACEMENT_3D ( 'NONE', #1267, #771, #764 ) ;
#775 = APPLICATION_CONTEXT ( 'automotive_design' ) ;
#776 = PLANE ( 'NONE',  #1307 ) ;
#777 = DIRECTION ( 'NONE',  ( 0.000000000000000000, -1.000000000000000000, 0.000000000000000000 ) ) ;
#778 = ORIENTED_EDGE ( 'NONE', *, *, #347, .T. ) ;
#779 = DIRECTION ( 'NONE',  ( 0.000000000000000000, -1.000000000000000000, 0.000000000000000000 ) ) ;
#780 = CARTESIAN_POINT ( 'NONE',  ( -1.350000000000000089, -0.3875000000000000111, 0.1000000000000000056 ) ) ;
#781 =( NAMED_UNIT ( * ) PLANE_ANGLE_UNIT ( ) SI_UNIT ( $, .RADIAN. ) );
#782 = ORIENTED_EDGE ( 'NONE', *, *, #1037, .F. ) ;
#783 = CARTESIAN_POINT ( 'NONE',  ( -1.600000000000000089, 0.5374999999999999778, -1.250000000000000000 ) ) ;
#784 =( LENGTH_UNIT ( ) NAMED_UNIT ( * ) SI_UNIT ( .MILLI., .METRE. ) );
#785 = ADVANCED_FACE ( 'NONE', ( #978 ), #1455, .F. ) ;
#786 = SURFACE_STYLE_FILL_AREA ( #1176 ) ;
#787 = CARTESIAN_POINT ( 'NONE',  ( -1.600000000000000089, 0.5374999999999999778, 0.000000000000000000 ) ) ;
#788 = ADVANCED_FACE ( 'NONE', ( #599 ), #1459, .F. ) ;
#789 = VERTEX_POINT ( 'NONE', #1337 ) ;
#790 = CARTESIAN_POINT ( 'NONE',  ( 1.100000000000000089, -0.3875000000000000111, -0.4049999999999999711 ) ) ;
#791 = DIRECTION ( 'NONE',  ( -0.000000000000000000, 1.000000000000000000, 0.000000000000000000 ) ) ;
#792 = ORIENTED_EDGE ( 'NONE', *, *, #181, .T. ) ;
#793 = UNCERTAINTY_MEASURE_WITH_UNIT (LENGTH_MEASURE( 1.000000000000000082E-05 ), #439, 'distance_accuracy_value', 'NONE');
#794 = COLOUR_RGB ( '',0.9019607843137255054, 0.7098039215686274828, 0.4392156862745097978 ) ;
#795 = LINE ( 'NONE', #1253, #1170 ) ;
#796 = VECTOR ( 'NONE', #142, 1000.000000000000000 ) ;
#797 = VECTOR ( 'NONE', #1197, 1000.000000000000000 ) ;
#798 = FILL_AREA_STYLE_COLOUR ( '', #569 ) ;
#799 = PRESENTATION_STYLE_ASSIGNMENT (( #96 ) ) ;
#800 = VERTEX_POINT ( 'NONE', #241 ) ;
#801 = EDGE_CURVE ( 'NONE', #593, #1482, #730, .T. ) ;
#802 = LINE ( 'NONE', #292, #5 ) ;
#803 = DIRECTION ( 'NONE',  ( 0.000000000000000000, 0.000000000000000000, 1.000000000000000000 ) ) ;
#804 = VERTEX_POINT ( 'NONE', #989 ) ;
#805 = EDGE_LOOP ( 'NONE', ( #424, #575, #823, #180 ) ) ;
#806 = CARTESIAN_POINT ( 'NONE',  ( -1.600000000000000089, -0.3575000000000000400, 1.250000000000000000 ) ) ;
#807 = PRESENTATION_STYLE_ASSIGNMENT (( #64 ) ) ;
#808 = CARTESIAN_POINT ( 'NONE',  ( 1.600000000000000089, -0.3575000000000000400, 1.250000000000000000 ) ) ;
#809 =( NAMED_UNIT ( * ) PLANE_ANGLE_UNIT ( ) SI_UNIT ( $, .RADIAN. ) );
#810 = ORIENTED_EDGE ( 'NONE', *, *, #1340, .T. ) ;
#811 = DIRECTION ( 'NONE',  ( 0.000000000000000000, -1.000000000000000000, 0.000000000000000000 ) ) ;
#812 = CARTESIAN_POINT ( 'NONE',  ( 1.600000000000000089, -0.3875000000000000111, -1.250000000000000000 ) ) ;
#813 = VERTEX_POINT ( 'NONE', #135 ) ;
#814 = DIRECTION ( 'NONE',  ( -1.000000000000000000, 0.000000000000000000, 2.168404344971010101E-16 ) ) ;
#815 = EDGE_CURVE ( 'NONE', #524, #1323, #1356, .T. ) ;
#816 = ORIENTED_EDGE ( 'NONE', *, *, #503, .F. ) ;
#817 = VECTOR ( 'NONE', #458, 1000.000000000000000 ) ;
#818 = CARTESIAN_POINT ( 'NONE',  ( 1.600000000000000089, 0.5624999999999998890, -1.250000000000000000 ) ) ;
#819 = UNCERTAINTY_MEASURE_WITH_UNIT (LENGTH_MEASURE( 1.000000000000000082E-05 ), #1436, 'distance_accuracy_value', 'NONE');
#820 = VERTEX_POINT ( 'NONE', #391 ) ;
#821 = DIRECTION ( 'NONE',  ( 0.000000000000000000, 1.000000000000000000, 0.000000000000000000 ) ) ;
#822 = PRESENTATION_STYLE_ASSIGNMENT (( #687 ) ) ;
#823 = ORIENTED_EDGE ( 'NONE', *, *, #633, .F. ) ;
#824 = DIRECTION ( 'NONE',  ( 0.000000000000000000, -1.000000000000000000, 0.000000000000000000 ) ) ;
#825 = DIRECTION ( 'NONE',  ( 0.000000000000000000, 0.000000000000000000, -1.000000000000000000 ) ) ;
#826 = EDGE_CURVE ( 'NONE', #1193, #800, #15, .T. ) ;
#827 =( GEOMETRIC_REPRESENTATION_CONTEXT ( 3 ) GLOBAL_UNCERTAINTY_ASSIGNED_CONTEXT ( ( #682 ) ) GLOBAL_UNIT_ASSIGNED_CONTEXT ( ( #21, #374, #256 ) ) REPRESENTATION_CONTEXT ( 'NONE', 'WORKASPACE' ) );
#828 = CARTESIAN_POINT ( 'NONE',  ( 1.100000000000000089, -0.3875000000000000111, 0.3049999999999999933 ) ) ;
#829 =( NAMED_UNIT ( * ) SI_UNIT ( $, .STERADIAN. ) SOLID_ANGLE_UNIT ( ) );
#830 = ORIENTED_EDGE ( 'NONE', *, *, #815, .T. ) ;
#831 =( NAMED_UNIT ( * ) SI_UNIT ( $, .STERADIAN. ) SOLID_ANGLE_UNIT ( ) );
#832 = DIRECTION ( 'NONE',  ( 1.000000000000000000, 0.000000000000000000, 5.132317976262739820E-16 ) ) ;
#833 = ORIENTED_EDGE ( 'NONE', *, *, #1187, .T. ) ;
#834 = CARTESIAN_POINT ( 'NONE',  ( 1.350000000000000089, -0.3775000000000000022, -0.07500000000000002498 ) ) ;
#835 = VERTEX_POINT ( 'NONE', #638 ) ;
#836 = VECTOR ( 'NONE', #208, 1000.000000000000000 ) ;
#837 = LINE ( 'NONE', #603, #1437 ) ;
#838 = LINE ( 'NONE', #1438, #506 ) ;
#839 = EDGE_CURVE ( 'NONE', #1294, #263, #766, .T. ) ;
#840 = VERTEX_POINT ( 'NONE', #874 ) ;
#841 = CARTESIAN_POINT ( 'NONE',  ( -1.600000000000000089, -0.3575000000000000400, 1.250000000000000000 ) ) ;
#842 = ORIENTED_EDGE ( 'NONE', *, *, #1199, .T. ) ;
#843 = EDGE_LOOP ( 'NONE', ( #856, #63, #654, #760 ) ) ;
#844 = DIRECTION ( 'NONE',  ( 0.000000000000000000, 0.000000000000000000, 1.000000000000000000 ) ) ;
#845 = VECTOR ( 'NONE', #883, 1000.000000000000000 ) ;
#846 = ORIENTED_EDGE ( 'NONE', *, *, #388, .F. ) ;
#847 = LINE ( 'NONE', #1217, #1479 ) ;
#848 = STYLED_ITEM ( 'NONE', ( #169 ), #44 ) ;
#849 = LINE ( 'NONE', #1550, #385 ) ;
#850 =( LENGTH_UNIT ( ) NAMED_UNIT ( * ) SI_UNIT ( .MILLI., .METRE. ) );
#851 = CARTESIAN_POINT ( 'NONE',  ( 1.600000000000000089, 0.5374999999999999778, 0.000000000000000000 ) ) ;
#852 = MECHANICAL_DESIGN_GEOMETRIC_PRESENTATION_REPRESENTATION (  '', ( #999 ), #1124 ) ;
#853 = VERTEX_POINT ( 'NONE', #1472 ) ;
#854 = VECTOR ( 'NONE', #1177, 1000.000000000000000 ) ;
#855 = DIRECTION ( 'NONE',  ( 0.000000000000000000, 0.000000000000000000, -1.000000000000000000 ) ) ;
#856 = ORIENTED_EDGE ( 'NONE', *, *, #614, .F. ) ;
#857 = CARTESIAN_POINT ( 'NONE',  ( 1.600000000000000089, -0.3575000000000000400, 1.250000000000000000 ) ) ;
#858 = VECTOR ( 'NONE', #1489, 1000.000000000000000 ) ;
#859 = DIRECTION ( 'NONE',  ( 0.000000000000000000, -1.000000000000000000, 0.000000000000000000 ) ) ;
#860 = VECTOR ( 'NONE', #621, 1000.000000000000000 ) ;
#861 = VECTOR ( 'NONE', #84, 1000.000000000000000 ) ;
#862 = ORIENTED_EDGE ( 'NONE', *, *, #345, .T. ) ;
#863 = CARTESIAN_POINT ( 'NONE',  ( 1.600000000000000089, 0.5374999999999999778, 1.250000000000000000 ) ) ;
#864 = EDGE_CURVE ( 'NONE', #1125, #1099, #1009, .T. ) ;
#865 = CARTESIAN_POINT ( 'NONE',  ( -1.350000000000000089, -0.3775000000000000022, 0.1000000000000000056 ) ) ;
#866 = LINE ( 'NONE', #20, #390 ) ;
#867 = CARTESIAN_POINT ( 'NONE',  ( -1.600000000000000089, -0.3775000000000000022, -0.07500000000000002498 ) ) ;
#868 = CARTESIAN_POINT ( 'NONE',  ( -1.600000000000000089, -0.3875000000000000111, 0.07500000000000001110 ) ) ;
#869 = DIRECTION ( 'NONE',  ( 0.000000000000000000, 1.000000000000000000, 0.000000000000000000 ) ) ;
#870 = ADVANCED_FACE ( 'NONE', ( #157 ), #1481, .F. ) ;
#871 = FILL_AREA_STYLE_COLOUR ( '', #489 ) ;
#872 = VERTEX_POINT ( 'NONE', #264 ) ;
#873 = VECTOR ( 'NONE', #432, 1000.000000000000000 ) ;
#874 = CARTESIAN_POINT ( 'NONE',  ( 1.600000000000000089, 0.5374999999999999778, -1.250000000000000000 ) ) ;
#875 = VERTEX_POINT ( 'NONE', #1493 ) ;
#876 = DIRECTION ( 'NONE',  ( 0.000000000000000000, 1.000000000000000000, 0.000000000000000000 ) ) ;
#877 = CARTESIAN_POINT ( 'NONE',  ( -1.600000000000000089, -0.3875000000000000111, 1.250000000000000000 ) ) ;
#878 = DIRECTION ( 'NONE',  ( -1.000000000000000000, 0.000000000000000000, 0.000000000000000000 ) ) ;
#879 = AXIS2_PLACEMENT_3D ( 'NONE', #1348, #260, #1114 ) ;
#880 = EDGE_CURVE ( 'NONE', #453, #875, #748, .T. ) ;
#881 = VERTEX_POINT ( 'NONE', #754 ) ;
#882 = CARTESIAN_POINT ( 'NONE',  ( -1.600000000000000089, -0.3824999999999999512, 0.000000000000000000 ) ) ;
#883 = DIRECTION ( 'NONE',  ( 1.000000000000000000, 0.000000000000000000, 0.000000000000000000 ) ) ;
#884 = CARTESIAN_POINT ( 'NONE',  ( 0.000000000000000000, 0.5374999999999999778, 1.250000000000000000 ) ) ;
#885 = CARTESIAN_POINT ( 'NONE',  ( -0.8820642220326490035, 0.5624999999999998890, 0.05055308782400650541 ) ) ;
#886 = AXIS2_PLACEMENT_3D ( 'NONE', #891, #904, #1497 ) ;
#887 = ORIENTED_EDGE ( 'NONE', *, *, #1515, .F. ) ;
#888 = CARTESIAN_POINT ( 'NONE',  ( -1.600000000000000089, 0.5374999999999999778, 1.250000000000000000 ) ) ;
#889 = CARTESIAN_POINT ( 'NONE',  ( -1.600000000000000089, -0.3775000000000000022, 0.4049999999999999711 ) ) ;
#890 = ORIENTED_EDGE ( 'NONE', *, *, #482, .T. ) ;
#891 = CARTESIAN_POINT ( 'NONE',  ( -1.600000000000000089, 0.5374999999999999778, -1.250000000000000000 ) ) ;
#892 = LINE ( 'NONE', #420, #535 ) ;
#893 = ORIENTED_EDGE ( 'NONE', *, *, #1007, .F. ) ;
#894 = CARTESIAN_POINT ( 'NONE',  ( 1.000000000000000000, -0.3775000000000000022, 0.3049999999999999933 ) ) ;
#895 = LINE ( 'NONE', #53, #659 ) ;
#896 = EDGE_LOOP ( 'NONE', ( #1180, #247, #1243, #1471 ) ) ;
#897 = ADVANCED_FACE ( 'NONE', ( #1111 ), #776, .T. ) ;
#898 = LINE ( 'NONE', #763, #845 ) ;
#899 = DIRECTION ( 'NONE',  ( 0.000000000000000000, 0.000000000000000000, 1.000000000000000000 ) ) ;
#900 = AXIS2_PLACEMENT_3D ( 'NONE', #302, #1533, #666 ) ;
#901 = DIRECTION ( 'NONE',  ( 0.000000000000000000, 0.000000000000000000, -1.000000000000000000 ) ) ;
#902 = SURFACE_STYLE_USAGE ( .BOTH. , #1258 ) ;
#903 = VERTEX_POINT ( 'NONE', #867 ) ;
#904 = DIRECTION ( 'NONE',  ( 0.000000000000000000, 0.000000000000000000, 1.000000000000000000 ) ) ;
#905 = EDGE_CURVE ( 'NONE', #1202, #364, #496, .T. ) ;
#906 = DIRECTION ( 'NONE',  ( 0.000000000000000000, 1.000000000000000000, 0.000000000000000000 ) ) ;
#907 = FILL_AREA_STYLE_COLOUR ( '', #487 ) ;
#908 = VECTOR ( 'NONE', #913, 1000.000000000000000 ) ;
#909 = VERTEX_POINT ( 'NONE', #1371 ) ;
#910 = CARTESIAN_POINT ( 'NONE',  ( 1.000000000000000000, -0.3775000000000000022, 0.3049999999999999933 ) ) ;
#911 = ORIENTED_EDGE ( 'NONE', *, *, #405, .T. ) ;
#912 = DIRECTION ( 'NONE',  ( 1.000000000000000000, 0.000000000000000000, 0.000000000000000000 ) ) ;
#913 = DIRECTION ( 'NONE',  ( 0.000000000000000000, 1.000000000000000000, 0.000000000000000000 ) ) ;
#914 = EDGE_CURVE ( 'NONE', #114, #1125, #1136, .T. ) ;
#915 = CARTESIAN_POINT ( 'NONE',  ( 1.100000000000000089, -0.3875000000000000111, 0.4049999999999999711 ) ) ;
#916 = VERTEX_POINT ( 'NONE', #277 ) ;
#917 = AXIS2_PLACEMENT_3D ( 'NONE', #78, #1063, #696 ) ;
#918 = FILL_AREA_STYLE ('',( #147 ) ) ;
#919 = ORIENTED_EDGE ( 'NONE', *, *, #761, .T. ) ;
#920 = PLANE ( 'NONE',  #976 ) ;
#921 = UNCERTAINTY_MEASURE_WITH_UNIT (LENGTH_MEASURE( 1.000000000000000082E-05 ), #850, 'distance_accuracy_value', 'NONE');
#922 = VECTOR ( 'NONE', #447, 1000.000000000000000 ) ;
#923 = ORIENTED_EDGE ( 'NONE', *, *, #826, .T. ) ;
#924 = CARTESIAN_POINT ( 'NONE',  ( -1.272543245224966979, 0.5624999999999998890, -0.1516592634720195232 ) ) ;
#925 = VECTOR ( 'NONE', #1365, 1000.000000000000000 ) ;
#926 = UNCERTAINTY_MEASURE_WITH_UNIT (LENGTH_MEASURE( 1.000000000000000082E-05 ), #1296, 'distance_accuracy_value', 'NONE');
#927 = AXIS2_PLACEMENT_3D ( 'NONE', #1552, #449, #931 ) ;
#928 = MANIFOLD_SOLID_BREP ( 'NONE', #934 ) ;
#929 = PLANE ( 'NONE',  #448 ) ;
#930 = ADVANCED_FACE ( 'NONE', ( #1105 ), #32, .F. ) ;
#931 = DIRECTION ( 'NONE',  ( 0.000000000000000000, 1.000000000000000000, 0.000000000000000000 ) ) ;
#932 = VECTOR ( 'NONE', #326, 1000.000000000000000 ) ;
#933 = ORIENTED_EDGE ( 'NONE', *, *, #441, .T. ) ;
#934 = CLOSED_SHELL ( 'NONE', ( #984, #1370, #398, #467, #335, #1505 ) ) ;
#935 = PLANE ( 'NONE',  #718 ) ;
#936 = VERTEX_POINT ( 'NONE', #1298 ) ;
#937 = ORIENTED_EDGE ( 'NONE', *, *, #826, .F. ) ;
#938 = CARTESIAN_POINT ( 'NONE',  ( -1.000000000000000000, -0.3875000000000000111, 0.3049999999999999933 ) ) ;
#939 = DIRECTION ( 'NONE',  ( 1.000000000000000000, 0.000000000000000000, -2.168404344971010101E-16 ) ) ;
#940 = ORIENTED_EDGE ( 'NONE', *, *, #1449, .F. ) ;
#941 = EDGE_CURVE ( 'NONE', #101, #916, #802, .T. ) ;
#942 = DIRECTION ( 'NONE',  ( 0.000000000000000000, 0.000000000000000000, 1.000000000000000000 ) ) ;
#943 = DIRECTION ( 'NONE',  ( 0.000000000000000000, -1.000000000000000000, 0.000000000000000000 ) ) ;
#944 = EDGE_CURVE ( 'NONE', #1404, #804, #299, .T. ) ;
#945 = ORIENTED_EDGE ( 'NONE', *, *, #1424, .T. ) ;
#946 = VECTOR ( 'NONE', #252, 1000.000000000000000 ) ;
#947 = CARTESIAN_POINT ( 'NONE',  ( -1.600000000000000089, 0.5624999999999998890, 1.250000000000000000 ) ) ;
#948 = PLANE ( 'NONE',  #235 ) ;
#949 = DIRECTION ( 'NONE',  ( 0.000000000000000000, 0.000000000000000000, 1.000000000000000000 ) ) ;
#950 = CARTESIAN_POINT ( 'NONE',  ( -1.100000000000000089, -0.3875000000000000111, -0.4049999999999999711 ) ) ;
#951 = ORIENTED_EDGE ( 'NONE', *, *, #1151, .T. ) ;
#952 = CARTESIAN_POINT ( 'NONE',  ( 1.100000000000000089, -0.3775000000000000022, -0.3049999999999999933 ) ) ;
#953 = CARTESIAN_POINT ( 'NONE',  ( 1.600000000000000089, -0.3775000000000000022, 1.250000000000000000 ) ) ;
#954 = VERTEX_POINT ( 'NONE', #1279 ) ;
#955 = FACE_OUTER_BOUND ( 'NONE', #565, .T. ) ;
#956 = PLANE ( 'NONE',  #1528 ) ;
#957 = EDGE_CURVE ( 'NONE', #714, #963, #1051, .T. ) ;
#958 = VECTOR ( 'NONE', #1264, 1000.000000000000000 ) ;
#959 = VERTEX_POINT ( 'NONE', #431 ) ;
#960 = DIRECTION ( 'NONE',  ( 0.000000000000000000, 0.000000000000000000, 1.000000000000000000 ) ) ;
#961 = CARTESIAN_POINT ( 'NONE',  ( -2.439454888092369569E-17, -0.3775000000000000022, 0.07499999999999949762 ) ) ;
#962 = ORIENTED_EDGE ( 'NONE', *, *, #681, .F. ) ;
#963 = VERTEX_POINT ( 'NONE', #1162 ) ;
#964 = AXIS2_PLACEMENT_3D ( 'NONE', #780, #1148, #526 ) ;
#965 = CARTESIAN_POINT ( 'NONE',  ( 0.000000000000000000, -0.3824999999999999512, 0.000000000000000000 ) ) ;
#966 = DIRECTION ( 'NONE',  ( 0.000000000000000000, -1.000000000000000000, 0.000000000000000000 ) ) ;
#967 = DIRECTION ( 'NONE',  ( 0.000000000000000000, 0.000000000000000000, 1.000000000000000000 ) ) ;
#968 = EDGE_CURVE ( 'NONE', #800, #881, #1290, .T. ) ;
#969 = ADVANCED_FACE ( 'NONE', ( #443 ), #1100, .F. ) ;
#970 = ORIENTED_EDGE ( 'NONE', *, *, #1261, .T. ) ;
#971 = PRESENTATION_STYLE_ASSIGNMENT (( #703 ) ) ;
#972 = FACE_OUTER_BOUND ( 'NONE', #1073, .T. ) ;
#973 = PLANE ( 'NONE',  #1086 ) ;
#974 = CARTESIAN_POINT ( 'NONE',  ( 1.600000000000000089, -0.3824999999999999512, 0.000000000000000000 ) ) ;
#975 = DIRECTION ( 'NONE',  ( 1.000000000000000000, 0.000000000000000000, 0.000000000000000000 ) ) ;
#976 = AXIS2_PLACEMENT_3D ( 'NONE', #1423, #206, #1153 ) ;
#977 = EDGE_LOOP ( 'NONE', ( #1248, #1129, #1300, #97 ) ) ;
#978 = FACE_OUTER_BOUND ( 'NONE', #401, .T. ) ;
#979 = DIRECTION ( 'NONE',  ( -1.000000000000000000, 0.000000000000000000, 0.000000000000000000 ) ) ;
#980 = LINE ( 'NONE', #118, #1490 ) ;
#981 =( GEOMETRIC_REPRESENTATION_CONTEXT ( 3 ) GLOBAL_UNCERTAINTY_ASSIGNED_CONTEXT ( ( #793 ) ) GLOBAL_UNIT_ASSIGNED_CONTEXT ( ( #439, #809, #829 ) ) REPRESENTATION_CONTEXT ( 'NONE', 'WORKASPACE' ) );
#982 = STYLED_ITEM ( 'NONE', ( #145 ), #928 ) ;
#983 = ORIENTED_EDGE ( 'NONE', *, *, #9, .T. ) ;
#984 = ADVANCED_FACE ( 'NONE', ( #1205 ), #948, .F. ) ;
#985 = DIRECTION ( 'NONE',  ( 1.000000000000000000, 0.000000000000000000, 2.168404344971010101E-16 ) ) ;
#986 =( GEOMETRIC_REPRESENTATION_CONTEXT ( 3 ) GLOBAL_UNCERTAINTY_ASSIGNED_CONTEXT ( ( #73 ) ) GLOBAL_UNIT_ASSIGNED_CONTEXT ( ( #62, #1513, #1181 ) ) REPRESENTATION_CONTEXT ( 'NONE', 'WORKASPACE' ) );
#987 = CARTESIAN_POINT ( 'NONE',  ( 1.600000000000000089, -0.3775000000000000022, -1.250000000000000000 ) ) ;
#988 = ORIENTED_EDGE ( 'NONE', *, *, #968, .T. ) ;
#989 = CARTESIAN_POINT ( 'NONE',  ( -1.100000000000000089, -0.3875000000000000111, -0.4049999999999999711 ) ) ;
#990 = FILL_AREA_STYLE_COLOUR ( '', #105 ) ;
#991 = EDGE_CURVE ( 'NONE', #81, #909, #1318, .T. ) ;
#992 = CARTESIAN_POINT ( 'NONE',  ( -1.350000000000000089, -0.3875000000000000111, 0.07499999999999992784 ) ) ;
#993 =( GEOMETRIC_REPRESENTATION_CONTEXT ( 3 ) GLOBAL_UNCERTAINTY_ASSIGNED_CONTEXT ( ( #926 ) ) GLOBAL_UNIT_ASSIGNED_CONTEXT ( ( #1296, #781, #1526 ) ) REPRESENTATION_CONTEXT ( 'NONE', 'WORKASPACE' ) );
#994 = VERTEX_POINT ( 'NONE', #1107 ) ;
#995 = CARTESIAN_POINT ( 'NONE',  ( 1.600000000000000089, -0.3875000000000000111, -0.3049999999999999933 ) ) ;
#996 = CARTESIAN_POINT ( 'NONE',  ( 0.000000000000000000, -0.3575000000000000400, 0.000000000000000000 ) ) ;
#997 = EDGE_CURVE ( 'NONE', #729, #114, #28, .T. ) ;
#998 = FACE_OUTER_BOUND ( 'NONE', #977, .T. ) ;
#999 = STYLED_ITEM ( 'NONE', ( #268 ), #1445 ) ;
#1000 = DIRECTION ( 'NONE',  ( -1.000000000000000000, 0.000000000000000000, 0.000000000000000000 ) ) ;
#1001 = CIRCLE ( 'NONE', #747, 0.09999999999999999167 ) ;
#1002 = CARTESIAN_POINT ( 'NONE',  ( -1.600000000000000089, 0.5624999999999998890, -1.250000000000000000 ) ) ;
#1003 = FACE_OUTER_BOUND ( 'NONE', #673, .T. ) ;
#1004 = DIRECTION ( 'NONE',  ( 0.000000000000000000, 0.000000000000000000, -1.000000000000000000 ) ) ;
#1005 = FACE_OUTER_BOUND ( 'NONE', #165, .T. ) ;
#1006 = EDGE_CURVE ( 'NONE', #442, #729, #1570, .T. ) ;
#1007 = EDGE_CURVE ( 'NONE', #1135, #593, #1325, .T. ) ;
#1008 = CARTESIAN_POINT ( 'NONE',  ( 1.350000000000000089, -0.3875000000000000111, 0.000000000000000000 ) ) ;
#1009 = LINE ( 'NONE', #894, #925 ) ;
#1010 = DIRECTION ( 'NONE',  ( 0.000000000000000000, 0.000000000000000000, 1.000000000000000000 ) ) ;
#1011 = EDGE_LOOP ( 'NONE', ( #351, #585, #1406, #518 ) ) ;
#1012 = DIRECTION ( 'NONE',  ( 0.000000000000000000, 0.000000000000000000, 1.000000000000000000 ) ) ;
#1013 = CARTESIAN_POINT ( 'NONE',  ( -1.350000000000000089, -0.3875000000000000111, -0.07500000000000002498 ) ) ;
#1014 = B_SPLINE_CURVE_WITH_KNOTS ( 'NONE', 3,
 ( #1238, #540, #885, #437 ),
 .UNSPECIFIED., .F., .F.,
 ( 4, 4 ),
 ( 0.000000000000000000, 1.000000000000000000 ),
 .UNSPECIFIED. ) ;
#1015 = COLOUR_RGB ( '',0.9019607843137255054, 0.7098039215686274828, 0.4392156862745097978 ) ;
#1016 = ORIENTED_EDGE ( 'NONE', *, *, #662, .T. ) ;
#1017 = EDGE_CURVE ( 'NONE', #1450, #197, #740, .T. ) ;
#1018 = VERTEX_POINT ( 'NONE', #474 ) ;
#1019 = CARTESIAN_POINT ( 'NONE',  ( -1.600000000000000089, 0.5374999999999999778, 1.250000000000000000 ) ) ;
#1020 = FACE_OUTER_BOUND ( 'NONE', #338, .T. ) ;
#1021 = PLANE ( 'NONE',  #774 ) ;
#1022 = DIRECTION ( 'NONE',  ( 0.000000000000000000, 0.000000000000000000, -1.000000000000000000 ) ) ;
#1023 = PRESENTATION_LAYER_ASSIGNMENT (  '', '', ( #999 ) ) ;
#1024 = LINE ( 'NONE', #1032, #387 ) ;
#1025 = ORIENTED_EDGE ( 'NONE', *, *, #1539, .F. ) ;
#1026 = PRESENTATION_LAYER_ASSIGNMENT (  '', '', ( #49 ) ) ;
#1027 = DIRECTION ( 'NONE',  ( -2.168404344971010101E-16, 0.000000000000000000, -1.000000000000000000 ) ) ;
#1028 = LINE ( 'NONE', #511, #209 ) ;
#1029 = PRESENTATION_STYLE_ASSIGNMENT (( #414 ) ) ;
#1030 = PRESENTATION_LAYER_ASSIGNMENT (  '', '', ( #1508 ) ) ;
#1031 = VERTEX_POINT ( 'NONE', #596 ) ;
#1032 = CARTESIAN_POINT ( 'NONE',  ( 0.000000000000000000, 0.5374999999999999778, -1.250000000000000000 ) ) ;
#1033 = ORIENTED_EDGE ( 'NONE', *, *, #573, .F. ) ;
#1034 = UNCERTAINTY_MEASURE_WITH_UNIT (LENGTH_MEASURE( 1.000000000000000082E-05 ), #784, 'distance_accuracy_value', 'NONE');
#1035 = LINE ( 'NONE', #426, #602 ) ;
#1036 = FILL_AREA_STYLE ('',( #871 ) ) ;
#1037 = EDGE_CURVE ( 'NONE', #909, #813, #1084, .T. ) ;
#1038 = CARTESIAN_POINT ( 'NONE',  ( -1.600000000000000089, -0.3875000000000000111, 0.000000000000000000 ) ) ;
#1039 = FILL_AREA_STYLE ('',( #798 ) ) ;
#1040 = LINE ( 'NONE', #950, #112 ) ;
#1041 = STYLED_ITEM ( 'NONE', ( #1065 ), #382 ) ;
#1042 = ORIENTED_EDGE ( 'NONE', *, *, #1364, .T. ) ;
#1043 = DIRECTION ( 'NONE',  ( 1.000000000000000000, 0.000000000000000000, 0.000000000000000000 ) ) ;
#1044 = VERTEX_POINT ( 'NONE', #228 ) ;
#1045 = LINE ( 'NONE', #1521, #612 ) ;
#1046 = EDGE_LOOP ( 'NONE', ( #417, #13, #422, #43 ) ) ;
#1047 = FACE_OUTER_BOUND ( 'NONE', #1062, .T. ) ;
#1048 = EDGE_CURVE ( 'NONE', #994, #1193, #717, .T. ) ;
#1049 =( GEOMETRIC_REPRESENTATION_CONTEXT ( 3 ) GLOBAL_UNCERTAINTY_ASSIGNED_CONTEXT ( ( #1501 ) ) GLOBAL_UNIT_ASSIGNED_CONTEXT ( ( #75, #291, #1149 ) ) REPRESENTATION_CONTEXT ( 'NONE', 'WORKASPACE' ) );
#1050 = ORIENTED_EDGE ( 'NONE', *, *, #296, .F. ) ;
#1051 = LINE ( 'NONE', #182, #658 ) ;
#1052 = CARTESIAN_POINT ( 'NONE',  ( 1.100000000000000089, -0.3775000000000000022, 0.4049999999999999711 ) ) ;
#1053 = ORIENTED_EDGE ( 'NONE', *, *, #113, .F. ) ;
#1054 = PRESENTATION_LAYER_ASSIGNMENT (  '', '', ( #1374 ) ) ;
#1055 = ORIENTED_EDGE ( 'NONE', *, *, #55, .T. ) ;
#1056 = DIRECTION ( 'NONE',  ( 1.000000000000000000, 0.000000000000000000, 2.168404344971010101E-16 ) ) ;
#1057 = CARTESIAN_POINT ( 'NONE',  ( 0.000000000000000000, -0.3775000000000000022, 0.000000000000000000 ) ) ;
#1058 = VECTOR ( 'NONE', #803, 1000.000000000000000 ) ;
#1059 = PRODUCT_RELATED_PRODUCT_CATEGORY ( 'part', '', ( #1363 ) ) ;
#1060 = CARTESIAN_POINT ( 'NONE',  ( -1.077303733628808047, 0.5624999999999998890, 0.1516592634720195232 ) ) ;
#1061 = VECTOR ( 'NONE', #403, 1000.000000000000000 ) ;
#1062 = EDGE_LOOP ( 'NONE', ( #87, #1534, #1444, #222 ) ) ;
#1063 = DIRECTION ( 'NONE',  ( 1.000000000000000000, 0.000000000000000000, 0.000000000000000000 ) ) ;
#1064 = ORIENTED_EDGE ( 'NONE', *, *, #727, .T. ) ;
#1065 = PRESENTATION_STYLE_ASSIGNMENT (( #1274 ) ) ;
#1066 = ORIENTED_EDGE ( 'NONE', *, *, #405, .F. ) ;
#1067 = DIRECTION ( 'NONE',  ( 0.000000000000000000, 1.000000000000000000, 0.000000000000000000 ) ) ;
#1068 = DIRECTION ( 'NONE',  ( 0.000000000000000000, 1.000000000000000000, 0.000000000000000000 ) ) ;
#1069 = CARTESIAN_POINT ( 'NONE',  ( -1.467782756821125911, 0.5627499999999998614, 0.1516592634720195232 ) ) ;
#1070 = ORIENTED_EDGE ( 'NONE', *, *, #644, .T. ) ;
#1071 = ADVANCED_FACE ( 'NONE', ( #1093 ), #1212, .F. ) ;
#1072 = DIRECTION ( 'NONE',  ( 1.000000000000000000, 0.000000000000000000, 0.000000000000000000 ) ) ;
#1073 = EDGE_LOOP ( 'NONE', ( #970, #316, #862, #195, #505, #1183, #1016, #951, #1410, #933, #545, #556, #911, #1553, #1064, #1070 ) ) ;
#1074 = EDGE_LOOP ( 'NONE', ( #765, #988, #810, #68 ) ) ;
#1075 = CARTESIAN_POINT ( 'NONE',  ( 1.600000000000000089, -0.3775000000000000022, -0.4049999999999999711 ) ) ;
#1076 = DIRECTION ( 'NONE',  ( 0.000000000000000000, 0.000000000000000000, -1.000000000000000000 ) ) ;
#1077 = DIRECTION ( 'NONE',  ( 1.000000000000000000, 0.000000000000000000, 0.000000000000000000 ) ) ;
#1078 = VERTEX_POINT ( 'NONE', #610 ) ;
#1079 = CARTESIAN_POINT ( 'NONE',  ( 1.100000000000000089, -0.3875000000000000111, 1.250000000000000000 ) ) ;
#1080 = CARTESIAN_POINT ( 'NONE',  ( -0.8820642220326490035, 0.5627499999999998614, 0.1516592634720195232 ) ) ;
#1081 = ORIENTED_EDGE ( 'NONE', *, *, #521, .T. ) ;
#1082 = SURFACE_STYLE_FILL_AREA ( #1329 ) ;
#1083 = FACE_OUTER_BOUND ( 'NONE', #805, .T. ) ;
#1084 = LINE ( 'NONE', #868, #1462 ) ;
#1085 = EDGE_CURVE ( 'NONE', #840, #1482, #726, .T. ) ;
#1086 = AXIS2_PLACEMENT_3D ( 'NONE', #1569, #1228, #716 ) ;
#1087 = VECTOR ( 'NONE', #1072, 1000.000000000000000 ) ;
#1088 = ORIENTED_EDGE ( 'NONE', *, *, #839, .T. ) ;
#1089 = CARTESIAN_POINT ( 'NONE',  ( 1.600000000000000089, -0.3575000000000000400, 1.250000000000000000 ) ) ;
#1090 = VERTEX_POINT ( 'NONE', #236 ) ;
#1091 = CARTESIAN_POINT ( 'NONE',  ( -1.600000000000000089, 0.5374999999999999778, -1.250000000000000000 ) ) ;
#1092 = FILL_AREA_STYLE ('',( #219 ) ) ;
#1093 = FACE_OUTER_BOUND ( 'NONE', #843, .T. ) ;
#1094 = EDGE_CURVE ( 'NONE', #1259, #1164, #1001, .T. ) ;
#1095 = CARTESIAN_POINT ( 'NONE',  ( 0.000000000000000000, -0.3775000000000000022, 0.000000000000000000 ) ) ;
#1096 = PRESENTATION_LAYER_ASSIGNMENT (  '', '', ( #1041 ) ) ;
#1097 = DIRECTION ( 'NONE',  ( 0.000000000000000000, -1.000000000000000000, 0.000000000000000000 ) ) ;
#1098 = ADVANCED_FACE ( 'NONE', ( #1466 ), #3, .F. ) ;
#1099 = VERTEX_POINT ( 'NONE', #1229 ) ;
#1100 = PLANE ( 'NONE',  #692 ) ;
#1101 = DIRECTION ( 'NONE',  ( 0.000000000000000000, -1.000000000000000000, 0.000000000000000000 ) ) ;
#1102 = DIRECTION ( 'NONE',  ( -0.000000000000000000, 1.000000000000000000, 0.000000000000000000 ) ) ;
#1103 = AXIS2_PLACEMENT_3D ( 'NONE', #1095, #708, #855 ) ;
#1104 = ORIENTED_EDGE ( 'NONE', *, *, #1007, .T. ) ;
#1105 = FACE_OUTER_BOUND ( 'NONE', #1313, .T. ) ;
#1106 = DIRECTION ( 'NONE',  ( 1.000000000000000000, 0.000000000000000000, 0.000000000000000000 ) ) ;
#1107 = CARTESIAN_POINT ( 'NONE',  ( 1.600000000000000089, 0.5374999999999999778, -1.250000000000000000 ) ) ;
#1108 = VECTOR ( 'NONE', #304, 1000.000000000000000 ) ;
#1109 = VERTEX_POINT ( 'NONE', #130 ) ;
#1110 = EDGE_CURVE ( 'NONE', #714, #445, #1511, .T. ) ;
#1111 = FACE_OUTER_BOUND ( 'NONE', #1046, .T. ) ;
#1112 = SHAPE_DEFINITION_REPRESENTATION ( #146, #707 ) ;
#1113 = FACE_OUTER_BOUND ( 'NONE', #647, .T. ) ;
#1114 = DIRECTION ( 'NONE',  ( 0.000000000000000000, 1.000000000000000000, 0.000000000000000000 ) ) ;
#1115 = VECTOR ( 'NONE', #876, 1000.000000000000000 ) ;
#1116 = LINE ( 'NONE', #1008, #1484 ) ;
#1117 = SURFACE_STYLE_USAGE ( .BOTH. , #38 ) ;
#1118 = ORIENTED_EDGE ( 'NONE', *, *, #1110, .T. ) ;
#1119 = EDGE_CURVE ( 'NONE', #994, #530, #1519, .T. ) ;
#1120 = FACE_OUTER_BOUND ( 'NONE', #1562, .T. ) ;
#1121 = PLANE ( 'NONE',  #483 ) ;
#1122 = CARTESIAN_POINT ( 'NONE',  ( 1.600000000000000089, -0.3875000000000000111, -0.4049999999999999711 ) ) ;
#1123 = EDGE_CURVE ( 'NONE', #1150, #1146, #407, .T. ) ;
#1124 =( GEOMETRIC_REPRESENTATION_CONTEXT ( 3 ) GLOBAL_UNCERTAINTY_ASSIGNED_CONTEXT ( ( #1397 ) ) GLOBAL_UNIT_ASSIGNED_CONTEXT ( ( #759, #1352, #1247 ) ) REPRESENTATION_CONTEXT ( 'NONE', 'WORKASPACE' ) );
#1125 = VERTEX_POINT ( 'NONE', #910 ) ;
#1126 = VECTOR ( 'NONE', #1451, 1000.000000000000000 ) ;
#1127 = CARTESIAN_POINT ( 'NONE',  ( 1.600000000000000089, -0.3824999999999999512, 1.250000000000000000 ) ) ;
#1128 = CARTESIAN_POINT ( 'NONE',  ( -1.600000000000000089, 0.5374999999999999778, 1.250000000000000000 ) ) ;
#1129 = ORIENTED_EDGE ( 'NONE', *, *, #1241, .T. ) ;
#1130 = SURFACE_SIDE_STYLE ('',( #631 ) ) ;
#1131 = FACE_OUTER_BOUND ( 'NONE', #348, .T. ) ;
#1132 = CARTESIAN_POINT ( 'NONE',  ( 1.600000000000000089, 0.5624999999999998890, 1.250000000000000000 ) ) ;
#1133 = PRESENTATION_LAYER_ASSIGNMENT (  '', '', ( #31 ) ) ;
#1134 = VECTOR ( 'NONE', #397, 1000.000000000000000 ) ;
#1135 = VERTEX_POINT ( 'NONE', #1386 ) ;
#1136 = LINE ( 'NONE', #1249, #109 ) ;
#1137 = DIRECTION ( 'NONE',  ( -1.000000000000000000, 0.000000000000000000, -2.168404344971010101E-16 ) ) ;
#1138 = ORIENTED_EDGE ( 'NONE', *, *, #140, .F. ) ;
#1139 = CARTESIAN_POINT ( 'NONE',  ( 1.600000000000000089, -0.3875000000000000111, 1.250000000000000000 ) ) ;
#1140 = CARTESIAN_POINT ( 'NONE',  ( -1.600000000000000089, -0.3775000000000000022, -0.3049999999999999933 ) ) ;
#1141 = CARTESIAN_POINT ( 'NONE',  ( -1.467782756821125911, 0.5627499999999998614, -0.1516592634720195232 ) ) ;
#1142 = EDGE_CURVE ( 'NONE', #269, #840, #1024, .T. ) ;
#1143 = VECTOR ( 'NONE', #1514, 1000.000000000000000 ) ;
#1144 = ORIENTED_EDGE ( 'NONE', *, *, #1276, .F. ) ;
#1145 = EDGE_CURVE ( 'NONE', #1078, #714, #423, .T. ) ;
#1146 = VERTEX_POINT ( 'NONE', #164 ) ;
#1147 = CARTESIAN_POINT ( 'NONE',  ( -1.600000000000000089, -0.3875000000000000111, 1.250000000000000000 ) ) ;
#1148 = DIRECTION ( 'NONE',  ( -1.000000000000000000, 0.000000000000000000, 0.000000000000000000 ) ) ;
#1149 =( NAMED_UNIT ( * ) SI_UNIT ( $, .STERADIAN. ) SOLID_ANGLE_UNIT ( ) );
#1150 = VERTEX_POINT ( 'NONE', #1128 ) ;
#1151 = EDGE_CURVE ( 'NONE', #1044, #1202, #1272, .T. ) ;
#1152 = ORIENTED_EDGE ( 'NONE', *, *, #997, .T. ) ;
#1153 = DIRECTION ( 'NONE',  ( 1.000000000000000000, 0.000000000000000000, 0.000000000000000000 ) ) ;
#1154 = VECTOR ( 'NONE', #245, 1000.000000000000000 ) ;
#1155 = VECTOR ( 'NONE', #1280, 1000.000000000000000 ) ;
#1156 = DIRECTION ( 'NONE',  ( 0.000000000000000000, 1.000000000000000000, 0.000000000000000000 ) ) ;
#1157 = CARTESIAN_POINT ( 'NONE',  ( -1.350000000000000089, -0.3875000000000000111, -0.07500000000000001110 ) ) ;
#1158 = PLANE ( 'NONE',  #620 ) ;
#1159 = MECHANICAL_DESIGN_GEOMETRIC_PRESENTATION_REPRESENTATION (  '', ( #31 ), #986 ) ;
#1160 = PLANE ( 'NONE',  #927 ) ;
#1161 = ORIENTED_EDGE ( 'NONE', *, *, #753, .T. ) ;
#1162 = CARTESIAN_POINT ( 'NONE',  ( 1.600000000000000089, -0.3875000000000000111, -0.07500000000000001110 ) ) ;
#1163 = PLANE ( 'NONE',  #365 ) ;
#1164 = VERTEX_POINT ( 'NONE', #767 ) ;
#1165 = DIRECTION ( 'NONE',  ( 0.000000000000000000, 0.000000000000000000, 1.000000000000000000 ) ) ;
#1166 = ADVANCED_FACE ( 'NONE', ( #646 ), #1163, .F. ) ;
#1167 = ORIENTED_EDGE ( 'NONE', *, *, #914, .F. ) ;
#1168 = FILL_AREA_STYLE_COLOUR ( '', #1375 ) ;
#1169 = CARTESIAN_POINT ( 'NONE',  ( 1.600000000000000089, 0.5374999999999999778, 1.250000000000000000 ) ) ;
#1170 = VECTOR ( 'NONE', #779, 1000.000000000000000 ) ;
#1171 = VERTEX_POINT ( 'NONE', #653 ) ;
#1172 = PLANE ( 'NONE',  #512 ) ;
#1173 = VERTEX_POINT ( 'NONE', #313 ) ;
#1174 = CARTESIAN_POINT ( 'NONE',  ( 1.600000000000000089, -0.3875000000000000111, 0.07500000000000001110 ) ) ;
#1175 = EDGE_CURVE ( 'NONE', #936, #442, #895, .T. ) ;
#1176 = FILL_AREA_STYLE ('',( #907 ) ) ;
#1177 = DIRECTION ( 'NONE',  ( 0.000000000000000000, 0.000000000000000000, 1.000000000000000000 ) ) ;
#1178 = EDGE_LOOP ( 'NONE', ( #170, #737, #684, #1355 ) ) ;
#1179 = DIRECTION ( 'NONE',  ( 1.000000000000000000, 0.000000000000000000, -2.168404344971010101E-16 ) ) ;
#1180 = ORIENTED_EDGE ( 'NONE', *, *, #1350, .F. ) ;
#1181 =( NAMED_UNIT ( * ) SI_UNIT ( $, .STERADIAN. ) SOLID_ANGLE_UNIT ( ) );
#1182 = STYLED_ITEM ( 'NONE', ( #103 ), #1558 ) ;
#1183 = ORIENTED_EDGE ( 'NONE', *, *, #880, .T. ) ;
#1184 = FACE_OUTER_BOUND ( 'NONE', #1297, .T. ) ;
#1185 = VECTOR ( 'NONE', #286, 1000.000000000000000 ) ;
#1186 = LINE ( 'NONE', #327, #1430 ) ;
#1187 = EDGE_CURVE ( 'NONE', #1150, #269, #1502, .T. ) ;
#1188 = SURFACE_SIDE_STYLE ('',( #786 ) ) ;
#1189 = VECTOR ( 'NONE', #869, 1000.000000000000000 ) ;
#1190 = ORIENTED_EDGE ( 'NONE', *, *, #482, .F. ) ;
#1191 = FILL_AREA_STYLE_COLOUR ( '', #510 ) ;
#1192 = DIRECTION ( 'NONE',  ( 1.000000000000000000, 0.000000000000000000, 0.000000000000000000 ) ) ;
#1193 = VERTEX_POINT ( 'NONE', #60 ) ;
#1194 = CARTESIAN_POINT ( 'NONE',  ( -1.600000000000000089, -0.3824999999999999512, 1.250000000000000000 ) ) ;
#1195 = LINE ( 'NONE', #709, #922 ) ;
#1196 = ADVANCED_FACE ( 'NONE', ( #544 ), #1250, .F. ) ;
#1197 = DIRECTION ( 'NONE',  ( 0.000000000000000000, 1.000000000000000000, 0.000000000000000000 ) ) ;
#1198 = ORIENTED_EDGE ( 'NONE', *, *, #801, .T. ) ;
#1199 = EDGE_CURVE ( 'NONE', #279, #936, #400, .T. ) ;
#1200 = LINE ( 'NONE', #841, #562 ) ;
#1201 = AXIS2_PLACEMENT_3D ( 'NONE', #642, #1156, #1012 ) ;
#1202 = VERTEX_POINT ( 'NONE', #461 ) ;
#1203 = DIRECTION ( 'NONE',  ( 0.000000000000000000, 1.000000000000000000, 0.000000000000000000 ) ) ;
#1204 = DIRECTION ( 'NONE',  ( -0.000000000000000000, 1.000000000000000000, 0.000000000000000000 ) ) ;
#1205 = FACE_OUTER_BOUND ( 'NONE', #358, .T. ) ;
#1206 = ORIENTED_EDGE ( 'NONE', *, *, #1145, .F. ) ;
#1207 = PRODUCT_DEFINITION ( 'UNKNOWN', '', #719, #1522 ) ;
#1208 = FACE_OUTER_BOUND ( 'NONE', #577, .T. ) ;
#1209 = ORIENTED_EDGE ( 'NONE', *, *, #309, .F. ) ;
#1210 = VECTOR ( 'NONE', #444, 1000.000000000000000 ) ;
#1211 = SURFACE_STYLE_USAGE ( .BOTH. , #353 ) ;
#1212 = PLANE ( 'NONE',  #80 ) ;
#1213 = STYLED_ITEM ( 'NONE', ( #799 ), #1434 ) ;
#1214 = B_SPLINE_CURVE_WITH_KNOTS ( 'NONE', 3,
 ( #1524, #924, #436, #1415 ),
 .UNSPECIFIED., .F., .F.,
 ( 4, 4 ),
 ( 0.000000000000000000, 1.000000000000000000 ),
 .UNSPECIFIED. ) ;
#1215 = MECHANICAL_DESIGN_GEOMETRIC_PRESENTATION_REPRESENTATION (  '', ( #982 ), #827 ) ;
#1216 = AXIS2_PLACEMENT_3D ( 'NONE', #952, #191, #99 ) ;
#1217 = CARTESIAN_POINT ( 'NONE',  ( -1.350000000000000089, -0.3875000000000000111, 0.000000000000000000 ) ) ;
#1218 = FACE_OUTER_BOUND ( 'NONE', #896, .T. ) ;
#1219 = EDGE_CURVE ( 'NONE', #678, #1078, #196, .T. ) ;
#1220 = LINE ( 'NONE', #1427, #1225 ) ;
#1221 = VERTEX_POINT ( 'NONE', #1089 ) ;
#1222 = SURFACE_STYLE_FILL_AREA ( #623 ) ;
#1223 = VERTEX_POINT ( 'NONE', #1052 ) ;
#1224 = DIRECTION ( 'NONE',  ( 0.000000000000000000, -1.000000000000000000, 0.000000000000000000 ) ) ;
#1225 = VECTOR ( 'NONE', #384, 1000.000000000000000 ) ;
#1226 = LINE ( 'NONE', #757, #498 ) ;
#1227 = EDGE_LOOP ( 'NONE', ( #298, #226, #1322, #1209 ) ) ;
#1228 = DIRECTION ( 'NONE',  ( 1.000000000000000000, 0.000000000000000000, 0.000000000000000000 ) ) ;
#1229 = CARTESIAN_POINT ( 'NONE',  ( 1.000000000000000000, -0.3775000000000000022, -0.3049999999999999933 ) ) ;
#1230 = LINE ( 'NONE', #877, #817 ) ;
#1231 = PRESENTATION_LAYER_ASSIGNMENT (  '', '', ( #1499 ) ) ;
#1232 = VECTOR ( 'NONE', #1530, 1000.000000000000000 ) ;
#1233 = EDGE_CURVE ( 'NONE', #678, #1303, #1443, .T. ) ;
#1234 = ORIENTED_EDGE ( 'NONE', *, *, #244, .F. ) ;
#1235 = AXIS2_PLACEMENT_3D ( 'NONE', #1476, #386, #1360 ) ;
#1236 = PLANE ( 'NONE',  #328 ) ;
#1237 = LINE ( 'NONE', #137, #346 ) ;
#1238 = CARTESIAN_POINT ( 'NONE',  ( -0.8820642220326490035, 0.5627499999999998614, -0.1516592634720195232 ) ) ;
#1239 = ORIENTED_EDGE ( 'NONE', *, *, #181, .F. ) ;
#1240 = ADVANCED_FACE ( 'NONE', ( #972 ), #349, .T. ) ;
#1241 = EDGE_CURVE ( 'NONE', #1109, #279, #675, .T. ) ;
#1242 = CARTESIAN_POINT ( 'NONE',  ( 0.000000000000000000, -0.3875000000000000111, 0.000000000000000000 ) ) ;
#1243 = ORIENTED_EDGE ( 'NONE', *, *, #1470, .T. ) ;
#1244 = LINE ( 'NONE', #865, #65 ) ;
#1245 = DIRECTION ( 'NONE',  ( 0.000000000000000000, -1.000000000000000000, 0.000000000000000000 ) ) ;
#1246 =( GEOMETRIC_REPRESENTATION_CONTEXT ( 3 ) GLOBAL_UNCERTAINTY_ASSIGNED_CONTEXT ( ( #319 ) ) GLOBAL_UNIT_ASSIGNED_CONTEXT ( ( #91, #70, #655 ) ) REPRESENTATION_CONTEXT ( 'NONE', 'WORKASPACE' ) );
#1247 =( NAMED_UNIT ( * ) SI_UNIT ( $, .STERADIAN. ) SOLID_ANGLE_UNIT ( ) );
#1248 = ORIENTED_EDGE ( 'NONE', *, *, #1470, .F. ) ;
#1249 = CARTESIAN_POINT ( 'NONE',  ( 1.000000000000000000, -0.3875000000000000111, 0.3049999999999999933 ) ) ;
#1250 = CYLINDRICAL_SURFACE ( 'NONE', #178, 0.09999999999999999167 ) ;
#1251 = FILL_AREA_STYLE_COLOUR ( '', #354 ) ;
#1252 = EDGE_CURVE ( 'NONE', #445, #59, #1304, .T. ) ;
#1253 = CARTESIAN_POINT ( 'NONE',  ( -1.600000000000000089, -0.3875000000000000111, 0.07500000000000001110 ) ) ;
#1254 = CARTESIAN_POINT ( 'NONE',  ( -1.600000000000000089, -0.3575000000000000400, -1.250000000000000000 ) ) ;
#1255 = ORIENTED_EDGE ( 'NONE', *, *, #644, .F. ) ;
#1256 = AXIS2_PLACEMENT_3D ( 'NONE', #371, #1343, #251 ) ;
#1257 = DIRECTION ( 'NONE',  ( 0.000000000000000000, 0.000000000000000000, -1.000000000000000000 ) ) ;
#1258 = SURFACE_SIDE_STYLE ('',( #416 ) ) ;
#1259 = VERTEX_POINT ( 'NONE', #704 ) ;
#1260 = DIRECTION ( 'NONE',  ( 5.132317976262739820E-16, 0.000000000000000000, -1.000000000000000000 ) ) ;
#1261 = EDGE_CURVE ( 'NONE', #872, #101, #1563, .T. ) ;
#1262 = DIRECTION ( 'NONE',  ( -1.000000000000000000, 0.000000000000000000, 0.000000000000000000 ) ) ;
#1263 = VECTOR ( 'NONE', #677, 1000.000000000000000 ) ;
#1264 = DIRECTION ( 'NONE',  ( -1.000000000000000000, 0.000000000000000000, 0.000000000000000000 ) ) ;
#1265 = ORIENTED_EDGE ( 'NONE', *, *, #74, .T. ) ;
#1266 = DIRECTION ( 'NONE',  ( 0.000000000000000000, 0.000000000000000000, -1.000000000000000000 ) ) ;
#1267 = CARTESIAN_POINT ( 'NONE',  ( 1.600000000000000089, -0.3875000000000000111, 1.250000000000000000 ) ) ;
#1268 = ADVANCED_FACE ( 'NONE', ( #1432 ), #1172, .F. ) ;
#1269 = SURFACE_STYLE_USAGE ( .BOTH. , #1188 ) ;
#1270 = ORIENTED_EDGE ( 'NONE', *, *, #1241, .F. ) ;
#1271 = DIRECTION ( 'NONE',  ( -1.000000000000000000, 0.000000000000000000, 0.000000000000000000 ) ) ;
#1272 = LINE ( 'NONE', #889, #29 ) ;
#1273 = ORIENTED_EDGE ( 'NONE', *, *, #1525, .F. ) ;
#1274 = SURFACE_STYLE_USAGE ( .BOTH. , #1130 ) ;
#1275 = CARTESIAN_POINT ( 'NONE',  ( -1.600000000000000089, -0.3875000000000000111, -0.4049999999999999711 ) ) ;
#1276 = EDGE_CURVE ( 'NONE', #1146, #820, #1200, .T. ) ;
#1277 = VECTOR ( 'NONE', #670, 1000.000000000000000 ) ;
#1278 = ORIENTED_EDGE ( 'NONE', *, *, #490, .T. ) ;
#1279 = CARTESIAN_POINT ( 'NONE',  ( -1.467782756821125911, 0.5627499999999998614, -0.1516592634720195232 ) ) ;
#1280 = DIRECTION ( 'NONE',  ( 0.000000000000000000, 0.000000000000000000, -1.000000000000000000 ) ) ;
#1281 = VERTEX_POINT ( 'NONE', #106 ) ;
#1282 = VECTOR ( 'NONE', #1257, 1000.000000000000000 ) ;
#1283 = CIRCLE ( 'NONE', #722, 0.09999999999999999167 ) ;
#1284 = DIRECTION ( 'NONE',  ( -3.252606517456514781E-16, 0.000000000000000000, -1.000000000000000000 ) ) ;
#1285 = LINE ( 'NONE', #1075, #83 ) ;
#1286 = SURFACE_STYLE_FILL_AREA ( #295 ) ;
#1287 = DIRECTION ( 'NONE',  ( 0.000000000000000000, 1.000000000000000000, 0.000000000000000000 ) ) ;
#1288 = CARTESIAN_POINT ( 'NONE',  ( -1.600000000000000089, -0.3775000000000000022, 0.1000000000000000056 ) ) ;
#1289 = ORIENTED_EDGE ( 'NONE', *, *, #528, .F. ) ;
#1290 = LINE ( 'NONE', #674, #1232 ) ;
#1291 = DIRECTION ( 'NONE',  ( 0.000000000000000000, 0.000000000000000000, 1.000000000000000000 ) ) ;
#1292 = ORIENTED_EDGE ( 'NONE', *, *, #773, .F. ) ;
#1293 = LINE ( 'NONE', #1396, #1263 ) ;
#1294 = VERTEX_POINT ( 'NONE', #89 ) ;
#1295 = CARTESIAN_POINT ( 'NONE',  ( -1.350000000000000089, -0.3875000000000000111, -0.07500000000000001110 ) ) ;
#1296 =( LENGTH_UNIT ( ) NAMED_UNIT ( * ) SI_UNIT ( .MILLI., .METRE. ) );
#1297 = EDGE_LOOP ( 'NONE', ( #636, #129, #321, #40 ) ) ;
#1298 = CARTESIAN_POINT ( 'NONE',  ( 1.600000000000000089, -0.3875000000000000111, 1.250000000000000000 ) ) ;
#1299 = PLANE ( 'NONE',  #917 ) ;
#1300 = ORIENTED_EDGE ( 'NONE', *, *, #119, .T. ) ;
#1301 = ADVANCED_FACE ( 'NONE', ( #340 ), #935, .F. ) ;
#1302 = DIRECTION ( 'NONE',  ( -0.000000000000000000, 1.000000000000000000, 0.000000000000000000 ) ) ;
#1303 = VERTEX_POINT ( 'NONE', #224 ) ;
#1304 = LINE ( 'NONE', #582, #1126 ) ;
#1305 = ORIENTED_EDGE ( 'NONE', *, *, #201, .F. ) ;
#1306 = CARTESIAN_POINT ( 'NONE',  ( 1.350000000000000089, -0.3775000000000000022, 0.07499999999999992784 ) ) ;
#1307 = AXIS2_PLACEMENT_3D ( 'NONE', #1242, #762, #406 ) ;
#1308 = SURFACE_STYLE_FILL_AREA ( #1092 ) ;
#1309 = EDGE_CURVE ( 'NONE', #1425, #994, #554, .T. ) ;
#1310 = DIRECTION ( 'NONE',  ( 0.000000000000000000, 0.000000000000000000, -1.000000000000000000 ) ) ;
#1311 = SURFACE_STYLE_FILL_AREA ( #58 ) ;
#1312 = COLOUR_RGB ( '',0.6941176470588235059, 0.09803921568627450844, 0.09803921568627450844 ) ;
#1313 = EDGE_LOOP ( 'NONE', ( #154, #468, #1198, #230 ) ) ;
#1314 = CARTESIAN_POINT ( 'NONE',  ( -1.100000000000000089, -0.3875000000000000111, -0.3049999999999999933 ) ) ;
#1315 = CARTESIAN_POINT ( 'NONE',  ( 1.600000000000000089, -0.3875000000000000111, 0.07500000000000001110 ) ) ;
#1316 = EDGE_LOOP ( 'NONE', ( #460, #720, #90, #607 ) ) ;
#1317 = SURFACE_SIDE_STYLE ('',( #1082 ) ) ;
#1318 = LINE ( 'NONE', #1038, #259 ) ;
#1319 = EDGE_CURVE ( 'NONE', #697, #853, #322, .T. ) ;
#1320 = ORIENTED_EDGE ( 'NONE', *, *, #614, .T. ) ;
#1321 = DIRECTION ( 'NONE',  ( 0.000000000000000000, 0.000000000000000000, -1.000000000000000000 ) ) ;
#1322 = ORIENTED_EDGE ( 'NONE', *, *, #377, .T. ) ;
#1323 = VERTEX_POINT ( 'NONE', #812 ) ;
#1324 = DIRECTION ( 'NONE',  ( 0.000000000000000000, 1.000000000000000000, 0.000000000000000000 ) ) ;
#1325 = LINE ( 'NONE', #857, #1154 ) ;
#1326 = ORIENTED_EDGE ( 'NONE', *, *, #914, .T. ) ;
#1327 = ADVANCED_FACE ( 'NONE', ( #1208 ), #1299, .F. ) ;
#1328 = DIRECTION ( 'NONE',  ( -1.000000000000000000, 0.000000000000000000, 0.000000000000000000 ) ) ;
#1329 = FILL_AREA_STYLE ('',( #369 ) ) ;
#1330 = DIRECTION ( 'NONE',  ( 0.000000000000000000, 0.000000000000000000, 1.000000000000000000 ) ) ;
#1331 = MECHANICAL_DESIGN_GEOMETRIC_PRESENTATION_REPRESENTATION (  '', ( #1374 ), #379 ) ;
#1332 = VECTOR ( 'NONE', #777, 1000.000000000000000 ) ;
#1333 = ORIENTED_EDGE ( 'NONE', *, *, #560, .T. ) ;
#1334 = FILL_AREA_STYLE ('',( #1191 ) ) ;
#1335 = VECTOR ( 'NONE', #618, 1000.000000000000000 ) ;
#1336 = CLOSED_SHELL ( 'NONE', ( #1166, #1558, #743, #86, #969, #44, #168 ) ) ;
#1337 = CARTESIAN_POINT ( 'NONE',  ( -1.467782756821125911, 0.5627499999999998614, 0.1516592634720195232 ) ) ;
#1338 =( NAMED_UNIT ( * ) PLANE_ANGLE_UNIT ( ) SI_UNIT ( $, .RADIAN. ) );
#1339 = CARTESIAN_POINT ( 'NONE',  ( 1.100000000000000089, -0.3875000000000000111, 0.3049999999999999933 ) ) ;
#1340 = EDGE_CURVE ( 'NONE', #881, #739, #592, .T. ) ;
#1341 = DIRECTION ( 'NONE',  ( 0.000000000000000000, -1.000000000000000000, 0.000000000000000000 ) ) ;
#1342 = ORIENTED_EDGE ( 'NONE', *, *, #1119, .F. ) ;
#1343 = DIRECTION ( 'NONE',  ( 2.168404344971010101E-16, 0.000000000000000000, -1.000000000000000000 ) ) ;
#1344 = PLANE ( 'NONE',  #522 ) ;
#1345 = EDGE_CURVE ( 'NONE', #804, #1450, #1283, .T. ) ;
#1346 = CARTESIAN_POINT ( 'NONE',  ( -1.600000000000000089, -0.3775000000000000022, 1.250000000000000000 ) ) ;
#1347 = CARTESIAN_POINT ( 'NONE',  ( -1.000000000000000000, -0.3875000000000000111, -0.3049999999999999933 ) ) ;
#1348 = CARTESIAN_POINT ( 'NONE',  ( 1.600000000000000089, -0.3875000000000000111, -0.4049999999999999711 ) ) ;
#1349 =( GEOMETRIC_REPRESENTATION_CONTEXT ( 3 ) GLOBAL_UNCERTAINTY_ASSIGNED_CONTEXT ( ( #185 ) ) GLOBAL_UNIT_ASSIGNED_CONTEXT ( ( #700, #199, #1416 ) ) REPRESENTATION_CONTEXT ( 'NONE', 'WORKASPACE' ) );
#1350 = EDGE_CURVE ( 'NONE', #488, #1044, #1421, .T. ) ;
#1351 = B_SPLINE_CURVE_WITH_KNOTS ( 'NONE', 3,
 ( #758, #27, #532, #1141 ),
 .UNSPECIFIED., .F., .F.,
 ( 4, 4 ),
 ( 0.000000000000000000, 1.000000000000000000 ),
 .UNSPECIFIED. ) ;
#1352 =( NAMED_UNIT ( * ) PLANE_ANGLE_UNIT ( ) SI_UNIT ( $, .RADIAN. ) );
#1353 = STYLED_ITEM ( 'NONE', ( #1494 ), #1166 ) ;
#1354 = ADVANCED_FACE ( 'NONE', ( #1547 ), #357, .F. ) ;
#1355 = ORIENTED_EDGE ( 'NONE', *, *, #262, .T. ) ;
#1356 = LINE ( 'NONE', #995, #590 ) ;
#1357 = ORIENTED_EDGE ( 'NONE', *, *, #1350, .T. ) ;
#1358 = VECTOR ( 'NONE', #634, 1000.000000000000000 ) ;
#1359 = DIRECTION ( 'NONE',  ( 0.000000000000000000, -1.000000000000000000, 0.000000000000000000 ) ) ;
#1360 = DIRECTION ( 'NONE',  ( -5.132317976262739820E-16, 0.000000000000000000, -1.000000000000000000 ) ) ;
#1361 = CARTESIAN_POINT ( 'NONE',  ( 1.600000000000000089, -0.3775000000000000022, 1.250000000000000000 ) ) ;
#1362 = ORIENTED_EDGE ( 'NONE', *, *, #1142, .F. ) ;
#1363 = PRODUCT ( 'LFCV-1552+', 'LFCV-1552+', '', ( #381 ) ) ;
#1364 = EDGE_CURVE ( 'NONE', #813, #640, #847, .T. ) ;
#1365 = DIRECTION ( 'NONE',  ( 0.000000000000000000, 0.000000000000000000, -1.000000000000000000 ) ) ;
#1366 = LINE ( 'NONE', #1140, #710 ) ;
#1367 = PLANE ( 'NONE',  #1235 ) ;
#1368 = AXIS2_PLACEMENT_3D ( 'NONE', #1019, #1496, #1474 ) ;
#1369 = LINE ( 'NONE', #915, #239 ) ;
#1370 = ADVANCED_FACE ( 'NONE', ( #85 ), #1160, .F. ) ;
#1371 = CARTESIAN_POINT ( 'NONE',  ( -1.600000000000000089, -0.3875000000000000111, 0.07500000000000001110 ) ) ;
#1372 = EDGE_LOOP ( 'NONE', ( #276, #1265, #455, #472 ) ) ;
#1373 = CARTESIAN_POINT ( 'NONE',  ( -1.600000000000000089, -0.3824999999999999512, 1.250000000000000000 ) ) ;
#1374 = STYLED_ITEM ( 'NONE', ( #375 ), #707 ) ;
#1375 = COLOUR_RGB ( '',0.9019607843137255054, 0.7098039215686274828, 0.4392156862745097978 ) ;
#1376 = COLOUR_RGB ( '',0.9019607843137255054, 0.7098039215686274828, 0.4392156862745097978 ) ;
#1377 = DIRECTION ( 'NONE',  ( 0.000000000000000000, 0.000000000000000000, -1.000000000000000000 ) ) ;
#1378 = DIRECTION ( 'NONE',  ( 0.000000000000000000, 0.000000000000000000, -1.000000000000000000 ) ) ;
#1379 = ORIENTED_EDGE ( 'NONE', *, *, #1345, .T. ) ;
#1380 = EDGE_CURVE ( 'NONE', #1193, #343, #1409, .T. ) ;
#1381 = PLANE ( 'NONE',  #1391 ) ;
#1382 = LINE ( 'NONE', #144, #415 ) ;
#1383 = EDGE_CURVE ( 'NONE', #903, #1031, #542, .T. ) ;
#1384 = AXIS2_PLACEMENT_3D ( 'NONE', #965, #492, #586 ) ;
#1385 = CARTESIAN_POINT ( 'NONE',  ( 1.100000000000000089, -0.3875000000000000111, -0.3049999999999999933 ) ) ;
#1386 = CARTESIAN_POINT ( 'NONE',  ( 1.600000000000000089, -0.3575000000000000400, -1.250000000000000000 ) ) ;
#1387 = ORIENTED_EDGE ( 'NONE', *, *, #262, .F. ) ;
#1388 = CARTESIAN_POINT ( 'NONE',  ( 1.100000000000000089, -0.3775000000000000022, 0.3049999999999999933 ) ) ;
#1389 = SURFACE_STYLE_USAGE ( .BOTH. , #175 ) ;
#1390 = EDGE_CURVE ( 'NONE', #442, #186, #177, .T. ) ;
#1391 = AXIS2_PLACEMENT_3D ( 'NONE', #41, #770, #1266 ) ;
#1392 = DIRECTION ( 'NONE',  ( 1.000000000000000000, 0.000000000000000000, 0.000000000000000000 ) ) ;
#1393 = ORIENTED_EDGE ( 'NONE', *, *, #1525, .T. ) ;
#1394 =( LENGTH_UNIT ( ) NAMED_UNIT ( * ) SI_UNIT ( .MILLI., .METRE. ) );
#1395 = ORIENTED_EDGE ( 'NONE', *, *, #1145, .T. ) ;
#1396 = CARTESIAN_POINT ( 'NONE',  ( -1.600000000000000089, -0.3575000000000000400, 1.250000000000000000 ) ) ;
#1397 = UNCERTAINTY_MEASURE_WITH_UNIT (LENGTH_MEASURE( 1.000000000000000082E-05 ), #759, 'distance_accuracy_value', 'NONE');
#1398 = DIRECTION ( 'NONE',  ( -1.000000000000000000, 0.000000000000000000, -3.252606517456514781E-16 ) ) ;
#1399 = CARTESIAN_POINT ( 'NONE',  ( -1.000000000000000000, -0.3875000000000000111, -0.3049999999999999933 ) ) ;
#1400 = CARTESIAN_POINT ( 'NONE',  ( -1.600000000000000089, -0.3875000000000000111, -1.250000000000000000 ) ) ;
#1401 = VECTOR ( 'NONE', #1554, 1000.000000000000000 ) ;
#1402 = AXIS2_PLACEMENT_3D ( 'NONE', #370, #1465, #1106 ) ;
#1403 = ORIENTED_EDGE ( 'NONE', *, *, #1085, .T. ) ;
#1404 = VERTEX_POINT ( 'NONE', #1517 ) ;
#1405 = PRESENTATION_LAYER_ASSIGNMENT (  '', '', ( #1353 ) ) ;
#1406 = ORIENTED_EDGE ( 'NONE', *, *, #289, .F. ) ;
#1407 = CARTESIAN_POINT ( 'NONE',  ( -1.600000000000000089, -0.3875000000000000111, -1.250000000000000000 ) ) ;
#1408 = FACE_OUTER_BOUND ( 'NONE', #314, .T. ) ;
#1409 = LINE ( 'NONE', #787, #854 ) ;
#1410 = ORIENTED_EDGE ( 'NONE', *, *, #905, .T. ) ;
#1411 = EDGE_CURVE ( 'NONE', #435, #789, #399, .T. ) ;
#1412 = DIRECTION ( 'NONE',  ( 1.000000000000000000, 0.000000000000000000, 0.000000000000000000 ) ) ;
#1413 = FACE_OUTER_BOUND ( 'NONE', #1227, .T. ) ;
#1414 = EDGE_LOOP ( 'NONE', ( #34, #1289, #478, #940 ) ) ;
#1415 = CARTESIAN_POINT ( 'NONE',  ( -0.8820642220326490035, 0.5627499999999998614, -0.1516592634720195232 ) ) ;
#1416 =( NAMED_UNIT ( * ) SI_UNIT ( $, .STERADIAN. ) SOLID_ANGLE_UNIT ( ) );
#1417 = UNCERTAINTY_MEASURE_WITH_UNIT (LENGTH_MEASURE( 1.000000000000000082E-05 ), #1442, 'distance_accuracy_value', 'NONE');
#1418 = DIRECTION ( 'NONE',  ( 0.000000000000000000, 0.000000000000000000, 1.000000000000000000 ) ) ;
#1419 = AXIS2_PLACEMENT_3D ( 'NONE', #124, #1102, #4 ) ;
#1420 = ORIENTED_EDGE ( 'NONE', *, *, #662, .F. ) ;
#1421 = LINE ( 'NONE', #330, #591 ) ;
#1422 = ORIENTED_EDGE ( 'NONE', *, *, #753, .F. ) ;
#1423 = CARTESIAN_POINT ( 'NONE',  ( 1.350000000000000089, -0.3875000000000000111, -0.07500000000000001110 ) ) ;
#1424 = EDGE_CURVE ( 'NONE', #804, #853, #1040, .T. ) ;
#1425 = VERTEX_POINT ( 'NONE', #1169 ) ;
#1426 = CARTESIAN_POINT ( 'NONE',  ( 1.600000000000000089, 0.5374999999999999778, 1.250000000000000000 ) ) ;
#1427 = CARTESIAN_POINT ( 'NONE',  ( 1.600000000000000089, 0.5624999999999998890, 1.250000000000000000 ) ) ;
#1428 = FILL_AREA_STYLE_COLOUR ( '', #794 ) ;
#1429 = EDGE_LOOP ( 'NONE', ( #1234, #983, #1055, #329 ) ) ;
#1430 = VECTOR ( 'NONE', #825, 1000.000000000000000 ) ;
#1431 = SURFACE_SIDE_STYLE ('',( #88 ) ) ;
#1432 = FACE_OUTER_BOUND ( 'NONE', #732, .T. ) ;
#1433 = ORIENTED_EDGE ( 'NONE', *, *, #773, .T. ) ;
#1434 = MANIFOLD_SOLID_BREP ( 'Combine1', #597 ) ;
#1435 = VERTEX_POINT ( 'NONE', #1361 ) ;
#1436 =( LENGTH_UNIT ( ) NAMED_UNIT ( * ) SI_UNIT ( .MILLI., .METRE. ) );
#1437 = VECTOR ( 'NONE', #363, 1000.000000000000000 ) ;
#1438 = CARTESIAN_POINT ( 'NONE',  ( 1.600000000000000089, -0.3875000000000000111, 0.07500000000000001110 ) ) ;
#1439 = EDGE_CURVE ( 'NONE', #640, #81, #1527, .T. ) ;
#1440 = VECTOR ( 'NONE', #1067, 1000.000000000000000 ) ;
#1441 = ORIENTED_EDGE ( 'NONE', *, *, #1380, .F. ) ;
#1442 =( LENGTH_UNIT ( ) NAMED_UNIT ( * ) SI_UNIT ( .MILLI., .METRE. ) );
#1443 = LINE ( 'NONE', #1541, #470 ) ;
#1444 = ORIENTED_EDGE ( 'NONE', *, *, #1515, .T. ) ;
#1445 = MANIFOLD_SOLID_BREP ( 'NONE', #318 ) ;
#1446 = EDGE_LOOP ( 'NONE', ( #368, #1152, #1326, #1066 ) ) ;
#1447 = PRESENTATION_STYLE_ASSIGNMENT (( #485 ) ) ;
#1448 = PLANE ( 'NONE',  #656 ) ;
#1449 = EDGE_CURVE ( 'NONE', #1090, #435, #1014, .T. ) ;
#1450 = VERTEX_POINT ( 'NONE', #752 ) ;
#1451 = DIRECTION ( 'NONE',  ( 0.000000000000000000, -1.000000000000000000, 0.000000000000000000 ) ) ;
#1452 = AXIS2_PLACEMENT_3D ( 'NONE', #1275, #1027, #626 ) ;
#1453 = ORIENTED_EDGE ( 'NONE', *, *, #1094, .T. ) ;
#1454 = MANIFOLD_SOLID_BREP ( 'NONE', #515 ) ;
#1455 = PLANE ( 'NONE',  #469 ) ;
#1456 = DIRECTION ( 'NONE',  ( 1.000000000000000000, 0.000000000000000000, 0.000000000000000000 ) ) ;
#1457 = DIRECTION ( 'NONE',  ( 0.000000000000000000, 0.000000000000000000, 1.000000000000000000 ) ) ;
#1458 = EDGE_LOOP ( 'NONE', ( #1167, #158, #1433, #589 ) ) ;
#1459 = PLANE ( 'NONE',  #1103 ) ;
#1460 =( NAMED_UNIT ( * ) SI_UNIT ( $, .STERADIAN. ) SOLID_ANGLE_UNIT ( ) );
#1461 = PRESENTATION_LAYER_ASSIGNMENT (  '', '', ( #1213 ) ) ;
#1462 = VECTOR ( 'NONE', #1559, 1000.000000000000000 ) ;
#1463 = ORIENTED_EDGE ( 'NONE', *, *, #347, .F. ) ;
#1464 = CIRCLE ( 'NONE', #900, 0.09999999999999999167 ) ;
#1465 = DIRECTION ( 'NONE',  ( 0.000000000000000000, 0.000000000000000000, 1.000000000000000000 ) ) ;
#1466 = FACE_OUTER_BOUND ( 'NONE', #408, .T. ) ;
#1467 = CARTESIAN_POINT ( 'NONE',  ( 1.000000000000000000, -0.3875000000000000111, 0.3049999999999999933 ) ) ;
#1468 = ORIENTED_EDGE ( 'NONE', *, *, #727, .F. ) ;
#1469 = FILL_AREA_STYLE ('',( #516 ) ) ;
#1470 = EDGE_CURVE ( 'NONE', #1109, #1202, #305, .T. ) ;
#1471 = ORIENTED_EDGE ( 'NONE', *, *, #1151, .F. ) ;
#1472 = CARTESIAN_POINT ( 'NONE',  ( -1.100000000000000089, -0.3775000000000000022, -0.4049999999999999711 ) ) ;
#1473 = SURFACE_SIDE_STYLE ('',( #1222 ) ) ;
#1474 = DIRECTION ( 'NONE',  ( 0.000000000000000000, 1.000000000000000000, 0.000000000000000000 ) ) ;
#1475 = FACE_OUTER_BOUND ( 'NONE', #1567, .T. ) ;
#1476 = CARTESIAN_POINT ( 'NONE',  ( -1.600000000000000089, -0.3875000000000000111, 1.250000000000000000 ) ) ;
#1477 = AXIS2_PLACEMENT_3D ( 'NONE', #579, #1076, #966 ) ;
#1478 = AXIS2_PLACEMENT_3D ( 'NONE', #1127, #1377, #380 ) ;
#1479 = VECTOR ( 'NONE', #694, 1000.000000000000000 ) ;
#1480 = CARTESIAN_POINT ( 'NONE',  ( 1.350000000000000089, -0.3875000000000000111, -0.07500000000000001110 ) ) ;
#1481 = PLANE ( 'NONE',  #1478 ) ;
#1482 = VERTEX_POINT ( 'NONE', #1426 ) ;
#1483 = CARTESIAN_POINT ( 'NONE',  ( -1.350000000000000089, -0.3775000000000000022, -0.07500000000000001110 ) ) ;
#1484 = VECTOR ( 'NONE', #1022, 1000.000000000000000 ) ;
#1485 = FACE_OUTER_BOUND ( 'NONE', #1487, .T. ) ;
#1486 = LINE ( 'NONE', #1480, #1134 ) ;
#1487 = EDGE_LOOP ( 'NONE', ( #30, #842, #537, #598 ) ) ;
#1488 = DIRECTION ( 'NONE',  ( -1.000000000000000000, 0.000000000000000000, 0.000000000000000000 ) ) ;
#1489 = DIRECTION ( 'NONE',  ( -1.000000000000000000, 0.000000000000000000, 0.000000000000000000 ) ) ;
#1490 = VECTOR ( 'NONE', #1097, 1000.000000000000000 ) ;
#1491 = ORIENTED_EDGE ( 'NONE', *, *, #201, .T. ) ;
#1492 = EDGE_CURVE ( 'NONE', #114, #1259, #1186, .T. ) ;
#1493 = CARTESIAN_POINT ( 'NONE',  ( -1.000000000000000000, -0.3775000000000000022, 0.3049999999999999933 ) ) ;
#1494 = PRESENTATION_STYLE_ASSIGNMENT (( #902 ) ) ;
#1495 = ORIENTED_EDGE ( 'NONE', *, *, #126, .F. ) ;
#1496 = DIRECTION ( 'NONE',  ( 1.000000000000000000, 0.000000000000000000, 0.000000000000000000 ) ) ;
#1497 = DIRECTION ( 'NONE',  ( 1.000000000000000000, 0.000000000000000000, 0.000000000000000000 ) ) ;
#1498 = CARTESIAN_POINT ( 'NONE',  ( 1.100000000000000089, -0.3875000000000000111, -0.4049999999999999711 ) ) ;
#1499 = STYLED_ITEM ( 'NONE', ( #807 ), #1454 ) ;
#1500 = CARTESIAN_POINT ( 'NONE',  ( 0.000000000000000000, 0.5624999999999998890, 0.000000000000000000 ) ) ;
#1501 = UNCERTAINTY_MEASURE_WITH_UNIT (LENGTH_MEASURE( 1.000000000000000082E-05 ), #75, 'distance_accuracy_value', 'NONE');
#1502 = LINE ( 'NONE', #300, #1155 ) ;
#1503 = ORIENTED_EDGE ( 'NONE', *, *, #223, .F. ) ;
#1504 = DIRECTION ( 'NONE',  ( 0.000000000000000000, -1.000000000000000000, 0.000000000000000000 ) ) ;
#1505 = ADVANCED_FACE ( 'NONE', ( #110 ), #956, .T. ) ;
#1506 = LINE ( 'NONE', #56, #908 ) ;
#1507 = DIRECTION ( 'NONE',  ( 1.000000000000000000, 0.000000000000000000, 0.000000000000000000 ) ) ;
#1508 = STYLED_ITEM ( 'NONE', ( #1447 ), #743 ) ;
#1509 = FACE_OUTER_BOUND ( 'NONE', #378, .T. ) ;
#1510 = ORIENTED_EDGE ( 'NONE', *, *, #1175, .F. ) ;
#1511 = LINE ( 'NONE', #45, #958 ) ;
#1512 = ORIENTED_EDGE ( 'NONE', *, *, #551, .T. ) ;
#1513 =( NAMED_UNIT ( * ) PLANE_ANGLE_UNIT ( ) SI_UNIT ( $, .RADIAN. ) );
#1514 = DIRECTION ( 'NONE',  ( 0.000000000000000000, 0.000000000000000000, 1.000000000000000000 ) ) ;
#1515 = EDGE_CURVE ( 'NONE', #450, #1078, #838, .T. ) ;
#1516 = VECTOR ( 'NONE', #1004, 1000.000000000000000 ) ;
#1517 = CARTESIAN_POINT ( 'NONE',  ( -1.600000000000000089, -0.3875000000000000111, -0.4049999999999999711 ) ) ;
#1518 = ORIENTED_EDGE ( 'NONE', *, *, #1309, .F. ) ;
#1519 = LINE ( 'NONE', #39, #772 ) ;
#1520 = ORIENTED_EDGE ( 'NONE', *, *, #690, .F. ) ;
#1521 = CARTESIAN_POINT ( 'NONE',  ( 1.600000000000000089, -0.3775000000000000022, 0.4049999999999999711 ) ) ;
#1522 = PRODUCT_DEFINITION_CONTEXT ( 'detailed design', #775, 'design' ) ;
#1523 = ORIENTED_EDGE ( 'NONE', *, *, #815, .F. ) ;
#1524 = CARTESIAN_POINT ( 'NONE',  ( -1.467782756821125911, 0.5627499999999998614, -0.1516592634720195232 ) ) ;
#1525 = EDGE_CURVE ( 'NONE', #840, #1135, #1195, .T. ) ;
#1526 =( NAMED_UNIT ( * ) SI_UNIT ( $, .STERADIAN. ) SOLID_ANGLE_UNIT ( ) );
#1527 = LINE ( 'NONE', #1295, #1277 ) ;
#1528 = AXIS2_PLACEMENT_3D ( 'NONE', #1057, #1204, #1456 ) ;
#1529 = EDGE_LOOP ( 'NONE', ( #661, #1161, #1104, #711 ) ) ;
#1530 = DIRECTION ( 'NONE',  ( 0.000000000000000000, 0.000000000000000000, 1.000000000000000000 ) ) ;
#1531 = DIRECTION ( 'NONE',  ( 0.000000000000000000, 0.000000000000000000, -1.000000000000000000 ) ) ;
#1532 = ORIENTED_EDGE ( 'NONE', *, *, #1006, .F. ) ;
#1533 = DIRECTION ( 'NONE',  ( 0.000000000000000000, -1.000000000000000000, 0.000000000000000000 ) ) ;
#1534 = ORIENTED_EDGE ( 'NONE', *, *, #233, .F. ) ;
#1535 = FACE_OUTER_BOUND ( 'NONE', #1429, .T. ) ;
#1536 = DIRECTION ( 'NONE',  ( 0.000000000000000000, 1.000000000000000000, 0.000000000000000000 ) ) ;
#1537 = AXIS2_PLACEMENT_3D ( 'NONE', #1388, #943, #1165 ) ;
#1538 = CLOSED_SHELL ( 'NONE', ( #897, #785, #389, #1327, #625, #788 ) ) ;
#1539 = EDGE_CURVE ( 'NONE', #127, #1281, #344, .T. ) ;
#1540 = ORIENTED_EDGE ( 'NONE', *, *, #997, .F. ) ;
#1541 = CARTESIAN_POINT ( 'NONE',  ( 1.350000000000000089, -0.3875000000000000111, 0.07499999999999992784 ) ) ;
#1542 = DIRECTION ( 'NONE',  ( 0.000000000000000000, -1.000000000000000000, 0.000000000000000000 ) ) ;
#1543 = ORIENTED_EDGE ( 'NONE', *, *, #418, .F. ) ;
#1544 = CARTESIAN_POINT ( 'NONE',  ( -1.600000000000000089, -0.3875000000000000111, 0.4049999999999999711 ) ) ;
#1545 = LINE ( 'NONE', #749, #14 ) ;
#1546 = ORIENTED_EDGE ( 'NONE', *, *, #1492, .F. ) ;
#1547 = FACE_OUTER_BOUND ( 'NONE', #430, .T. ) ;
#1548 = VERTEX_POINT ( 'NONE', #466 ) ;
#1549 = ORIENTED_EDGE ( 'NONE', *, *, #162, .F. ) ;
#1550 = CARTESIAN_POINT ( 'NONE',  ( -1.600000000000000089, -0.3575000000000000400, -1.250000000000000000 ) ) ;
#1551 = FACE_OUTER_BOUND ( 'NONE', #1458, .T. ) ;
#1552 = CARTESIAN_POINT ( 'NONE',  ( -1.600000000000000089, -0.3875000000000000111, 0.1000000000000000056 ) ) ;
#1553 = ORIENTED_EDGE ( 'NONE', *, *, #864, .T. ) ;
#1554 = DIRECTION ( 'NONE',  ( -5.132317976262739820E-16, 0.000000000000000000, -1.000000000000000000 ) ) ;
#1555 = EDGE_LOOP ( 'NONE', ( #1081, #1088, #1333, #756 ) ) ;
#1556 = PLANE ( 'NONE',  #339 ) ;
#1557 = VECTOR ( 'NONE', #1457, 1000.000000000000000 ) ;
#1558 = ADVANCED_FACE ( 'NONE', ( #1083 ), #94, .F. ) ;
#1559 = DIRECTION ( 'NONE',  ( 1.000000000000000000, 0.000000000000000000, -3.252606517456514781E-16 ) ) ;
#1560 = VECTOR ( 'NONE', #1531, 1000.000000000000000 ) ;
#1561 = VECTOR ( 'NONE', #878, 1000.000000000000000 ) ;
#1562 = EDGE_LOOP ( 'NONE', ( #120, #203, #331, #139 ) ) ;
#1563 = LINE ( 'NONE', #477, #1401 ) ;
#1564 = EDGE_LOOP ( 'NONE', ( #1441, #476, #1518, #1495 ) ) ;
#1565 = DIRECTION ( 'NONE',  ( 0.000000000000000000, -1.000000000000000000, 0.000000000000000000 ) ) ;
#1566 = ADVANCED_FACE ( 'NONE', ( #1551 ), #1448, .F. ) ;
#1567 = EDGE_LOOP ( 'NONE', ( #51, #1025, #846, #1050 ) ) ;
#1568 = MECHANICAL_DESIGN_GEOMETRIC_PRESENTATION_REPRESENTATION (  '', ( #1041 ), #1246 ) ;
#1569 = CARTESIAN_POINT ( 'NONE',  ( -1.600000000000000089, 0.5624999999999998890, -1.250000000000000000 ) ) ;
#1570 = LINE ( 'NONE', #587, #769 ) ;
#1571 = DIRECTION ( 'NONE',  ( 1.000000000000000000, 0.000000000000000000, 0.000000000000000000 ) ) ;
ENDSEC;
END-ISO-10303-21;
